,X0,X1,X2,X3,X4,X5,X6,X7,X8,X9,X10,X11,X12,X13,X14,X15,X16,X17,X18,X19
2021-01-01 00:00:00,0.0,0.0,0.0,0.0,0.0,0.0,0.0,0.0,0.0,0.0,0.0,0.0,0.0,0.0,0.0,0.0,0.0,0.0,0.0,0.0
2021-01-01 01:00:00,0.005252082726084483,0.024727888140917045,0.026951621103271737,-0.022359546976148344,-0.029461587197240856,0.028038678897586156,-0.007013604809533955,0.01207115942088368,-0.02443098060960228,0.02729005100166918,-0.00889422297587158,-0.029470069655885337,-0.01576513209139421,0.024170094087313937,0.006055901934068937,-0.0195670303798515,0.052674662576017835,0.054966337184374554,0.037385277047779254,0.035397768358311016
2021-01-01 02:00:00,0.027888096448392716,-0.03284015865801775,0.06281325019506352,-0.02429849415581491,-0.024961536913121717,0.00793665533750932,-0.027353343298381877,0.03379091102730798,-0.059575928225092806,0.030614709533102406,-0.04133961625469366,-0.04130192280720699,0.028095622457745034,0.013593124572460214,-0.03236895192888198,-0.030601057217537673,0.05558510875259666,0.08250195263889809,0.046550684548046325,0.018346145866420305
2021-01-01 03:00:00,-0.006903230590668684,-0.060265645994205995,0.03470522894442804,-0.011601819439971354,-0.0231573395466344,-0.018952612065562056,0.003917654660410982,0.04304798418975522,-0.005327344222821995,0.018584828978590706,-0.049878391010437374,-0.07720468446003384,0.015227468230174339,-0.01489386695451774,-0.046688007678042764,-0.023596869846333524,0.07625734414817235,0.04585493762876347,0.04102304354140206,-0.013725252121980565
2021-01-01 04:00:00,0.041263109899751994,-0.051675207732763476,-0.02196037391153873,0.007861223612344741,0.0010673022464972731,-0.053170657595648124,0.0418262994351289,-0.0029192030943564554,0.03118716166609695,0.0032371005560822234,-0.06946768408023009,-0.15025681067019878,-0.005190323606076783,-0.03519596060180483,-0.033748098110959565,-0.08409120753642581,0.09161708102287827,0.07808590184791867,0.07796213257710474,-0.02114138858641376
2021-01-01 05:00:00,0.09777839641700638,-0.0486574311280249,-0.020097034424435355,0.0031606093866763177,-0.025867739770859155,-0.07214260328007614,0.06904168359095696,-0.07312138070288596,0.04149766214539596,-0.037648511348033306,-0.0423380399691069,-0.19204542476686953,0.0014735705737587519,-0.05392977795340277,-0.026194931926408708,-0.060604657242318255,0.12349094266540006,0.08068270787559804,0.04402071436546733,-0.007783656040652587
2021-01-01 06:00:00,0.11339713873432677,-0.032410061663731574,-0.027549212453835053,0.013958893941684848,-0.0047136843083427984,-0.07035691568964636,0.08150220604740813,-0.08330557750683093,0.04700928247294975,-0.008039081879330872,-0.023168048679865764,-0.15519058200071903,0.01975113993908797,-0.05342789017723927,-0.08797011901102346,-0.052347104319696594,0.14078273630762833,0.07179764175972266,0.035178887589111994,0.03330328869689344
2021-01-01 07:00:00,0.10576529333257921,0.022775780409916194,0.012304471018775343,0.043978560508298487,-0.02091840075897039,-0.07002298460976414,0.08150087929376727,-0.09966087431397726,0.10515405253627613,-0.022530708770986653,-0.0020499719177690286,-0.08555065071936357,0.03505657208636698,-0.03305289921079996,-0.07210014618749112,-0.07101098207206168,0.1675922192776279,0.06074811773824635,0.05275253054852477,0.04713957523103044
2021-01-01 08:00:00,0.11503917958185764,0.10124981790677184,0.0021624700089063163,0.057603745425062226,-0.036198953647365376,-0.07941195896362098,0.11326619790778325,-0.11753590984253023,0.10075428325383944,-0.03575403561381163,0.05736305655290411,-0.09300483550251741,0.041771283260569905,0.013637573094385007,-0.07357960745368824,-0.04443816451217583,0.12997871304582737,0.06387007529941385,0.006038276287299561,0.04106270030168466
2021-01-01 09:00:00,0.10609512610723572,0.05197774764879886,-0.02954399027584022,0.06677626908580639,-0.05786099571175982,-0.08843506588704952,0.11789728082476769,-0.12176459625613467,0.14875568326939545,-0.04340503329621547,0.12779885062100568,-0.07178838188993467,0.04281246728814953,-0.015272373019436274,-0.10464507276750115,-0.03415790462216436,0.16605549018674085,0.06565348093760269,-0.013016533050906172,0.03984900446620901
2021-01-01 10:00:00,0.10591401898901306,0.03421103926910042,-0.04468987512137397,0.07104905725400378,-0.05192481982233411,-0.08232935433051021,0.07228849505003254,-0.10995666381788176,0.15288974188841475,-0.029872780624809383,0.1785012541790915,-0.10767818432381912,0.08111273501375127,-0.030806014085705293,-0.09240260985610316,0.0026091727572915974,0.1857451884114844,0.05034078568991751,-0.012619109846658755,0.037085378272384006
2021-01-01 11:00:00,0.13971566508797326,-0.06751510605048683,-0.0040326067430227625,0.017862267192316712,-0.07911304542421398,-0.11508496124494824,0.09156595515106718,-0.12310909336300414,0.2058997967000393,-0.09695198871152727,0.20001901671675165,-0.10375410282353992,0.10979082382921582,-0.01295435748065265,-0.12354622318394581,0.006765478803886836,0.17701011412662532,-0.0007505162027145879,-0.0005948776942743348,0.01484220042823291
2021-01-01 12:00:00,0.1640585722350838,-0.030963575060029676,0.0232494990860233,-0.0011650919881588916,-0.05853226484131695,-0.11922027098833754,0.10329592328250513,-0.10056906827575215,0.1937633395713862,-0.07105753837375244,0.1572429420493151,-0.07734523145061989,0.13322774599556578,-0.04735859275547069,-0.14066581192410513,0.04567214827727833,0.13558784412790525,-0.007329976061974616,0.008530416639382825,0.03680188814819007
2021-01-01 13:00:00,0.16230026232463038,-0.021201174455358074,-0.009973702335805402,-0.0028810896902034012,-0.05425620243768902,-0.13051267608900807,0.1241452862507395,-0.13183398263375581,0.17162985928323826,-0.04036461411970913,0.19511162655621977,-0.07953580355680168,0.12937447908729113,-0.13844778820714065,-0.17806071450332037,0.025034744134521014,0.08298053695766838,0.07282454683052518,-0.008102357985378443,0.04312945524598452
2021-01-01 14:00:00,0.16102165014059433,-0.05550454293400857,-0.020090948836478974,0.0011471690327583112,-0.00630677098106136,-0.10498008313158753,0.12493059893594217,-0.07394919237449868,0.1684406195493813,-0.044924043989875595,0.20513770501488487,-0.04313633652319093,0.14591467931558355,-0.14144420027905596,-0.1324292405006314,-0.03065117189788609,0.08701104679120127,0.0658868405272525,4.860876934701698e-05,0.008760932405050645
2021-01-01 15:00:00,0.1765452493569716,-0.07526469694773856,0.009115184814491556,0.02867230554211292,-0.01829382254850988,-0.06527023710259566,0.10686281241363932,-0.1167784595139029,0.18635788475046017,-0.06517221000664816,0.18336693615087143,-0.08859091525872709,0.12697255523160836,-0.07665419191818679,-0.11729845248463304,-0.00790195650566557,0.12093721045917824,0.13538215556928787,-0.004615261199617693,-0.03412091301526161
2021-01-01 16:00:00,0.15056859049693977,-0.16859937051008547,-0.023450817134932085,-0.0007358908442629992,-0.02755217577340384,-0.06704007976386668,0.09025994958855327,-0.11576451044931609,0.18378789094672132,-0.06083643237737034,0.13673651328430567,-0.1463800876715677,0.14252060610457662,-0.03645211526485914,-0.11495667059406736,-0.058036041139131446,0.20067627647286523,0.20069010818206137,-0.006653095948687076,-0.04490635998567625
2021-01-01 17:00:00,0.1646398909640988,-0.13276127508605984,-0.0483110919233742,-0.016512435577459367,0.018863802002695128,-0.05554240061597383,0.11948241319612211,-0.12587114133691238,0.20398029263843365,-0.05822944482146001,0.21705135980867374,-0.13989786801245738,0.21337765452263002,-0.02533133918691034,-0.1748588187305019,-0.05490506893757306,0.17042787505306004,0.21201161155638543,-0.07377407002410759,-0.08358079853354358
2021-01-01 18:00:00,0.16730718510294976,-0.11624729511779452,-0.10179946855871291,-0.013375310865251113,0.010755423777504018,-0.0019231716277984742,0.20067488709766096,-0.15081450687271047,0.2045235908225509,-0.08953464657065177,0.21861003184935995,-0.10549135995832282,0.2277704236794962,-0.02775059767429666,-0.2051357852950148,-0.020104486991643855,0.18488611266578603,0.21589370765512045,-0.11237134340185545,-0.0856253192056424
2021-01-01 19:00:00,0.18120575085496163,-0.09866504059066646,-0.0879818530501336,0.05848407657408555,0.034700904782252955,0.01668195402122867,0.20528234877218612,-0.19556020220513237,0.16573941084693022,-0.1177894639004285,0.19914484524544626,-0.07023790005904908,0.2528737257583751,-0.038110508102241196,-0.20645792723793366,0.0437984983668709,0.16339866332694114,0.17600211492074963,-0.1123932053524177,-0.04568512220324508
2021-01-01 20:00:00,0.20095527076650116,-0.1363216005414628,-0.04029305092401575,0.05298144601053818,0.051330585967524156,-0.0394236267620759,0.16117808633496802,-0.2313773254539072,0.1499434656806704,-0.16167916629332563,0.20444059018244828,-0.06725941829068592,0.25746313880303856,-0.05791097942773373,-0.21033317495767997,0.046953996677678786,0.13790308278750368,0.1763990046826138,-0.12372014935665394,-0.05232833504020201
2021-01-01 21:00:00,0.20571474702944384,-0.1429090946572503,-0.08209430251008411,0.05998536337518731,0.04429443774079212,0.0018536058887015164,0.15984813982054563,-0.22773400833416055,0.08385460051006086,-0.17094154059787728,0.1807364778384706,-0.04725179011122058,0.26121746965913395,-0.055111153648757544,-0.1611301283609309,0.05461156418987216,0.17657749228256334,0.1385654295287802,-0.1262863346381392,-0.07995835322248876
2021-01-01 22:00:00,0.2069808402930289,-0.15627121249929848,-0.09095885977315406,0.08450042348994669,0.055615341029282034,0.001146902333251638,0.1799844897207808,-0.2170360912207689,0.06095740011822893,-0.14307223122502502,0.26605992303926346,-0.06659770467890899,0.29158577358590926,-0.07112313140195578,-0.15753412168280584,0.07168389608483995,0.19293791187572082,0.07377141976472176,-0.12926760735789194,-0.08028203052875596
2021-01-01 23:00:00,0.26240119722232047,-0.12135668947311991,-0.11056064590232892,0.11149855476507639,0.04835112087267166,-0.002360729460630767,0.1325236225474058,-0.21751907760461492,0.05025436353596144,-0.17647095407987337,0.2616906062179418,-0.0590058219658475,0.28339124166272517,-0.16265250190617406,-0.1911171832764447,0.03804078798770087,0.17583754797073167,0.05092575709398611,-0.21266861990544983,-0.07632050183767539
2021-01-02 00:00:00,0.2379421738832061,-0.11572800574577544,-0.16894657346290537,0.103055038168916,0.0318059081044168,0.029028664417386538,0.16689581589868246,-0.23919275242066357,0.00026545175423937223,-0.17567628845965635,0.2485615173881313,-0.03722884290925166,0.330997773298211,-0.07478848226471273,-0.17175975357037912,-0.0010719530377184053,0.2076752495755702,0.026489465660142618,-0.23079927658975263,-0.05596286530685813
2021-01-02 01:00:00,0.25025083135889575,-0.052705675559193366,-0.20450950092520453,0.16012464177428845,0.08631652945295737,0.08205898885582955,0.16894488388910064,-0.1780951512854963,-0.016381829082577144,-0.14301445521430067,0.2795013676320684,-0.02966828213903537,0.27826795866259113,-0.08006353924565991,-0.18604279822062386,-0.015234804394243255,0.18000185968796212,0.0453225715829156,-0.1726735841695276,0.005020500294285371
2021-01-02 02:00:00,0.2682280647752224,-0.030611158084024207,-0.143694287841641,0.16525722752773098,0.11427759744698901,0.06440748375215175,0.18903600543219629,-0.20354081445832295,-0.0004445242426700177,-0.12720012376691467,0.29201709382385177,-0.0066973037767108605,0.2905817138260332,-0.08248485680826786,-0.18302857590675925,-0.05225208175418987,0.2005941110986437,-0.006517153911250448,-0.17253409420349514,-0.04314075171078161
2021-01-02 03:00:00,0.2870212534017446,0.006442366963079201,-0.14641596440722135,0.1376569834053888,0.14901023608829742,0.0613346283185018,0.1389723618505365,-0.1918917335338749,0.01187768842705462,-0.13001748185027237,0.22415549704225252,-0.03734134990022252,0.2954101101935885,-0.13703969920923798,-0.1386371978456904,-0.07976056984258625,0.17643981711212273,0.04382666612934047,-0.2158567677404783,-0.06595536178620304
2021-01-02 04:00:00,0.3647917105964683,-0.009128348219779116,-0.10062181273939474,0.09382422744317101,0.16068189187077142,0.09867342559458508,0.12458358861286363,-0.1779345963941826,0.04298019353839423,-0.12102537587627003,0.2442670937269188,-0.024600793914101162,0.28181313549169223,-0.08772788305520762,-0.1121785208866213,-0.12084712283961774,0.2164888394257218,0.07424085194712465,-0.2128468143681965,-0.031042850153340032
2021-01-02 05:00:00,0.4148821011895646,-0.009589125264904658,-0.08529799854579474,0.1576112819321896,0.18931139775570754,0.17530279517923847,0.09184957372746544,-0.21206573624515077,0.03331385475809996,-0.11155972326642931,0.23962655707352587,-0.03168209968939396,0.28111323332336047,-0.09902704502673482,-0.11221665332617459,-0.07690325416816568,0.20181208287978808,0.07194208736598695,-0.21836531463506315,-0.022461220625985406
2021-01-02 06:00:00,0.4077758251628891,-0.004490454884998683,-0.11778885814464066,0.1648423394612723,0.2283709895180512,0.1061887329439239,0.04899567795532803,-0.18057180181509747,0.038338488500332446,-0.15764070244445633,0.25472685266604056,0.0044745217684442895,0.29287078843932696,-0.10847303550551006,-0.14601569686993,-0.11368153333239245,0.1936135287229014,0.04413618385371065,-0.20480992959232863,-0.020643183739364534
2021-01-02 07:00:00,0.41228534000412526,0.0374540994323531,-0.12624608442016644,0.16266272693313225,0.21548105532955433,0.0990397383113093,0.08172753747399528,-0.2094204580145777,0.04711828942682121,-0.13488749668377056,0.20501262033942508,-0.029395815283365108,0.2428674514843348,-0.07008875056201899,-0.16843409932459844,-0.09476748642849472,0.18135851043504533,0.027889186085553172,-0.16087041300041105,-0.022602891855846276
2021-01-02 08:00:00,0.4452500506606387,0.06798559343289717,-0.09759477388281293,0.16546175198865323,0.24821176852721671,0.034104647103761696,0.08442480070431908,-0.19496107337171306,0.0552664301536377,-0.159234331536829,0.18707874603600005,0.00952661197905253,0.20940574761311964,-0.06769987395843328,-0.20947026551731504,-0.09534137577024696,0.18950371246897868,0.05423639731423471,-0.1455107676893562,0.014507652047360476
2021-01-02 09:00:00,0.4288832435727359,0.06149763195907027,-0.14293343487264087,0.13948662604305911,0.24575396987921747,0.046287607655682336,0.12796826404600925,-0.18996974608306227,0.047247596883027994,-0.11824352458701237,0.21324379919454367,-0.013921432880725233,0.16052480754898873,-0.026655429190691596,-0.16861195230252213,-0.0686790815248234,0.1802674083307896,1.6194022605102443e-05,-0.07723847481346927,-0.01806516095480251
2021-01-02 10:00:00,0.4229955032935426,0.11482888980663866,-0.0772059138772081,0.16874677984781578,0.21618543865131826,0.029258191956004556,0.08083868043238156,-0.13263239188206818,0.09131719301330996,-0.09766920261539686,0.21667850906022923,-0.01928641796625608,0.15465536655593026,-0.05267488623834189,-0.16645482493454142,-0.10067317574469081,0.11192080602010568,0.055527986216499854,-0.07495474394410145,-0.0013168109708174107
2021-01-02 11:00:00,0.4086883410949227,0.11722301648222533,-0.037239313578563006,0.18164994892435746,0.1562677697978428,0.06656602414989835,0.08203957427664743,-0.12479682096254902,0.0860409849956286,-0.09360416374926007,0.1323035241127898,-0.005684784617233504,0.15841290929853608,-0.0752049061869123,-0.23463900768074247,-0.16182908839919896,0.09186800496773465,0.032583614448264415,-0.041558232906254586,-0.048983415328665465
2021-01-02 12:00:00,0.37572938990948185,0.14986154774895527,-0.014368886151678709,0.1774855707983017,0.1588093802769572,0.06971265200986604,0.06509068926021565,-0.15882635767152933,0.11426155222503223,-0.08218768929879772,0.14535807722988925,0.036628299757152934,0.14647539307042995,-0.09974395542216394,-0.22194539473615607,-0.20223571006894808,0.07267818310747462,0.03944402745148006,-0.0479736672016592,-0.09312985180162375
2021-01-02 13:00:00,0.4341030624936956,0.20181213154795402,-0.03971490955507483,0.14297963158715177,0.15793362507639105,0.03680893443882033,0.09602117514586964,-0.15684280352837027,0.10933097969355247,-0.02250183653946501,0.16025612976338105,0.025934541648121152,0.10225949091258285,-0.09045318878453312,-0.19964214213901804,-0.22733816546621108,0.07625818452885928,0.04250033243036706,-0.1488863865042943,-0.09638160238639842
2021-01-02 14:00:00,0.4291789968130029,0.17797769824705229,-0.029339676401925245,0.15344012202828844,0.13772258533945014,0.0017580116187731823,0.10590576122046909,-0.21257318579505655,0.07421098366076889,0.015745730530831684,0.13096646490284183,0.025303295747198386,0.08153096024125879,-0.08976526325832528,-0.20143338540992275,-0.21387992845316045,0.05637697582330288,-0.009548005046083802,-0.18922648188491545,-0.07533972748272774
2021-01-02 15:00:00,0.42723402555811935,0.1786928074802807,0.012541997689635116,0.231000283559052,0.13785885430183223,0.013036286706111075,0.10351233925100506,-0.21394267881882723,0.030282655170222675,0.01104458250508977,0.15633885340985196,0.03665580319224369,0.06556986226024458,-0.06528857229361021,-0.19333341301342272,-0.22689697105285517,0.07340800090152787,-0.010318926602880453,-0.20724960919786578,-0.1050502301871217
2021-01-02 16:00:00,0.42562757645069793,0.11916925505699236,-0.027677053166128562,0.18219254476626137,0.15178335793173564,0.017917207328233504,0.12276558742762236,-0.2092900723779335,0.028474513152857418,-0.008635733472994787,0.1615972760664792,0.018512518753041572,0.0557845011130734,-0.028338948802828924,-0.15458986861685153,-0.22755728909262668,0.09605030387264926,0.033796870520334504,-0.23061021100785378,-0.08978655818256769
2021-01-02 17:00:00,0.4082816289717178,0.12554891660238687,-0.017098048644942118,0.1919208263750306,0.18609457447156608,0.08064151738604215,0.04412716550885344,-0.18976687343012702,-0.0026824012762277846,-0.06364470630069567,0.1419555766446648,0.008072916889919766,0.08070633307968633,-0.011926739495010996,-0.20602072632598595,-0.2236346106140263,0.08285219029099022,0.0577666027891498,-0.25003712918496745,-0.07442322232341264
2021-01-02 18:00:00,0.4088555510316434,0.14924713613877733,-0.049652111273621576,0.1878104067673044,0.11878260654472263,0.0911241474576197,0.06915210402729143,-0.14037816759156385,0.02315441938454372,-0.1485961241444842,0.18845298136433478,0.04501200146935726,0.07338137482056098,0.003866425477204144,-0.18486851302350166,-0.24602866224521075,0.06511750588220702,0.06969488553813791,-0.22999566138421185,-0.05744110439067889
2021-01-02 19:00:00,0.4231322875746516,0.14677604304600664,-0.03150290327387002,0.17970062586622118,0.10647183404274642,0.1138190829086101,0.08956545645934372,-0.15540651195884822,0.03417874697739641,-0.15904097206410334,0.15837049148748272,-0.0006181964560317346,0.08597077954793605,0.01938533533919624,-0.19603409474798883,-0.2141136746770146,0.0692657566004689,0.11868920698759403,-0.22115297871111989,-0.04573333776346411
2021-01-02 20:00:00,0.4117088502618994,0.11350306327713353,0.008919891538133065,0.16320415603183486,0.0688571702738929,0.08621644422110133,0.16297250636574379,-0.12855159388591542,0.0640868801197341,-0.15952281989961276,0.1736436186016744,0.011528713438990857,0.11093227721538668,-0.005490861933058231,-0.1946026454655974,-0.17212510568657602,0.03351758570025907,0.086861134469018,-0.19483592993698412,0.013970534781180051
2021-01-02 21:00:00,0.38028430559921284,0.09274156377700421,0.03513763537348596,0.15671316722023648,0.06497384417833792,0.08102524969272408,0.16313612617484785,-0.1566506214976351,0.07726179057039034,-0.20830708767508138,0.16625584845106228,0.01673227041314741,0.15836897139815925,0.0006616619573246232,-0.2041841299853531,-0.1522417484658114,-0.027260974463717218,0.08223940032333049,-0.22885658518494023,0.009793872172034524
2021-01-02 22:00:00,0.35576817107825826,0.11955619868803961,0.06588317790439409,0.140525893665653,0.061495020409003676,0.08685631166423727,0.15972169090510047,-0.13714572045674867,0.08850799760647242,-0.19831682754992458,0.14323359184272738,0.0709655836384544,0.14781656325483147,-0.00308011233812164,-0.23544121718459926,-0.12322661483299041,-0.05282804187040166,0.06536792292178435,-0.19999098973694615,-0.02843309348475493
2021-01-02 23:00:00,0.39147317772870077,0.09569800478742725,0.09633103217712811,0.12206143484739794,0.05042746505369387,0.06163617785569547,0.1396366569381498,-0.1353180068544544,0.12210109436048415,-0.19992325148676773,0.13108494413163466,0.053498971253085975,0.05342169442383367,-0.02152069684963119,-0.17709527803076863,-0.1370552758621664,-0.06224284093535692,0.09037019273691418,-0.21050849730267943,-0.04590431511601181
2021-01-03 00:00:00,0.36146410374927873,0.1405028995535395,0.05645345410368662,0.14990569215029428,0.057703018351542935,0.09223558033167079,0.13598789080780288,-0.11184898631713153,0.10185583060033518,-0.21671172810103026,0.17244962321312352,0.04369153507991205,0.04620696369614882,-0.058758955806866714,-0.16367686260857936,-0.1300823583021629,-0.08475773332753848,0.1286819091414123,-0.2170102647764714,-0.002587670970436405
2021-01-03 01:00:00,0.3841566978785628,0.2067029577858313,0.04278964551603294,0.2093860121179852,0.12438706238794409,0.06457530973927854,0.07525638726150954,-0.10097411048697705,0.1644102450943612,-0.25885195135486383,0.1277599196755666,0.03712443548154981,-0.0250290183758971,-0.04167010064614404,-0.17427611692053163,-0.16022461038315883,-0.07751023369471702,0.11436729117497023,-0.22322921204983917,-0.04441434749157731
2021-01-03 02:00:00,0.3998727728738116,0.2043577692380549,0.06673897409913757,0.20425765279718433,0.14578311759629276,0.03409896294174776,0.05471782363042364,-0.04685422709685138,0.16340210764248977,-0.2862916665650158,0.09684897139333501,0.03965959293284865,-0.09033679482090193,-0.011655566419401832,-0.2187517335750917,-0.14888858791564213,-0.09777202918606104,0.1799204471254518,-0.21253683366123746,-0.11832889655370019
2021-01-03 03:00:00,0.394921438032808,0.2063703970037502,0.03352580718326718,0.22272144127200902,0.19390818039259997,0.0341692296703033,0.022989296311192897,-0.053003213435902516,0.12411327835231369,-0.29034682297300163,0.07883336770762475,0.054525158338798944,-0.10827658449069463,-0.0013397985964475542,-0.22176403620025015,-0.16606448009919214,-0.08410953153692396,0.21996225021411667,-0.21920960258198724,-0.0771849366829825
2021-01-03 04:00:00,0.4105809528548779,0.24835296815585609,0.023938706361672557,0.17582307554235055,0.18065823936194816,0.027587018055041823,0.031097769264004052,-0.07573405400541802,0.1123019651009674,-0.24372134247429575,0.05940864824226534,0.05796147369833992,-0.05872754484247885,-0.05600126277150446,-0.22084028133539527,-0.15185315257331888,-0.05565003889188701,0.24168611715121982,-0.235488361011855,-0.12231923358580624
2021-01-03 05:00:00,0.40020563819946453,0.21260132376907293,0.07279435977134258,0.11953176367591466,0.14567542853736992,-0.030066669833082704,0.09966450902906515,-0.1284782860016538,0.10837505884099206,-0.24717793943058275,0.025553657568658864,0.09391968679411863,-0.023242700489512727,-0.0749659107312156,-0.254211320874553,-0.17688337791054912,-0.05538947581322004,0.24739621032894002,-0.2439202768276601,-0.09370690190426824
2021-01-03 06:00:00,0.3946415001418225,0.25288773991195257,0.09619235716029861,0.09384747571455093,0.05546709662595925,-0.06897259009422235,0.07507307575645446,-0.10758641162890373,0.10233348135808629,-0.258356884969083,0.02371977206315607,0.08340073225909575,-0.0306915243202745,-0.09102404766153757,-0.258313593459826,-0.16873434282418429,-0.029536013310867505,0.25437454674809523,-0.25193867943347614,-0.06210989937545268
2021-01-03 07:00:00,0.3874786800365789,0.24650393195083958,0.13195800618719883,0.14333861563892392,-0.01629790895168773,-0.04360376138214491,0.0753585226549,-0.04752759825227159,0.1126159378403081,-0.22188492749770888,0.06732033366692008,0.07189468255566005,-0.03755390850891882,-0.16268443606656424,-0.2248759987749932,-0.1949767478837479,-0.02651901387559246,0.23860948617530242,-0.32146104544779397,-0.052932276955474325
2021-01-03 08:00:00,0.40415071795787294,0.2535584613980892,0.1288964625380748,0.07897588366222029,-0.08601417786954238,-0.04338189115846748,0.09762765208605657,-0.07350177538437601,0.10587484830896626,-0.23345636161367336,0.07071839628729422,0.02705721286369423,0.003947739916586222,-0.13006262194252122,-0.20534698253393283,-0.19765837211379997,-0.006364806247490307,0.2677677853177038,-0.3368478572871674,-0.05580651612264961
2021-01-03 09:00:00,0.41786398249448703,0.2746323457254352,0.11802065035960538,0.08862492467045652,-0.09907491937710845,-0.058642717410614054,0.10561486757001969,-0.06951175189560772,0.07619479647012282,-0.2856323735848164,0.05968111158633112,0.035942005642766846,0.016909366265177445,-0.14834453505344047,-0.17404182836356472,-0.16520474223722162,0.014576643926621991,0.2833557101057936,-0.36618244776382475,-0.0576725050085981
2021-01-03 10:00:00,0.45189532313448577,0.21528318293642515,0.1084248310581181,0.09258705691765085,-0.13364306829389008,-0.08175303866751021,0.04204451133175424,-0.07084184249330024,0.07625437338629774,-0.2425189407350858,0.07861921383114026,0.05456551956293704,-0.003936000311209449,-0.10891074230443575,-0.15017420371642756,-0.21915214912783731,0.019063227384598768,0.24854380923615238,-0.3899088466504209,-0.08207254446658355
2021-01-03 11:00:00,0.3957712064721826,0.25350743363913336,0.13069997444633755,0.05199225417002996,-0.11531544520180645,-0.05965677047246926,0.03348754276650387,-0.14071470006550624,0.11624543357113738,-0.23256322411553929,0.0745252685584629,0.06368811756732533,-0.02026198492000861,-0.15214071134040633,-0.13980163845482382,-0.19557023291490175,-0.013306363151091856,0.245509765490266,-0.33099739149712454,-0.14130819455666802
2021-01-03 12:00:00,0.42001102365402676,0.315295295351627,0.1369681631719911,0.05811932952487287,-0.10183474238792597,-0.06312267644020976,0.026066903549535787,-0.09678383527966386,0.10194728425132447,-0.20911250615927884,0.10171031582774542,0.06954347356504607,0.025534243330576585,-0.13794544807974543,-0.05812833448881577,-0.20633655928054212,0.017316446706957974,0.25782699943054965,-0.3091066831555743,-0.16213377014324776
2021-01-03 13:00:00,0.471975310800148,0.33253049044028166,0.11620503734838528,0.10847589800073204,-0.1211718947460185,-0.07429766028311638,0.02935383904063183,-0.06821551573184181,0.06758695307392285,-0.19087043785811447,0.06751660113565525,0.12697157760001726,0.013136827189238611,-0.14664371918904248,-0.07128916561893749,-0.1550164829000424,0.006212465696595483,0.21750349653951218,-0.31057129271095074,-0.18999325028960576
2021-01-03 14:00:00,0.5273473295983849,0.3443690113323406,0.13698067310569084,0.12049736873507604,-0.09722667456664327,-0.05959827684376991,0.009992274185685667,-0.06831436950295856,0.10390876932894424,-0.18910402524924863,0.050362463181684386,0.11987603389190502,-0.018546356017167847,-0.13251191554182618,-0.030143893235106425,-0.20004585154419574,0.02011533224645661,0.2538969527951593,-0.2858514090856883,-0.17438795522627387
2021-01-03 15:00:00,0.5028910918287952,0.36925740510575406,0.12570904758664517,0.11737899393903328,-0.10242550997784196,-0.08741616928390429,0.032441158495941425,-0.08355586692900335,0.10252592342576164,-0.16963000129510075,0.07671597250776893,0.04066956805815751,-0.07948686464571814,-0.12043961561595233,-0.012866815274154536,-0.2084529201643902,-0.0031921464830977943,0.33507497968801486,-0.264736126318741,-0.1433183569475882
2021-01-03 16:00:00,0.4864247319477444,0.39231522076221353,0.05741741996396105,0.10941906142015088,-0.10422499061492493,-0.09106046160373071,0.019809087129215874,-0.06839234521904912,0.06160463594451299,-0.13454310876056752,0.08909224391502027,0.05523646599841372,-0.07289435325242258,-0.10268144385379668,-0.0007623814856442205,-0.19623247165102517,-0.054026181238612594,0.3530690978768062,-0.29118191153017964,-0.1287337725806162
2021-01-03 17:00:00,0.46871261901141564,0.37865889535554864,0.034522929798553606,0.1269226627424134,-0.07957856319582494,-0.07947675093888495,0.06715543227858331,-0.10626132246642621,0.04807080177714189,-0.1012943290463115,0.08739720257053905,0.11516773987215528,-0.11401562921567268,-0.1026832420966428,0.046458579385109285,-0.2509265401532209,-0.07030245035484199,0.3339712192912903,-0.2889482586948343,-0.18305901191369062
2021-01-03 18:00:00,0.4138366513735373,0.36578817554735,0.055482335182044595,0.11424637083088443,-0.06608777379983437,-0.08573059345666202,0.0698832529799083,-0.14380272825693083,0.09355567575490195,-0.08533842191951298,0.04484750627586328,0.11373915719096085,-0.09294253939158416,-0.11682905166984231,0.0430930651516068,-0.2603021016897046,-0.06675865089918091,0.2931273795173105,-0.20262776245453112,-0.1660144212111843
2021-01-03 19:00:00,0.42935321938295473,0.3789475999034108,0.04329271737929533,0.13180122852715578,-0.055061691696024186,-0.0731058631499458,0.05326207055100729,-0.15778787985394116,0.17013402005107364,-0.09052977396828603,-0.004617670308641776,0.14171204907812998,-0.16450652740600868,-0.0483551318695437,0.04827684475644024,-0.21247163961390314,-0.07445789537774715,0.2787609680291121,-0.2568021583201848,-0.09502718068307552
2021-01-03 20:00:00,0.47124512597698553,0.3797720821835009,0.057529284363736014,0.15873673117871834,-0.08512932546525606,-0.07452452300386378,0.03267880642490918,-0.1350158811443362,0.1783000349338934,-0.04608002863829105,-0.01335878641689749,0.1520876468988207,-0.12515898865618158,-0.021240320993171125,0.047692419736942986,-0.2421977879123055,-0.13597837301098667,0.2929398000945396,-0.23449726336735496,-0.10306724545197317
2021-01-03 21:00:00,0.41808419933585794,0.29323830223050484,0.06633171200528251,0.24611414423512185,-0.08767705488747943,-0.11407802118075322,0.009940589494444999,-0.14210384107118293,0.22528191536882014,-0.06714834600258172,0.0020624379931024842,0.16179150683086352,-0.10967609638587109,0.0026335236936851254,0.07739866552459787,-0.25936105362386175,-0.07793894262040105,0.29080147699703374,-0.2252819281172828,-0.0826059174013362
2021-01-03 22:00:00,0.47873963571251715,0.20128270700856127,0.08859701236828867,0.26448842869271255,-0.07022394950811056,-0.13134940957923252,0.007580737818587126,-0.14871432231588896,0.1889959905381035,-0.09408126258082526,-0.02053277029880524,0.17125912431430282,-0.09914894190823313,-0.08499657342688903,0.0953688488046208,-0.26336691158011794,-0.10396358241140552,0.2402572579738364,-0.18954165017464591,-0.02865317133196601
2021-01-03 23:00:00,0.43457198611896053,0.25744793284888146,0.05903238256371733,0.2952459717737351,-0.08805527856678316,-0.1575426966154146,0.031129594185000678,-0.15717762961560078,0.2392035940592207,0.0035104783711509963,0.002017072004499531,0.14565993060684895,-0.14159217498794904,-0.06412534780510912,0.06723760737845218,-0.23462344634532745,-0.11806342200100574,0.23635827198866025,-0.190500642135641,-0.07435014597167564
2021-01-04 00:00:00,0.38620044534970566,0.23713237317133767,0.050171203607515105,0.3006941352017832,-0.03892087032948061,-0.1532583901576494,0.0691426922626233,-0.15208793914786628,0.2438550322803863,-0.016699089888800808,0.02930189381094826,0.15319497660526032,-0.13255366788898254,-0.05652729843605012,0.06868951821849846,-0.24570105687354934,-0.12837281341666767,0.22139572604612798,-0.18794548926469573,-0.1482783686358652
2021-01-04 01:00:00,0.38691146793153647,0.2298161190670805,0.006715635582215038,0.3050836925090304,-0.05182646516477038,-0.19530647370736665,0.016286829191899728,-0.16159108813777645,0.2077854563526202,0.05923275883697861,0.013186311861439835,0.17649385074131857,-0.07648294083038631,-0.03094796535277568,0.033601532178325046,-0.27489571531417334,-0.1461411325564545,0.2153084361340714,-0.21370350467367627,-0.14086742520054432
2021-01-04 02:00:00,0.3697092258057494,0.19437121812788183,0.028110521656167398,0.23783723916352711,-0.056619453671945354,-0.24369252796040505,0.006003593292638771,-0.12021581646842458,0.16973014802447567,0.034639185936070904,0.048139698032975325,0.17724701058601197,-0.09782033994394247,-0.030880900939499897,0.043822193843436816,-0.2673123266402561,-0.1260681276317457,0.24486445749250196,-0.1786418518941537,-0.11477506694550967
2021-01-04 03:00:00,0.3623237493731527,0.13932786449889834,0.03413822482648904,0.22809519957983818,-0.0477628049426391,-0.20949546332258562,-0.021819132837340653,-0.07629880895833564,0.1910874638415183,0.04889987414901856,0.0875081045545017,0.1907638012410961,-0.11026627755177582,-0.04961203858335184,0.05789671124995449,-0.264264792921172,-0.06812408321894167,0.24575677041373292,-0.23053128327415748,-0.08328501582976902
2021-01-04 04:00:00,0.4215165032398922,0.12510805210980835,0.04395872891893841,0.2888211498344697,-0.016683014059209397,-0.2769315706305695,0.016626990329914545,-0.036437172303176744,0.17885662367275934,0.02499656615028635,0.09788998050055522,0.2133922615641352,-0.06190488197861774,-0.04428610186869057,0.09135300698824328,-0.23809977061894735,-0.07962727380572127,0.23787726274278848,-0.22933684530243786,-0.08745987167357984
2021-01-04 05:00:00,0.4619884868467536,0.1237145820531037,0.05263009787577564,0.24156024834779272,0.02466408965226308,-0.3178283776990805,0.03246292303116742,-0.06719906743480186,0.16757980272754586,-0.028273384984030786,0.11301556519141537,0.18043721067396265,-0.09310911336173713,-0.05032441767868176,0.09881691202249758,-0.2768805704170534,-0.0773730883683152,0.23623612101211167,-0.19789632148800168,-0.09882367744128605
2021-01-04 06:00:00,0.5165067599540548,0.09800854094483989,0.03711149444791823,0.20391816868808932,-0.011637255590988462,-0.27150549086618275,0.05851932692754816,-0.023801457556397516,0.18677091780271837,-0.05872039669026355,0.15657592020932593,0.15282107455404892,-0.0765678496556063,-0.056013941325380415,0.1622464615542063,-0.3144680236319418,-0.056750842815205954,0.19767860413987692,-0.16375796644990576,-0.11230695327933836
2021-01-04 07:00:00,0.4908217232482903,0.06146497895701809,-0.03181679968841662,0.17640188709299617,-0.07840897057174329,-0.2507882885504673,0.009996257630484048,-0.05819773441498372,0.2115623877623697,-0.062173613230299817,0.07701557020967821,0.13722392566209193,-0.0878894942746817,-0.022054530145917482,0.12299849336183334,-0.3231568713499217,-0.08508165462254799,0.161634950680642,-0.16818336858164454,-0.13136015154120362
2021-01-04 08:00:00,0.4835308663217663,0.05865779173350925,-0.05591901602894367,0.20987015436173997,-0.129212988094331,-0.28634943287351733,-0.016741325625675905,-0.029906233613782262,0.18454540896570498,-0.12284458266113296,0.04495113819504869,0.15900114444948238,-0.10983458108095306,-0.04360455724995928,0.19731133336329368,-0.36039239079307334,-0.1594604164265922,0.13900299369720437,-0.1200245983288662,-0.1261764345627304
2021-01-04 09:00:00,0.4510304144076286,0.03757338638792743,-0.0995937885040099,0.24035564689277752,-0.1211616886813497,-0.2980659185961709,-0.008882753222030275,0.002046215569432519,0.21235544782863708,-0.10833579558984882,0.09920921664210826,0.1845829190514784,-0.13561803293281244,-0.05460539392615262,0.1295333480827589,-0.3459376479991699,-0.11117452301734815,0.11982182502557673,-0.12956103848872047,-0.14034537495619412
2021-01-04 10:00:00,0.4659260316651864,0.05462143970923525,-0.09651647328939911,0.2434618614817368,-0.1046950342641788,-0.2624555438159631,-0.054856201310109695,-0.04179536654497083,0.24037422014665605,-0.11124372889875708,0.07116638060060242,0.1411873413049826,-0.1443210408877641,-0.026296162197432426,0.13134420491050788,-0.31792127446002344,-0.08097108170332135,0.14430217040815985,-0.16506807337232424,-0.1677523246569312
2021-01-04 11:00:00,0.4109711495934465,-0.00478190358195537,-0.0914685549908404,0.2718484896383408,-0.17993198692635604,-0.26869923719089894,-0.03951953956919715,-0.07233788107905882,0.27192576695809667,-0.11732318030001623,-0.006711792468916955,0.19346193288914626,-0.1687731391542288,-0.021499658816203235,0.1563458578356405,-0.2622529745168301,-0.06455601806880451,0.15066293354145624,-0.1709835963488245,-0.15415068766804918
2021-01-04 12:00:00,0.418669305850109,-0.024116008321443262,-0.07100767992891309,0.30433593517104257,-0.19773031680236747,-0.34558697599941746,-0.061165959085689746,-0.045914570589706216,0.2905230025391383,-0.07461371153441637,-0.002605883853785451,0.19732245451249736,-0.15813179761666835,-0.01299012677284017,0.10488191037637565,-0.2436804627619789,-0.08675369523069418,0.195338852598903,-0.12964755454038865,-0.1463766044978405
2021-01-04 13:00:00,0.43239275503632196,0.000784716561342387,-0.04301288829494394,0.2877843062238247,-0.1971871537028343,-0.35936992775325655,-0.04284893427964377,-0.0251793178304765,0.2868482222899136,-0.06822006649870903,0.011801352774583804,0.21272223650328165,-0.18370365345528472,-0.0019791505153323504,0.015367186005212821,-0.28206897060733704,-0.06409849830521737,0.13973669277122913,-0.07745302030878588,-0.10755852521644121
2021-01-04 14:00:00,0.42514032121891543,0.052119677895277994,-0.046174490432654994,0.2582343994520182,-0.20947454310893263,-0.35020717265446016,-0.0754469547806819,-0.036490125864724506,0.2728921421872043,-0.06304994759572034,0.03934711520741553,0.18577763740834974,-0.17694849554664205,-0.006697515141117459,-0.026998143684410315,-0.2618562015673131,-0.04354625994950821,0.13425806682291724,-0.1075962161452913,-0.12916701270780348
2021-01-04 15:00:00,0.40177004720990195,0.03649558248994433,-0.06007873696259877,0.22993249057076282,-0.21311425282179208,-0.30635186303197914,-0.0888803416076609,-0.006619828173137332,0.29234106334002735,-0.07300532439786236,0.06469451371434604,0.14477157012885628,-0.17097183440257843,0.02933344654761845,-0.053501420453385726,-0.2374253771567221,0.015682988876377472,0.14540671847269254,-0.12345052584236957,-0.10887774063152493
2021-01-04 16:00:00,0.36177143394538364,0.0036542828820729095,0.013583234187430515,0.12300978542479542,-0.2774563583693596,-0.2682186268797394,-0.09075896541250264,0.02271450220359611,0.3149220412007841,-0.04611974431469062,0.053782287267921725,0.14421750476019135,-0.21725954001652983,0.047801198889641336,-0.06613254145739986,-0.28932808490986817,0.04384520207627353,0.11679548585833649,-0.14748967044872383,-0.08773826479736868
2021-01-04 17:00:00,0.36693923218062097,-0.03183352792342135,-0.009718152567231464,0.09499748900092772,-0.31736268897126696,-0.27970824063862226,-0.11719513975040352,-0.03476158016550986,0.32293649882793873,-0.048453256960567556,0.04800012046840547,0.135805060805601,-0.21008590881384395,0.0642895596910535,-0.11240255741974917,-0.2728785810715914,0.10050963021389965,0.1281324812690912,-0.17721043084903795,-0.04789920315306101
2021-01-04 18:00:00,0.39109079400603763,-0.08624780366712503,-0.04581389842417724,0.0920605208123147,-0.3593452633511701,-0.28062381211911985,-0.1384649701404541,-0.09970477077739394,0.2971378901753651,-0.062067077596146464,0.008867272131444927,0.15505450119204822,-0.20989995262326708,0.021643321518473375,-0.12650618079542833,-0.2966036556502056,0.1601785954241384,0.12828685479270682,-0.19629396569780824,-0.041736365423484356
2021-01-04 19:00:00,0.3774727267394506,-0.033840313520759446,-0.019041235599832916,0.09875583010616601,-0.368268389361262,-0.2879151687701865,-0.1490093944623631,-0.08661290273053927,0.3286025837115164,-0.07398520750071702,0.05303101090436862,0.17363866877376266,-0.19936776088560323,-0.0011920112496580718,-0.11129120678345372,-0.335079125413482,0.11458013429607594,0.14406830912240387,-0.22197197436947527,-0.01400345925149048
2021-01-04 20:00:00,0.42533372536331243,-0.027247085498327495,0.04938875295328543,0.17251327921974446,-0.38420529289372224,-0.276852954121347,-0.13666810625071607,-0.16388532410017936,0.3384495427428973,-0.09525486482333675,0.04539261374716924,0.134801913328558,-0.17232586112886017,-0.04647104402382498,-0.08552512509292874,-0.33636600738576344,0.13836391075101032,0.0997151343209041,-0.23122341079743497,-0.0692731003027972
2021-01-04 21:00:00,0.4484962428124432,-0.04295916681269854,0.06355277933675851,0.15282630233144456,-0.3896253794013927,-0.2602857756940588,-0.14286674181155662,-0.11363894910433525,0.31958920779052025,-0.1499067569567956,0.0478768950238646,0.1345042658952341,-0.16232064409023694,-0.13040851875764167,-0.08672767193127288,-0.33477646938840405,0.07975457445308543,0.0649632848297892,-0.23484154180062897,-0.062053846121239875
2021-01-04 22:00:00,0.4711804852574904,-0.06712945551356034,0.05213713489406906,0.13854101482147552,-0.39204475084109935,-0.2687397561164902,-0.20052026768239636,-0.1819113285106308,0.3409638269695681,-0.1709824293228181,0.09085513281805269,0.14574775162324125,-0.22685694646987697,-0.09714563962698741,-0.11735005837268539,-0.3461027807247733,0.06933456672432836,0.10560555117131167,-0.2230595777689887,-0.04692822567323107
2021-01-04 23:00:00,0.44832861418535846,-0.0046072204153274,0.059129550448782243,0.17733811630170707,-0.44062217418175464,-0.26437759233609814,-0.1888599091583316,-0.16460436016423027,0.4036133827538276,-0.18353728534289998,0.09064937281104027,0.2012272090784274,-0.21942259767995922,-0.1242729293395614,-0.14768690133453616,-0.3495566473436016,0.0844603124080545,0.08495028386228627,-0.2427008273034846,-0.06654287559425338
2021-01-05 00:00:00,0.4926760403703195,0.0003368355863444649,0.07559431408193165,0.20739398086744398,-0.46794271207240135,-0.2889570795379342,-0.14732526160681314,-0.1421088176229123,0.4132405555544459,-0.18848543679434066,0.11364413914146373,0.21054211841292583,-0.22353134971323538,-0.11429690880801509,-0.12426993199603863,-0.2976039720700758,0.11419866712390461,0.13065084345986117,-0.23050380781187646,-0.05570780334581498
2021-01-05 01:00:00,0.4050893856059403,0.0012188115839349499,0.05049271139270266,0.18614832849862423,-0.5204507876945617,-0.30593887295797495,-0.1496520974420493,-0.22163909158097628,0.47402653456659904,-0.1939944988030276,0.10098597429156254,0.25387180029336076,-0.1926666797849621,-0.15683596111101258,-0.12450367429936413,-0.29239241851304304,0.12408813342477548,0.11262034732154914,-0.24040222942255723,-0.07892961399350579
2021-01-05 02:00:00,0.40563049672035084,-9.847259880068748e-06,0.10196806729416473,0.1909914527978509,-0.5530496109550963,-0.2935956677276874,-0.11330187596973906,-0.2333086353299327,0.4969508388422527,-0.16320150077694084,0.09572631382317223,0.30298703101436064,-0.24419280009719485,-0.12669774165606626,-0.1709045083044572,-0.2575785689397333,0.11777438412956037,0.0643985714404991,-0.26580392012902043,-0.1058886839694681
2021-01-05 03:00:00,0.39332002032152646,-0.07285820160014127,0.13819875638774803,0.20620151276129267,-0.5279789369525133,-0.2854902515798601,-0.07416665382078602,-0.25140695221475884,0.4320629315198803,-0.18887766145814383,0.07557165657354205,0.2827196397003441,-0.27084040155872885,-0.11750652235671374,-0.12248264323194133,-0.22854251060250308,0.1618230370653517,0.1417176764119793,-0.2536599559091771,-0.08105721986503321
2021-01-05 04:00:00,0.3684775067562091,-0.04318774785009981,0.17092868865617294,0.2254614593456144,-0.5690202251992966,-0.2583038326596948,-0.1151821417212224,-0.21954120110594,0.4692444418884441,-0.17868229703955313,0.11805964117516649,0.25866062589826777,-0.2548462053963989,-0.07552143309203563,-0.14432441587051376,-0.2281594294306446,0.21575256924182917,0.09704185258200601,-0.24175287599215356,-0.0730798555926756
2021-01-05 05:00:00,0.37474370364110393,-0.03795385614829049,0.22087983071796433,0.2480804515615333,-0.541639783025095,-0.2657995645257186,-0.1221652660945905,-0.20744271045804902,0.5061357504583415,-0.2018360456421314,0.1724816126862306,0.25918301575302616,-0.29524013968252116,-0.04806800019414368,-0.13141340490957884,-0.2026775439883256,0.17722319317895624,0.13098638057363368,-0.22473373838270008,-0.05850556498567457
2021-01-05 06:00:00,0.3225252990611443,-0.07761707715938795,0.20388722574230464,0.23313593553434123,-0.5527670564179721,-0.270138613909534,-0.12500194305370613,-0.22635517958110266,0.5041109089741249,-0.18139983763839443,0.13959913304791358,0.22843721310304055,-0.35031493256997226,-0.03391371816914829,-0.15336621023647223,-0.20081542148625198,0.20425921067206204,0.11758534776101723,-0.22401304354641358,-0.039887604462267995
2021-01-05 07:00:00,0.3250373647507363,-0.07155426061519074,0.21805565967931148,0.20984640798426563,-0.5726778926371847,-0.2639237677036517,-0.18079787725448887,-0.2903288794092757,0.4210077126457148,-0.1519913002752908,0.10837714252755501,0.23685033071190684,-0.3509208474348834,-0.00544074424191145,-0.1427807634067499,-0.24398440693225967,0.24505539360519946,0.07034691237064394,-0.24843504017426396,-0.008016931466442986
2021-01-05 08:00:00,0.2931942584905042,-0.11086966690744052,0.23457356026111956,0.1922146685589252,-0.5685411957306075,-0.2711129776303726,-0.13466291715582313,-0.2583854423480464,0.42908198570082007,-0.1758648594670882,0.103533279633655,0.25369167626385986,-0.3319242991262077,-0.001633986305796278,-0.16028205979866184,-0.2684419096303105,0.28839938859060193,0.06561460623203993,-0.25438249975009064,-0.018998007043440842
2021-01-05 09:00:00,0.29684731552053767,-0.1238943454177392,0.2649327932239104,0.205930735542771,-0.5697561349740303,-0.2248138311037721,-0.1624683361269282,-0.27110603904963715,0.39356096922765776,-0.13676659817219639,0.0968491803804823,0.28662849464406553,-0.3056849624782643,-0.015845064139574736,-0.17707651534521796,-0.3589346605164482,0.35009529495663366,0.03929969224052211,-0.25933544806012004,-0.00739065495998421
2021-01-05 10:00:00,0.3011848620788485,-0.15728221228439893,0.26244000597451195,0.21774047923436585,-0.5444932760533467,-0.19065310919806494,-0.15032445663992988,-0.2887854572092056,0.39024444462828994,-0.0999022598711456,0.1423436226751462,0.2676738989049495,-0.27265751580173686,0.0022337200293656503,-0.19684894250884546,-0.3564324646291323,0.33317487016119546,0.0344925828178522,-0.26539350007381146,-0.008316438587387787
2021-01-05 11:00:00,0.30980449043988667,-0.19427251994085346,0.28239290254654403,0.2421594843289353,-0.5445272042652607,-0.16465236685896983,-0.09507331324095071,-0.2857802358111732,0.41877012322773804,-0.15275675736714123,0.11110537760228367,0.23580493249228185,-0.2730037472618118,0.053850490031219694,-0.2036401066262804,-0.3831001901755927,0.3992624969071195,0.09133082605149151,-0.2247196901503956,0.0083708658880927
2021-01-05 12:00:00,0.31026545232489244,-0.18723248768101838,0.36478784358522565,0.21480928061498752,-0.5594994388347608,-0.10065309310418358,-0.12306928156093527,-0.31101501145063004,0.3680681366248205,-0.12751366958408517,0.12847496719705995,0.2326463222201713,-0.2718530800867339,0.12697559328426516,-0.19079607747955468,-0.40037453062355355,0.4036681596307848,0.14980577933899974,-0.21787579520072178,0.01683660044688374
2021-01-05 13:00:00,0.2877163403477216,-0.15327235935458527,0.36108779804054314,0.23657949314501792,-0.5665217185962104,-0.08778623110364334,-0.15133581739076563,-0.3077824708065903,0.37415418591240485,-0.13940832680050116,0.16676578146693555,0.18903135379690783,-0.28722369307023926,0.1808632952860507,-0.1572068749445498,-0.376058010648472,0.37907688973499515,0.14886763079099294,-0.18042073276018716,0.023151379705717633
2021-01-05 14:00:00,0.2791229526676287,-0.15243877267178774,0.40003045863296904,0.2662269637979606,-0.5236087086571979,-0.07033393919076045,-0.2092832867404287,-0.3016273348725651,0.4066292664153972,-0.1263689596943597,0.1679231303152195,0.21572301330423513,-0.2816593389002384,0.1992353142152694,-0.1832790250690066,-0.4078100657588235,0.4242722015977923,0.19244348263512293,-0.14306003281774124,-0.004333872722417899
2021-01-05 15:00:00,0.2610348449535484,-0.19802096541508635,0.4467283535344621,0.23961498036143636,-0.5392475950382863,-0.0754324435833487,-0.2140773964764212,-0.3510555251748821,0.39542162697108824,-0.12165182483959693,0.13215039976900178,0.16317679090588896,-0.28095591189668656,0.14746547738916843,-0.13393818928014806,-0.3390780075388118,0.4087948306497007,0.1374017961537506,-0.07956261944408491,0.025732869902236097
2021-01-05 16:00:00,0.35896923720831003,-0.20994084130314755,0.4111194714234899,0.2638455154055614,-0.5440121400249566,-0.09606427575417634,-0.1406866570030491,-0.37672096949942335,0.33714457784789453,-0.1035779516527058,0.07100799996712436,0.16643161562289105,-0.2399840224374651,0.17270047002172337,-0.15900120335081158,-0.3133213499835513,0.3617749257340452,0.07113568939619101,-0.07814813466309463,0.05754638203413616
2021-01-05 17:00:00,0.33331114634595116,-0.17890744348006893,0.38959627452236806,0.27681367426698855,-0.5285635765716168,-0.14611388780885104,-0.1729891157796076,-0.3864663808906006,0.3275740058747142,-0.15198027906603961,0.03404350421715674,0.2017117393088299,-0.2685837324241271,0.23480815905118652,-0.14031621208983927,-0.30818361839571584,0.36314357057559005,0.0545286759290059,-0.08335218900369751,0.11018151699971115
2021-01-05 18:00:00,0.2942577879769938,-0.15493171656353644,0.4313492090479501,0.2710443265846869,-0.5100016073009784,-0.15061614782740787,-0.14314934377349703,-0.3747411794585276,0.3707364677449304,-0.15817650820668802,-0.003712039906627676,0.22959334042662724,-0.26281021899047136,0.2776973193384202,-0.18895149831342575,-0.2994766072423058,0.31652885445568274,0.07038231050087237,-0.08596612882302904,0.14569309122615265
2021-01-05 19:00:00,0.327739147973474,-0.1566421741583351,0.490092008659008,0.288195081450503,-0.5228634910651425,-0.2014873269005778,-0.14279226337852852,-0.38255299410517235,0.40765255831618574,-0.16942380723160844,-0.04492039718712276,0.1905248298603197,-0.3082686013941621,0.24638030779907566,-0.24244086690692063,-0.28460798000034637,0.33362645268873214,0.07297471015931387,-0.08639925765045879,0.22776182574608445
2021-01-05 20:00:00,0.3306477427328565,-0.1307587277499089,0.5398103447751463,0.34491723287671716,-0.5513612321136192,-0.16044807146227544,-0.14939632102050118,-0.39452258619277747,0.3936252431853501,-0.16001344348581248,-0.026573896252177567,0.24294732114143958,-0.30403233386888373,0.26082402420510076,-0.2614789100387828,-0.29571405685475316,0.342827536601641,0.07991656549510325,-0.061345891738903216,0.23246598411918315
2021-01-05 21:00:00,0.2893668077558297,-0.06209366336179553,0.5247211332761164,0.31631022734115294,-0.5301657903317786,-0.14561218779565088,-0.15127069173047297,-0.3534116276145938,0.4167135279099352,-0.16613629038988156,0.008155874426158578,0.2394086857903452,-0.32848125355957264,0.3054871872695354,-0.2276255559368647,-0.27895187446178943,0.33527670533616444,0.1252698437915352,-0.07773693982307021,0.25660123938382
2021-01-05 22:00:00,0.27250526559876553,-0.03514183084618294,0.4899682145404445,0.29335031707924003,-0.560697998479906,-0.20606944199872085,-0.2035461526917681,-0.38264087999487234,0.41056563490125486,-0.12305772106448568,0.04580730461045589,0.26233991772375476,-0.305571223916474,0.3029976834953683,-0.23705027711592508,-0.291131972987465,0.33537031365418846,0.11506478622773657,-0.16002594227797295,0.2540896862315115
2021-01-05 23:00:00,0.28785082339147705,-0.07384638204935723,0.38792533390670964,0.2735843682340876,-0.6064847811172924,-0.1844627348454348,-0.22606450760225516,-0.4212282600200684,0.45145862110038437,-0.1602678875314677,0.04286224975506842,0.2710940435333019,-0.3086107782009463,0.3008036688961675,-0.2493079336237975,-0.2421265448177331,0.3662300222637143,0.17484520595452738,-0.16271332099409308,0.2988568996733448
2021-01-06 00:00:00,0.29082356018582706,-0.04659020187999491,0.42705547397802435,0.27360426739155025,-0.6585937312092899,-0.149721233835632,-0.2765137182749929,-0.4213096036688139,0.4906610890293281,-0.16679543792645263,0.04558374603151155,0.2892321492926348,-0.28578462124531107,0.3119959458415193,-0.2583821442530544,-0.24884602574867093,0.4270026887148022,0.15120125928934217,-0.10148874231828808,0.33209132035378774
2021-01-06 01:00:00,0.23156849977987254,-0.0029094437909118268,0.3778291732566402,0.28406992625092464,-0.6437721088298378,-0.12471527736817645,-0.28406443988652325,-0.44146440151558247,0.5086028767740918,-0.19069128026947077,0.09079123259882027,0.28198539973296954,-0.24739338110519626,0.30489868192478564,-0.29872752328919505,-0.2120532526765368,0.5000734127504534,0.1632178945121703,-0.15426520402177454,0.3167378442355719
2021-01-06 02:00:00,0.2287620155661701,0.011652631287154793,0.32573626028035435,0.27408957428250286,-0.6133315861914144,-0.1205559761075854,-0.23073447931970675,-0.46492394007312376,0.5193038487587842,-0.14487151992938266,0.060924969470828025,0.26703158345646294,-0.2742077258329225,0.30834416681076793,-0.2773341335178267,-0.24585647344496847,0.486331847898877,0.15013411426200765,-0.1685578500891098,0.33100115827135673
2021-01-06 03:00:00,0.2270242723347371,0.004107338501236522,0.32105785771750045,0.27275635967150863,-0.5692994935648008,-0.030124726260877976,-0.23982173910804036,-0.4428571621970232,0.5395115160121168,-0.14162899412066518,0.03789038608313405,0.33589466395025175,-0.30180748484607894,0.29999737101285234,-0.2880001275630306,-0.2275538489568953,0.48486308482585483,0.13171412226819484,-0.1626570661906238,0.25405845371301433
2021-01-06 04:00:00,0.2463230730072992,0.04163013267869481,0.33349170385372423,0.275091805190329,-0.5634581673809262,-0.011403005812592092,-0.2626640721724753,-0.4653433007687075,0.5224252164697294,-0.11702463566232715,0.03572306054148259,0.33653851633220194,-0.3376934305495976,0.28766670242485354,-0.3257966669076806,-0.24512827119120234,0.4828789404940069,0.1614276578650753,-0.15709196870420888,0.2657321065570624
2021-01-06 05:00:00,0.22607036070407943,0.01189371323436883,0.3842341917134823,0.27112917576090073,-0.568659071259659,-0.028535653528934484,-0.29085206765836336,-0.4082962847038062,0.5152802525327106,-0.1721058906730065,0.05602883430932838,0.3866128907772579,-0.3934563400536608,0.29830719128826716,-0.3343383891988834,-0.24521751874992795,0.45825359166345736,0.13564487530376368,-0.15362323321265933,0.2775530077238505
2021-01-06 06:00:00,0.22954840181344516,0.03769941476450401,0.4208976345340046,0.2730693583171007,-0.5621138976628837,-0.0770020706587888,-0.3152244540949628,-0.4486086069896621,0.5445899582494502,-0.151670440988221,0.07004064689531518,0.4105816199256262,-0.37524152514712117,0.3076957784314149,-0.3694669936488275,-0.21624607779612978,0.4432887066004231,0.09030220550245466,-0.16657587206155242,0.23704954172106624
2021-01-06 07:00:00,0.2561931232109793,0.08495233651274667,0.45182219590643663,0.27999047825366213,-0.5013101526079727,-0.06692831479055557,-0.3533857608600038,-0.44590533773600777,0.5728847464021187,-0.11776276613163246,0.06982529849398762,0.39800158579257533,-0.40887231835447707,0.30633751430647105,-0.4013919216562814,-0.23174934957067767,0.41554749418857584,0.052878098728767454,-0.15088385407889848,0.2699314952983768
2021-01-06 08:00:00,0.28118684769059343,0.13175856022417595,0.43571460332625395,0.3268913695051727,-0.5308170691414822,-0.08041932972357574,-0.37857764572689573,-0.4357725561628311,0.5482171945671139,-0.16885370949716827,0.0173308186470907,0.4069099651100951,-0.4511646629017746,0.3232120303070902,-0.4243598868766547,-0.22644721864101588,0.3919191097504001,0.018850378504650045,-0.08551000814925609,0.21396448611617896
2021-01-06 09:00:00,0.35338201641367595,0.09982017000004631,0.4696831771188349,0.301525300536599,-0.490526504256789,-0.10832911823424199,-0.36981284735305425,-0.4597163230019814,0.5061313373870757,-0.17641113921573764,-0.0531129604542489,0.43300545080127584,-0.4517348852473066,0.34948501368390833,-0.4475754057068689,-0.23622407136197604,0.3813292143870975,0.04161578736509253,-0.05621197573863642,0.1879863931147182
2021-01-06 10:00:00,0.33880328697975987,0.1157357995358027,0.4353745945617911,0.2748500631283983,-0.4867478920638576,-0.13967148997241136,-0.39033288512091247,-0.5403109996896367,0.4717681247407992,-0.17493195302340017,-0.07641625936953433,0.41117500213126323,-0.4709748720913073,0.2819978384272349,-0.47419374421376553,-0.24567561557162249,0.4007982030292801,0.03640164879785281,-0.017254470453103375,0.229364493974235
2021-01-06 11:00:00,0.3402049232876935,0.043060337279766284,0.4567603145543488,0.23699144753588078,-0.5092499371749469,-0.10402270465126265,-0.3994510435946952,-0.515623511043961,0.44372503994253204,-0.16597996193218,-0.04478047157704696,0.4056237962151087,-0.4623503971476213,0.24308927327726568,-0.43799503241356,-0.19770805791116908,0.42256949790553083,-0.06740016872981498,-0.004387117597747063,0.26011565596162595
2021-01-06 12:00:00,0.32940445523997075,-0.004462985130842652,0.45458141937149943,0.26641713898182207,-0.4826942538634604,-0.09534172252904544,-0.38789230297767663,-0.537767611169202,0.4183880039905378,-0.1879183224550098,-0.0065412912240414775,0.38773372988929744,-0.437703115409699,0.2342413118092622,-0.45177554249220736,-0.18431870979642506,0.39826250353274484,-0.041357916175413054,-0.019790789357907467,0.2467043397361885
2021-01-06 13:00:00,0.3673973607259122,0.06826817096962375,0.45999941549931384,0.23704776193649316,-0.46249537497582655,-0.08119462580400472,-0.4371194489807707,-0.5958320524958672,0.4310159255716752,-0.15348962419642992,-0.010758632389775369,0.3368849834626171,-0.4223814721860982,0.22291180596800336,-0.48350796731709306,-0.1460603463275724,0.3761326260551802,-0.032404676868603155,-0.05232799685315777,0.2676210971414814
2021-01-06 14:00:00,0.4268850901988613,0.015960079744185778,0.45251859195911,0.2600197076424991,-0.4364152308066213,-0.09641078504144174,-0.488969308300622,-0.6007623752795452,0.33936381706038654,-0.17336817094659676,-0.007753458289946448,0.35887708436618027,-0.4646214259944973,0.22554170180784489,-0.4150415821972149,-0.15205875728764393,0.37957078121004123,-0.02156597876571035,-0.05350172116144972,0.2516690945597012
2021-01-06 15:00:00,0.39466487855645926,0.03222140411668503,0.4663298842299586,0.26456291503421775,-0.43169313792491837,-0.0889100614475555,-0.5165329186801509,-0.6314044042315712,0.32167978699418825,-0.19638702886254755,0.0378086687120087,0.37178557963216613,-0.45893567805038576,0.19979871136703972,-0.44614321886435754,-0.13477203369518972,0.44831595333261265,0.04259530689294667,-0.04836224685060457,0.26322555562689337
2021-01-06 16:00:00,0.4096320995736693,0.04172293864826446,0.4570357437390312,0.2741659602546236,-0.43638570543019795,-0.07719798692144379,-0.5258807036701889,-0.5634583726256437,0.3082268340350396,-0.1645793319056157,0.013602990173368489,0.36094669304405524,-0.44944337053635575,0.23371327827731989,-0.4523903115980295,-0.1386069774940056,0.4292056852616391,0.042722794497977154,-0.050675313602302555,0.29009215921497217
2021-01-06 17:00:00,0.4084231664739196,0.059334119766033165,0.4585859004641042,0.25707541677938245,-0.44446075660145345,-0.07437013480474149,-0.488248429721783,-0.5568720359863707,0.33391487861025804,-0.13408006218302584,-0.010900350868272181,0.3530590572634625,-0.44483622904347725,0.23210138992364207,-0.49093935546059203,-0.176155717846649,0.3688002517762042,0.05474798743238506,-0.0358251616328783,0.24881533732728364
2021-01-06 18:00:00,0.4188615891342534,0.07862200200158215,0.5265667434265693,0.2573976057182717,-0.4038199483363999,-0.08424001562834343,-0.49784166777288924,-0.5266663931707587,0.3448980503307708,-0.12007776796097884,-0.009515629694344625,0.35096992341310906,-0.41701759925430193,0.2684025509550924,-0.5146529826199285,-0.1896311776478357,0.3884964124165148,0.02417507833017731,-0.017937811743394896,0.24923345241007938
2021-01-06 19:00:00,0.4406533867936729,0.0788691656191304,0.5423442896608311,0.25608360190763535,-0.3957169334608877,-0.12162937952687781,-0.4523352522947325,-0.5384966248280613,0.31730938618018173,-0.11023096017602965,-0.04014104689344469,0.37161551774366924,-0.39461407466673404,0.3334093519408956,-0.5258823189787319,-0.21417524650686726,0.41674369855885396,-0.03441045601486223,-0.04489205162225939,0.24640258820765792
2021-01-06 20:00:00,0.4208814566968583,0.038057775040518146,0.5100051219988263,0.20979996702731799,-0.430006026318536,-0.0612129923685269,-0.3958074537043242,-0.5561725996775934,0.2684140617932304,-0.06396641854601312,-0.03725333656842227,0.3033281491857824,-0.40985932979854045,0.2896997900014281,-0.5387370816139482,-0.2329913263729364,0.370954257108873,-0.022554364776222843,-0.054576481542416296,0.24978980345743176
2021-01-06 21:00:00,0.4333918752076829,0.06727211398653832,0.47800784955796427,0.19623223912642546,-0.4600307540476475,-0.07968992322586385,-0.36228869824695525,-0.5167139420790057,0.2562369075907155,-0.07281667604091906,-0.04005082471888446,0.3840388477154073,-0.4143476702405237,0.26359521756322213,-0.5635193261500125,-0.27624468422568915,0.3509381175507902,-0.04441283062087949,-0.07687712214526585,0.2470071109853257
2021-01-06 22:00:00,0.4213823612434131,0.062075872056809825,0.4928013171536872,0.17615078181871288,-0.4340153422208508,-0.1331523837083725,-0.3761327860757135,-0.5645286203309471,0.2741214011984079,-0.06482717131126038,-0.07686951039974324,0.39075227795516293,-0.42690927512733867,0.27864666593527804,-0.5995775358240126,-0.28050892060378246,0.35987778320200514,-0.09732899473337013,-0.06929478691503665,0.20708653416315284
2021-01-06 23:00:00,0.3911751979830748,0.05749410545588576,0.49569321735284444,0.25371469559555915,-0.42001489990426577,-0.1313367886590241,-0.3777368383761872,-0.5426979839234156,0.2925942328784639,-0.11023349325694771,-0.0392636582249426,0.3150131720707739,-0.4236702138141844,0.3146709448148554,-0.5885082772643699,-0.24064435557147945,0.3569553009099185,-0.048095829783996936,-0.09322018660904197,0.19206651389367535
2021-01-07 00:00:00,0.3516301719769652,0.03232002254245954,0.5472475141206572,0.2898368199061354,-0.4611723186195054,-0.1344833859850794,-0.3806815355991467,-0.5465860719178852,0.3319983033135216,-0.16433885020543088,-0.07317097514348098,0.33015638353448834,-0.4117791071667422,0.32636063923492936,-0.6376486702824209,-0.24131001950989578,0.3205204923069255,-0.029606511683593826,-0.03278571481874109,0.13219707195173613
2021-01-07 01:00:00,0.3775266035930736,0.04891870125016928,0.5680438778359376,0.34773558523399256,-0.4893415852450034,-0.15226977798188907,-0.40673592884433407,-0.5381503239659706,0.3737542774903973,-0.16955793976194636,-0.060028894978415785,0.3133088615370187,-0.3719213022482078,0.32884189430551164,-0.6528902573636313,-0.18852606439822261,0.33416671477107296,-0.030587535763426307,-0.0035611880068739804,0.14295623171449248
2021-01-07 02:00:00,0.41758144039214057,0.08716979419152744,0.5738897846540153,0.32254346823856406,-0.4844426099502501,-0.14719903191477293,-0.3401563474328968,-0.5173241940606252,0.4630708492852797,-0.1598222975467566,-0.1020007945875018,0.33430532825267584,-0.3466566702521412,0.2841491169389174,-0.6949321144913403,-0.23310715702893592,0.31277759213515666,-0.04259451645931053,0.03560701468127931,0.14267958149984858
2021-01-07 03:00:00,0.43766199223255403,0.13246788866096978,0.5791538767745719,0.36106647766028604,-0.5179727590665405,-0.17869421216432665,-0.320126803703492,-0.500620255904679,0.4821181122990237,-0.21082157998291196,-0.06047687954905747,0.323944407180045,-0.35673192741096843,0.26131164131320933,-0.7451126549190554,-0.25119091976916513,0.2873574182839735,-0.06069860702457258,0.07711603021911081,0.15514253244152723
2021-01-07 04:00:00,0.40363077279303433,0.087457724077494,0.5823030567487972,0.3799886486393987,-0.5246462000927941,-0.18470875502228618,-0.30440169918223964,-0.5023943393764959,0.485511194953968,-0.17842902833751645,-0.0792852679641985,0.35918896431548825,-0.3499029363330655,0.21793152773589847,-0.7838877912927066,-0.2929230868049255,0.28933087435626526,-0.11732697326221628,0.056895331669529606,0.09189900528850675
2021-01-07 05:00:00,0.4168098637156277,0.07959285302326899,0.5701738385375179,0.41176260069808973,-0.5517550352167779,-0.15176452267302895,-0.32279391637523475,-0.48184475463657067,0.4904367115155488,-0.17419665748975807,-0.11393563362785744,0.32436157075625754,-0.3599751111155814,0.2260960091677527,-0.8262052844801593,-0.27770182296958346,0.2503709532433115,-0.07924494757568826,0.07198296271857775,0.1349730996815652
2021-01-07 06:00:00,0.4128477345084781,0.1101431589772646,0.6181145938479524,0.40016683214703846,-0.5115167264715713,-0.18021033433517047,-0.3425327466174926,-0.5098225693848154,0.399286452280341,-0.17242268363127486,-0.14009592167373966,0.3061577353263611,-0.3058714420278753,0.20319378049115275,-0.818990607893745,-0.29410938729387076,0.22995378191088317,-0.09968707011723893,0.07845058845476705,0.15159377011309733
2021-01-07 07:00:00,0.38916361684822914,0.1475069813565764,0.5414576205356073,0.4612468229151371,-0.5548355925961448,-0.2068065558654373,-0.31221736207385575,-0.5386728977959092,0.44441761498938237,-0.15305283364055997,-0.09553456060116144,0.26001406866437504,-0.28672126458436953,0.19463394320298172,-0.8386339099864724,-0.3472153019580314,0.2653054095584209,-0.09353328089268129,0.07139168785414121,0.13432310675664325
2021-01-07 08:00:00,0.39946101028039904,0.17850369206719177,0.5338605383210239,0.4289935541788172,-0.5418955027451478,-0.18720066052647427,-0.2901500808223985,-0.5016488104730159,0.4767291539978485,-0.18044070076902888,-0.10288507604532031,0.2721781326862521,-0.28054122611095095,0.1872430904388163,-0.8404941428684614,-0.37764143846859355,0.2672200640429127,-0.12327740342802827,0.07086552400912616,0.08115830588454004
2021-01-07 09:00:00,0.39318198205081695,0.15998182378579512,0.5691889553901089,0.42307867700651514,-0.5804473265217198,-0.20714181168094314,-0.3183692634588033,-0.5421265681026509,0.4408058789439173,-0.20613601756818517,-0.0337537021112508,0.28897101333374536,-0.25481676899263717,0.1700625545055374,-0.8201592565327507,-0.3751974099080171,0.2748104926053669,-0.10218899068378678,0.0877154312837266,0.10692433915594299
2021-01-07 10:00:00,0.38359773615793186,0.1299940528957934,0.5173961734713333,0.39179395252515686,-0.6328695429909779,-0.18983335846960092,-0.30358699212425766,-0.607554009276304,0.41648455215308977,-0.1860194476645887,-0.09106499683052112,0.22430958142047927,-0.24821921599639235,0.18466545354696515,-0.7542634268677991,-0.389684778535517,0.3191570047316046,-0.07393629589499937,0.06739555505006155,0.1363617707819012
2021-01-07 11:00:00,0.3798470184975717,0.15169695778315548,0.5365207419032307,0.3992680576367046,-0.6637460670118931,-0.17441941659762855,-0.3214577122294177,-0.598902213595239,0.42272115269296096,-0.140137986183822,-0.09755485232194805,0.2684126048354235,-0.2738781109131584,0.18542040536864612,-0.7463101840250734,-0.40260058900233525,0.2559488913880654,-0.0006089213137037419,0.005115924801530329,0.11065294244971466
2021-01-07 12:00:00,0.3929693415512568,0.19424126250108661,0.536688312611241,0.3992140781280489,-0.6798322132443342,-0.16204552878885453,-0.34418221916760855,-0.6478186004804561,0.40974891987327294,-0.16736250911417608,-0.05914362602593118,0.2646919957564464,-0.19642152372505717,0.1600508777980581,-0.7288015249748065,-0.41491990970057613,0.23208176286975768,-0.0054875272140026575,-0.0038800863979431997,0.0969689609723752
2021-01-07 13:00:00,0.39300786325753223,0.15117517181163845,0.5273613165927107,0.40136651850355337,-0.7371433539310522,-0.15009686470354872,-0.3943669514306169,-0.6262855744092573,0.4277513167050204,-0.2144980152793168,-0.09094260686480524,0.26310715208670427,-0.13210045193981113,0.18307520417870585,-0.7747918097081525,-0.42348568389237445,0.17516128055645466,-0.011962796791023425,-0.02416029932990961,0.12073701908027266
2021-01-07 14:00:00,0.3929447666628614,0.1489296263655477,0.5029625341583425,0.4658453827267891,-0.740251572525745,-0.11292569894399584,-0.3552133040768722,-0.6201964662311374,0.48755570764182826,-0.1880341725385471,-0.106364817914831,0.33555419403476955,-0.16362197630206654,0.1679273674990336,-0.7749835271556723,-0.3833512922084503,0.17664805647170262,0.03615449563402932,-0.0885679679321961,0.07075599613475839
2021-01-07 15:00:00,0.38057349934722645,0.12728787314101256,0.521732783606168,0.4326363424023491,-0.7823079599101601,-0.12225235630964955,-0.3697668246949218,-0.5443260307422757,0.4678673823214628,-0.13855197694365223,-0.1163715559493831,0.3752690318810806,-0.14655387359903305,0.15818738233581833,-0.7878630737636411,-0.3493034432819799,0.18084508046201433,0.06214713017280636,-0.07925740365262494,0.029604188895340368
2021-01-07 16:00:00,0.35425841068233666,0.10858257028130547,0.49128448247901063,0.4071000138498294,-0.7988398487642369,-0.13984937683051873,-0.32228400849343725,-0.564392555193496,0.4779913006553671,-0.11800598816226497,-0.08366745295450975,0.37133548275120126,-0.09767928377789015,0.19871041276019552,-0.7975691047889812,-0.334485593102832,0.17354977151642606,0.04876060145719189,-0.12493154551532731,0.04299046805416148
2021-01-07 17:00:00,0.35725226836363466,0.09570810927376168,0.5264156040516584,0.42567769711721865,-0.7911492101799741,-0.13100672389768692,-0.3376220737098884,-0.5555031325235268,0.4710677599523062,-0.10767289048555738,-0.12418208634100583,0.3789103864487504,-0.11827264638506668,0.2339490803438684,-0.7749322550989464,-0.32974523947003936,0.19895083118501197,0.02489414609827893,-0.142412161823478,0.032956715511522364
2021-01-07 18:00:00,0.3752725447388522,0.17498143258153107,0.5592248049931239,0.3496252506478176,-0.7772609674902691,-0.18003294451333388,-0.2939260613800268,-0.5649967903915823,0.5311304978976862,-0.16437457029501099,-0.12766144420706232,0.40351252856763287,-0.13210332152723286,0.21151640196868834,-0.7824262153469783,-0.31748783841200534,0.1863840886419506,0.007550205557577492,-0.14543640456593618,-0.03168304984594524
2021-01-07 19:00:00,0.38996323159764523,0.14100022331759648,0.5424336819100899,0.3576127345783385,-0.73722410720002,-0.16532245442795165,-0.25211944317565455,-0.5462375809207265,0.5256446623007556,-0.15640785484361905,-0.11443658893027853,0.4148543725684419,-0.16402840685339154,0.2151176325525165,-0.7575394005162541,-0.3365704055390649,0.1417031177292182,0.050360681482274065,-0.17104186103805738,-0.01665359406263706
2021-01-07 20:00:00,0.3599765222642537,0.1439961322969175,0.5357826924629853,0.3933668913280857,-0.7162561693274497,-0.20024151872713103,-0.2295169251805348,-0.5501934798650908,0.5016029204885604,-0.12826255402031805,-0.12332460007863807,0.3997030554898614,-0.12755622130286648,0.2258795016741434,-0.7283012799619796,-0.2639547813064647,0.14916734476828805,0.08755572963206304,-0.10712015342658204,-0.06540595371110194
2021-01-07 21:00:00,0.3560111859793417,0.22621231068353764,0.5310583894208248,0.442764654389184,-0.732047343570372,-0.17018355876359828,-0.2721038502386521,-0.48398736246629626,0.4602055108010654,-0.09866249814049446,-0.1233002193626327,0.4095408386675736,-0.1717163135617924,0.23548519597582915,-0.7020172574535072,-0.3233216113868623,0.1411031052830772,0.09989670421080415,-0.13064421484755603,-0.05459859970184312
2021-01-07 22:00:00,0.3564125421931303,0.27198343509815026,0.5470297474368431,0.43580943944888373,-0.7138868833033641,-0.1586182023613442,-0.3008382865146453,-0.4770517509832216,0.4441643359174603,-0.12698846546799197,-0.16387117009945834,0.4092400288847721,-0.21125203807847184,0.21888860438896954,-0.651192938976541,-0.2976879251079076,0.14240871090658194,0.027770302964386373,-0.14874056994037876,-0.02963961786160924
2021-01-07 23:00:00,0.3748304282826968,0.25972868325340287,0.5396449301359292,0.41402405177539764,-0.686186841971126,-0.14872572414186472,-0.3153117966157189,-0.4651443434563763,0.4416480122033517,-0.10539707701944584,-0.15802194122128937,0.35007979842437553,-0.19877608442045383,0.22890544046893233,-0.6566908908075836,-0.30760561351131294,0.1608408879869591,0.016771215965625193,-0.12268070250967213,-0.0035452863072982545
2021-01-08 00:00:00,0.36697189273230985,0.2835379388204686,0.476305813132669,0.46657715040077685,-0.7716055803570319,-0.14101909020873432,-0.3031603784301172,-0.5054902069659127,0.4240974073279563,-0.13927772316489895,-0.15513370755959174,0.37202842371278316,-0.19224105252834575,0.2461957902077782,-0.6488090381111368,-0.3225623770145397,0.18825859131605396,0.03749714439849158,-0.11347310681351863,-0.07337161942777773
2021-01-08 01:00:00,0.3454294456836293,0.2566370742510922,0.47309793250873655,0.4789526480160081,-0.8464033418923678,-0.18638030370224612,-0.25905264899101976,-0.4914874995215116,0.37865447967046706,-0.13648021818897313,-0.19011418229916333,0.36658599464309566,-0.13734364373931504,0.2782649074601186,-0.6776787133273412,-0.38615984372789086,0.19534013104856873,0.07468244832209056,-0.13614082008412015,-0.045860112798604226
2021-01-08 02:00:00,0.3827729826290656,0.275424590331418,0.5201857990422065,0.4928852107156297,-0.8357454178648942,-0.19856135165547373,-0.2268156080389154,-0.5625583401790644,0.3853234611496347,-0.09049907103839475,-0.2311686128761655,0.37133104874754275,-0.17166747759041337,0.29698374217746326,-0.6740240391848042,-0.4097345138985756,0.21359530900751209,0.043574727164995525,-0.1722263802499307,-0.08375723679532662
2021-01-08 03:00:00,0.36825203907343595,0.22537592065491385,0.514572003217393,0.4823365482446853,-0.7503047403315737,-0.16966968872576085,-0.2870393740985154,-0.6117106024508906,0.38469279213916713,-0.08003053753282724,-0.2546480981878957,0.3556452124516443,-0.11852811450281497,0.2995577976986917,-0.7055872781658035,-0.4359240061710679,0.22318095658880302,0.013686193164216428,-0.1424153718338133,-0.05987194456680144
2021-01-08 04:00:00,0.3768419588043632,0.2093911713170899,0.5093748618767899,0.4635013497101792,-0.7628830308106216,-0.13829361390453618,-0.28917899581878065,-0.6245088559899383,0.47756179307586016,-0.15495581628418018,-0.27612460983239157,0.3715738053449099,-0.10680165744607509,0.3150901704283683,-0.7230980550822117,-0.44452798341180716,0.24223783811216484,0.028802363242296576,-0.1517209137207249,-0.06987313037240617
2021-01-08 05:00:00,0.37999589589814053,0.1842658350569501,0.5722746902040636,0.4373904184607072,-0.8177621878853158,-0.15335309043494744,-0.26214633604593957,-0.635356549512535,0.5372185528418034,-0.1877182814872425,-0.2885512703715363,0.3525532929577705,-0.11705743364338088,0.3391079122763107,-0.7325519374788372,-0.48346339789209597,0.27211738136719577,0.05847580582880411,-0.22106503600206015,-0.04189203615547214
2021-01-08 06:00:00,0.3991914820727744,0.1565899951963033,0.584909511433914,0.42057533633507044,-0.7964417138461138,-0.14209026251485862,-0.13441492888769632,-0.6021170807495103,0.5391553468762348,-0.1653307241627806,-0.2773231228954469,0.32014266575235917,-0.1185736019893876,0.35374766539748126,-0.7475852089097829,-0.4783828296619104,0.30114464397838164,0.0355594389456058,-0.21715209347916853,-0.0742027431402641
2021-01-08 07:00:00,0.36519349351733904,0.15888957759784583,0.5928704889893818,0.40326152899217027,-0.7762147344215383,-0.1746387976150322,-0.1310268257305103,-0.5597591136395897,0.517196930524487,-0.179173057828379,-0.2918687730992994,0.3022881395809125,-0.1168811484168589,0.3292326583552122,-0.819346144745644,-0.44607255958471087,0.2767913793924878,0.09454824259840307,-0.18442013890560852,-0.04276885876668901
2021-01-08 08:00:00,0.3577063385022112,0.14819666274184212,0.598747991488971,0.40567779527206305,-0.7665856395905676,-0.17407632832015393,-0.11029171881069866,-0.549657073867449,0.5022892928055708,-0.1872464759959328,-0.2624582940517825,0.34940113131732187,-0.16216183528502068,0.363514511751634,-0.8312268866252449,-0.4384091893164809,0.2593443351515027,0.06899104594735903,-0.12841057055571853,-0.03808220681040974
2021-01-08 09:00:00,0.3688312463258399,0.11209415891672764,0.5826693464071618,0.4372880341564923,-0.7754866623832285,-0.16653025996596743,-0.0559380218623563,-0.5623688853930975,0.4920389010330437,-0.1599192870033885,-0.22529066557601127,0.38151211598760854,-0.14500494365022665,0.29990254109608866,-0.8093573075000797,-0.461140192026147,0.2303855359348565,0.02808043692100621,-0.15620962166934138,0.001880923891315986
2021-01-08 10:00:00,0.35875652085415344,0.13926909665601184,0.6049175992198043,0.43528461136046587,-0.7931609567517075,-0.1774049630827127,-0.05281777174605827,-0.5190357954594937,0.4885627255839408,-0.17523891516488066,-0.23642665566400167,0.33081552527153596,-0.16639466856159546,0.33622668973495395,-0.822296108689947,-0.43934429243834705,0.2246429003271189,-0.03069474342439856,-0.19783229853556636,-0.008958410376124944
2021-01-08 11:00:00,0.3588667874653737,0.20500741270853629,0.585113925495844,0.46647737729509703,-0.770917296604824,-0.15976228266489298,-0.03995211231993719,-0.501207258000736,0.48580835845851483,-0.18491825726892624,-0.2585963874266886,0.3116683976513202,-0.18154562973035504,0.3213130293879463,-0.7766964428150642,-0.4178179798373325,0.22484546149329704,-0.03559324030872879,-0.19252581750581796,-0.05743704482445415
2021-01-08 12:00:00,0.35419899533781407,0.18991134917565247,0.5993596276618925,0.4516900149076829,-0.7342036221116504,-0.161995323629396,-0.034187887670142345,-0.4726226177073938,0.47905950538600095,-0.1350658076762693,-0.2521981438027351,0.3735045513973936,-0.17505903546552218,0.32382397654464085,-0.7422312679352083,-0.4477400813507947,0.27577070637053935,-0.01585222046976236,-0.16589427947474655,-0.10949066539336647
2021-01-08 13:00:00,0.31295922179383845,0.1710012487835093,0.613256893530793,0.4901818630364611,-0.7259216034154458,-0.1533856598562243,-0.018944711523587388,-0.49174443087770836,0.49451235104247476,-0.12988257848291673,-0.26780372181731416,0.3605804603003698,-0.1265815224453119,0.40000164557037704,-0.7358442954614968,-0.4942588248321707,0.30602449971769435,-0.01685354435237893,-0.140380272944291,-0.08707307513924828
2021-01-08 14:00:00,0.30534103837261156,0.13390358637439786,0.6181936346207042,0.45531587253742417,-0.725686890716672,-0.14746928312261634,-0.021036391652085797,-0.48898754365229374,0.5388605678875668,-0.11974850644802543,-0.27512577604067556,0.3556221219404805,-0.12567474228132947,0.4286455017266876,-0.6995229656188384,-0.5199725362862009,0.37584390964960684,0.025472513208026928,-0.11496228616626794,-0.0735771147890818
2021-01-08 15:00:00,0.2860958266352197,0.1269565970548486,0.5804687831779688,0.4547288264447081,-0.7503472681514785,-0.12817852244404154,-0.013668267636183186,-0.5509216574104672,0.5432293317736866,-0.07924750743888855,-0.22694100174908696,0.41822979282887657,-0.17122746402284822,0.4183586187903197,-0.7468117512535127,-0.5231528544327153,0.39828565367073177,0.011887803690145866,-0.09662849185971978,-0.050518650163553544
2021-01-08 16:00:00,0.3043294826100637,0.20310995242399366,0.595220967225573,0.41936154767814865,-0.7532159036230116,-0.14978375973034003,0.01641361854553993,-0.501062060402202,0.5829665107588897,-0.07535687372803368,-0.2687083408403828,0.45464832572925745,-0.20945940685988546,0.4259910122362385,-0.7464709074073658,-0.5705849808928166,0.3882869096785342,0.008287257313595102,-0.06196646625776438,-0.028787435672443504
2021-01-08 17:00:00,0.29525383941470673,0.20042136586599985,0.5878466239866134,0.44915682454021055,-0.7335750860256917,-0.15822502037829606,0.0015017988253475337,-0.5000416818131863,0.6511352492998226,-0.0730404345534438,-0.26172013984018877,0.4640550992438015,-0.1407038835636091,0.40553844811685225,-0.7676466628699335,-0.5643511891106253,0.43609131081982644,0.002959233115881552,-0.08513775375695375,0.015025972681865011
2021-01-08 18:00:00,0.37487905721529635,0.2157132450699542,0.5908229039723725,0.47492050372877187,-0.6215917393234536,-0.16270952905065786,0.0225227549023408,-0.46152073322893766,0.6416530811778007,-0.06183734127801155,-0.22786055985766873,0.47938543290694735,-0.1306271743232923,0.38026109696606525,-0.7279665494164191,-0.5392174991257167,0.43860853544386164,0.014668090481716004,-0.1400689336714857,-0.04128376427563196
2021-01-08 19:00:00,0.40181812257107274,0.1425422988458317,0.569659974956574,0.4180382335843349,-0.6036850008334496,-0.18577976136455027,0.016402317322625107,-0.4606724997557323,0.6289725789280055,-0.05603500226772036,-0.21698580106382948,0.5060366998646119,-0.06506670986457629,0.4507921117520047,-0.7303125583387832,-0.5493770683956368,0.45796081570230235,0.02104032606162111,-0.20244470106469925,-0.049650700182329956
2021-01-08 20:00:00,0.3931963425826908,0.14063590235676754,0.5355115373755311,0.4138142431726939,-0.6014358967124193,-0.1697949120046818,0.06333702015597595,-0.46144030573395517,0.6078995493294042,-0.09922641315026676,-0.2081340737895329,0.55651395122642,-0.03458224167295581,0.4402188950343746,-0.7160563416278658,-0.535604974228649,0.4806061075016615,0.03727111750793397,-0.25356643763640924,-0.052899427301257074
2021-01-08 21:00:00,0.37790374983184527,0.21543786329052717,0.5943786327657197,0.46101327635387673,-0.5990157718504703,-0.16984213287395064,0.025033815118598375,-0.4585126855472288,0.6104663254806161,-0.099706308695405,-0.20204906683534832,0.5756286107623447,0.0021036525354050095,0.4588981785946872,-0.7775753813490918,-0.517853155869111,0.4613887215057145,0.02444027357359003,-0.22940119789071142,-0.02533036551841235
2021-01-08 22:00:00,0.3502402963396805,0.1806613554440801,0.6129887358563807,0.4206514199309969,-0.6181431131149034,-0.14693193338483648,0.013532126237722287,-0.41549128295816296,0.6384988538114303,-0.14975826616472737,-0.1628027731264875,0.54569046813249,-0.0023009277678173166,0.4135643357857744,-0.7818383448114572,-0.5190047331905888,0.5080115151781399,-0.02325477740341658,-0.20784219145432564,0.03479743663274129
2021-01-08 23:00:00,0.33394875025228754,0.14744343256944825,0.6157216608738076,0.3981814911657152,-0.6520653305253972,-0.14690845853783044,0.034818993961452605,-0.4108645589554721,0.650939067341037,-0.14039510848177073,-0.17464053785033556,0.5640639189793675,0.0028425516891606196,0.5005581694884977,-0.8331816164906068,-0.5239390556386728,0.5528195024037132,-0.1031860801147723,-0.2590385081498489,0.010385193608999893
2021-01-09 00:00:00,0.3753285311072867,0.1268721432158115,0.6213581676056781,0.36778730927028275,-0.6455557546291496,-0.13562834012098088,0.05142220133081349,-0.4459631279790476,0.683134617429523,-0.16118539404340096,-0.19855914768632796,0.5911389582337877,0.041287462852253105,0.5355288616114893,-0.8682537271360314,-0.47319130328085496,0.5574413787238469,-0.1175824677424337,-0.2993725585615618,-0.05244559269678492
2021-01-09 01:00:00,0.3549405979162157,0.11505529901113423,0.5959223511497607,0.3574597636256221,-0.6949898244738731,-0.14107295854728746,0.057209661867464595,-0.44252122786392417,0.6657315670716365,-0.17646664761534755,-0.23985425884581882,0.5561581785219645,0.03518986223506744,0.4984921484391672,-0.852556522456545,-0.4684741917787799,0.571847134045562,-0.1217281228865035,-0.33211056386576426,-0.018467025257683123
2021-01-09 02:00:00,0.3663021882698126,0.09359043251767936,0.5881628563975224,0.4069682593637284,-0.6932779535390564,-0.15910572146806978,0.045003372783453906,-0.41787069585949793,0.6215353885159892,-0.18992994552141088,-0.25021437849939776,0.4598422575647415,0.05054347997603659,0.4860361256683554,-0.8718710461587541,-0.4636703621045028,0.5850826400525219,-0.08564043330377688,-0.3468938287428975,-0.06704466719760781
2021-01-09 03:00:00,0.3201672009196316,0.1115099257967034,0.5492314534155813,0.41486892060864616,-0.6506891121803084,-0.14540911225236644,0.0471587305456659,-0.4300711870639801,0.567666469155904,-0.17792764591104668,-0.23988600161807208,0.44621357646102217,0.0534512076251226,0.529090481834266,-0.8630292073184297,-0.45337421513321646,0.6200926168505012,-0.09194846922474799,-0.32234396726252645,-0.09551786326196357
2021-01-09 04:00:00,0.2922848955512454,0.13906428904089127,0.5836816317078307,0.4111280595270295,-0.5585563968134306,-0.19700711315670705,0.0805198415748433,-0.43996857559082836,0.5280661611461922,-0.15111469211394518,-0.2039590292367346,0.44852564695439384,0.0375374353952541,0.5381241642290591,-0.88129265972373,-0.4602055345869512,0.6282070785268066,-0.14668404483320996,-0.3276416722816374,-0.04992614705343597
2021-01-09 05:00:00,0.30276718357847915,0.17779111755067736,0.5675200017881525,0.4091960740707129,-0.5361818897003565,-0.22238695782931467,0.08911973902310648,-0.4179724057302931,0.5410715318513926,-0.1275288841756342,-0.265831556448072,0.4515951813451059,0.024149771234382358,0.5773366866956873,-0.8432966247717628,-0.409592530450526,0.6059511193022215,-0.11801002693804444,-0.33701871228706515,-0.005240278661597111
2021-01-09 06:00:00,0.26288875797271166,0.21600403166885063,0.5738980444708827,0.42280862671114916,-0.49429355743724257,-0.22150952772291677,0.12628004751282895,-0.40256409208031435,0.547656301857707,-0.15880016310889172,-0.22093686326413975,0.42904289153645353,0.004679085687098232,0.5709033161436871,-0.8965553965108544,-0.41184579499046936,0.6015144050758354,-0.10795900064744514,-0.30612168859522576,-0.007915932073675844
2021-01-09 07:00:00,0.22186676894066698,0.23551865128772478,0.5472891439129737,0.4393041611905238,-0.5298360659890197,-0.23698187887478817,0.13077995494365072,-0.4535604885333496,0.5741194199397965,-0.19341891960932545,-0.21903870517292942,0.4515976054925637,-0.05047327368608592,0.5927124868038255,-0.8906969224557489,-0.4762736754186707,0.572298651113415,-0.03261380880875807,-0.3410052711586558,-0.05591750487862478
2021-01-09 08:00:00,0.21070437833011985,0.19913829628738589,0.5326691633353693,0.41719937120542755,-0.5629705037447064,-0.2173376525339187,0.051455679014801775,-0.45716289130423143,0.5402945783087924,-0.15049069429497974,-0.19025832285542188,0.4341196828904109,-0.041083533532563006,0.6236438994762677,-0.9321976110852834,-0.4313420079822553,0.589590265861603,-0.10260845926817826,-0.32655684036855587,-0.052340066677359666
2021-01-09 09:00:00,0.17034680077662204,0.18261511780826467,0.5642915487746045,0.38771737602132,-0.5358368633760954,-0.26453911597421437,0.008804995283832558,-0.4625364187101,0.5375774867903185,-0.11767117757505302,-0.23369123779487547,0.43561906549326435,-0.048700775156918834,0.6503849856757077,-0.9273030119619681,-0.46880276405451,0.5987464556178906,-0.1284213007920581,-0.2935187442387728,-0.05104689714752167
2021-01-09 10:00:00,0.12725964928043498,0.15204890064343377,0.5664827981842707,0.39763812048893526,-0.5518800311801425,-0.2921025715240968,-0.019585265705583645,-0.47322099505757614,0.5510902058349488,-0.14432271181804165,-0.2223684045961229,0.3826882455656896,-0.03581572601456372,0.6689038604851912,-0.9471112918973499,-0.5032399236564762,0.6119594391096443,-0.04717632350002751,-0.31217044465992627,-0.033928239060935325
2021-01-09 11:00:00,0.1496332927130468,0.1228464865797926,0.5782011484057511,0.42530337072487295,-0.49463459516889957,-0.28439477527117285,-0.012742624129774942,-0.42564700893834456,0.6142477363214237,-0.08418391355634725,-0.1936186191540968,0.3566939145034991,-0.05155089633797877,0.6740073759756722,-0.93892680171283,-0.5309281465125273,0.6223337877670324,-0.05203330574744135,-0.29102476208819555,-0.049233178208038256
2021-01-09 12:00:00,0.1990271902025274,0.1918348625710723,0.5629151778889712,0.4327731121475424,-0.48656257071164155,-0.2831223560100782,-0.03781292191805711,-0.3561694114409022,0.6078422420083291,-0.0945622873040229,-0.13924941426338616,0.3847008364462233,-0.06238683603565957,0.6460401061013095,-0.9715453315541221,-0.5009116981779371,0.6326185016233451,-0.046926495854574035,-0.26413743995894445,-0.027612476342613775
2021-01-09 13:00:00,0.18694190099462998,0.18309248131953615,0.5806393530552809,0.4645599999878257,-0.5304923988681884,-0.25612689794179144,-0.048924370404676086,-0.3733371831327824,0.5760273934725855,-0.08355293386881256,-0.15969340293853687,0.37491073958621857,-0.018876693156122885,0.7032494168981654,-1.0424712690940567,-0.491835782755356,0.641893019856715,-0.10598731725134199,-0.2943849026955678,-0.07956690020632033
2021-01-09 14:00:00,0.23097605409894026,0.16722994265041424,0.5731169806348141,0.46901151460956725,-0.5504897903822796,-0.27785235570072914,-0.02831379724111637,-0.33670659450617973,0.5813101206661424,-0.11285241562142799,-0.12345341726522119,0.3949840861796029,-0.034908937192127634,0.6547655310179991,-1.0586416088990545,-0.41424395339502385,0.6214712641605376,-0.11694369767466553,-0.3187241525396921,-0.12925416770592546
2021-01-09 15:00:00,0.2719528634529556,0.15738802628920115,0.5750599702921482,0.4369934289490136,-0.5515692040364206,-0.2645849089684234,0.004419291142812049,-0.34423093266681304,0.613873639035636,-0.1643717882672997,-0.09674846311849553,0.400793753234682,-0.07019978343923605,0.6706908609217457,-1.012966404233227,-0.3978159278764525,0.6120158343656884,-0.14291299462461168,-0.26892562027740563,-0.13402718053716958
2021-01-09 16:00:00,0.31157206730004305,0.18895736178310601,0.6180222392482739,0.4568900046428899,-0.573587178606163,-0.2899108679077369,0.05152307384282216,-0.38038418799269347,0.6063069164137838,-0.17667524914937366,-0.10424133412460197,0.38694015183338953,-0.05938017972474753,0.6930192050310187,-1.0106688415452416,-0.3908073906293667,0.5324353019843655,-0.12984449714090648,-0.29684228684512304,-0.11740404903493992
2021-01-09 17:00:00,0.3335644442981,0.2170694521914865,0.5984073532504132,0.45528086153810027,-0.520125102309843,-0.24886621680621657,0.06100213112660892,-0.36920530375669447,0.590847573228462,-0.19306312837739037,-0.125819927303393,0.3980393424773698,-0.06817322087566928,0.7586148420143646,-1.0116523754965316,-0.38973316212931813,0.5911381372611751,-0.13034021953705524,-0.28481113551626835,-0.09551560540824611
2021-01-09 18:00:00,0.36018922709990536,0.23577219753778586,0.6484124910371033,0.4370159772550954,-0.5031903928400391,-0.27380175022913145,0.058592449615173486,-0.38386543023736563,0.5947829514885773,-0.20374669805675952,-0.10696242266200083,0.38345173150060685,-0.031457642143805926,0.7611741662939385,-1.0141765131734781,-0.3955205592186638,0.5940181967979181,-0.0969605508136567,-0.27552762158407473,-0.07186690967032881
2021-01-09 19:00:00,0.3220283358804757,0.22368569571260322,0.637445724717162,0.38510872119586,-0.5739839744958093,-0.22933786636622638,0.017526923023619544,-0.4151130719187559,0.5634464538580286,-0.19724917220065988,-0.12654060792603977,0.4218786494898098,-0.07050172652521536,0.723247730595907,-0.9785240853644908,-0.39231667910506585,0.5945495277849208,-0.08552853644935524,-0.2568888057768429,-0.1254361104376125
2021-01-09 20:00:00,0.32460728641470343,0.22995032297518886,0.5775451177545512,0.394968628621249,-0.5694549005055957,-0.25884448379766517,0.03436491688900717,-0.40251217997757877,0.5694954305182978,-0.2066349821068398,-0.05388406297869551,0.3941090550495638,-0.09152558894319239,0.7160938948376494,-0.9491251687374593,-0.40416620223854005,0.5869666618360441,-0.03343915467391951,-0.2925650793061341,-0.11162330909895139
2021-01-09 21:00:00,0.32721231515597604,0.24879439754491103,0.5756433659616913,0.4224682791273426,-0.5704486862771275,-0.24881659025501074,0.031661522725044515,-0.4951661448299826,0.5944461816223703,-0.18305136168421016,-0.03895789485610208,0.36679277928293014,-0.08766321020941044,0.7008625714768358,-0.9240077247316109,-0.4210090814061511,0.5410701119361919,-0.014232711463905045,-0.24762041149803893,-0.10825028449925188
2021-01-09 22:00:00,0.3414302979472172,0.2601239914109538,0.5618193462004848,0.41211102262992694,-0.6349237766794003,-0.26469962929842866,-0.002736911229703952,-0.4336763166211818,0.5898688527086937,-0.18339452940029483,-0.07631499836432494,0.35288295431629074,-0.03966298413926801,0.7243215431845186,-0.9285626529482331,-0.43991505035104284,0.5813629879853071,0.0036395148762612285,-0.22576592513183655,-0.06379983301878586
2021-01-09 23:00:00,0.34545845661519536,0.25572925410174274,0.5110930418752291,0.3517612333541035,-0.6554151961204095,-0.21725964065851616,0.028143941750913098,-0.4446959549146952,0.6258653918480259,-0.2304339199165138,-0.11798902085408719,0.34550405104314585,-0.01735079477476518,0.7310918105097294,-0.9277752554810559,-0.5046915431844228,0.5593169739543002,0.02348608040681304,-0.24421339208423648,-0.09182750424295436
2021-01-10 00:00:00,0.341868601770178,0.26447171733767805,0.535791372232605,0.33701117131026104,-0.6197790606936712,-0.17063451465502788,0.04811808818056883,-0.40411825893812053,0.6220545089813907,-0.2069173683709225,-0.11167727778586162,0.36336657586145976,-0.04527904614691851,0.7172578915451409,-0.9070116191265276,-0.48766639505389425,0.5653864044911941,0.016220651842786708,-0.3018658878312589,-0.09856877298589886
2021-01-10 01:00:00,0.31460496394921256,0.27104780947294616,0.5441878427495993,0.3198139606863743,-0.574989423623702,-0.2545763500177397,0.06247843363719538,-0.36614658192377764,0.6079546149523408,-0.21449663616470288,-0.0983666203168494,0.3844304144018091,-0.06572374593704164,0.6643393131042775,-0.9178556750990009,-0.5007550487854046,0.5618599713332971,0.012922651578995269,-0.24271245016739504,-0.10705913173077783
2021-01-10 02:00:00,0.3167832840251175,0.24901192411427087,0.5064246451207942,0.30947904109374075,-0.5703304072649078,-0.23636427665238963,0.08689377755402594,-0.33463591240675994,0.5651240678036501,-0.20475119927690574,-0.16906364653229852,0.4130361193500008,-0.06848622202375841,0.6291198190871546,-0.881680950681464,-0.48973522354821514,0.556808090416216,0.01769222279920684,-0.20093466329785276,-0.07076978066498348
2021-01-10 03:00:00,0.3330612398399351,0.2469950678983921,0.5523882208827448,0.3209128473420192,-0.5688062766308544,-0.23005533536756184,0.10137078885037239,-0.3300268389698471,0.5612643914212228,-0.2569499145252928,-0.1299497476148155,0.43904200135615784,-0.099070459330134,0.5707059250372242,-0.8715997746114384,-0.47706647645884287,0.5905550331872309,0.04173994022527418,-0.20486180178021185,-0.1323261812179227
2021-01-10 04:00:00,0.33758671435101073,0.21013125059396967,0.5370762317791223,0.3402365064575292,-0.5749947311877699,-0.1953784894916827,0.1214129615040408,-0.3556701386505947,0.5399513055088693,-0.27092035501801925,-0.1739699100619067,0.445344969293812,-0.08987399168322478,0.5885030518025922,-0.8821459683137892,-0.48143086331292767,0.5975283813960424,0.0672557684666737,-0.21565607379398286,-0.10236065467224481
2021-01-10 05:00:00,0.30717250394427026,0.20523023055951034,0.505802340063858,0.3595642476472157,-0.5974546892620378,-0.225472309171881,0.09457495489692933,-0.3536213951366114,0.5699250451748504,-0.30204663661636416,-0.11904261131112942,0.44795303710396484,-0.08529787538199907,0.5872799475910561,-0.9713747067749939,-0.4538002123214979,0.5838138028275942,0.05780204747921144,-0.24618407093211223,-0.12410660726532348
2021-01-10 06:00:00,0.32940709141897134,0.24514136538506764,0.5375018618196669,0.38729832470773407,-0.5303869690934085,-0.2185091453579942,0.09246212180816973,-0.34204620656291373,0.5993974234107172,-0.3211680011586164,-0.1918053819568003,0.43794641857606575,-0.052295810738019456,0.5916610572743434,-0.9755490600026991,-0.4484138224385087,0.5933530733382291,0.056911987791090274,-0.2552163884701883,-0.11808317010306793
2021-01-10 07:00:00,0.2721001662272903,0.2782029452652415,0.5211857444243618,0.4291566689143602,-0.47180431342379636,-0.18966933310639564,0.11108309328677939,-0.3395940014576802,0.618275604531867,-0.3189061445199435,-0.19762051877256534,0.36150554418290687,-0.03331887020322348,0.5739408495019395,-0.924133055808728,-0.4391267286200147,0.6401454541757539,0.0746552221351553,-0.24313909192731065,-0.083726238468224
2021-01-10 08:00:00,0.26397137506978724,0.2837293641295266,0.5036903487460985,0.3982823468792182,-0.4939215817904705,-0.1906013611775549,0.027973395539841656,-0.33205169676562896,0.5980772931252383,-0.2844615588765209,-0.20019193654648637,0.36195928355568713,0.004095146491043415,0.55393774745673,-0.9432525607289542,-0.43164990661129554,0.6306030927665567,0.10812300094444512,-0.21139346495009353,-0.1332595651198972
2021-01-10 09:00:00,0.29092374776996155,0.26272826577234537,0.5459038801763856,0.38714389531989,-0.49292396204108074,-0.17661177400575526,0.015462080186213064,-0.35773741574874374,0.5984687295104592,-0.25456768337573965,-0.19853290357350803,0.3433488572418713,-0.03543005206690122,0.49992263654696983,-0.9835869559444926,-0.4530765390662862,0.6103254992292417,0.13217625611854097,-0.17751054154523838,-0.0820709996722368
2021-01-10 10:00:00,0.29211718122880836,0.29142011890877645,0.5228362797056767,0.349090752137002,-0.5284770362248251,-0.19153800599960058,0.04481790998771826,-0.356737931589565,0.5854383051963059,-0.25923643891848824,-0.24030008087721466,0.30086062558984533,-0.01941404013766833,0.5079906877566662,-0.9852756125567601,-0.42259533171010494,0.6627995232116158,0.1642404635165686,-0.17866104769873856,-0.12971743500530677
2021-01-10 11:00:00,0.2480356463650412,0.31158477723433753,0.5054515706800725,0.3973251004029827,-0.4984703079965235,-0.1557781699049482,0.05141652682394152,-0.3087532711877159,0.6107416223505011,-0.2187225146015103,-0.2198967943185435,0.25578287184875953,0.009218556718824614,0.49487974049991446,-0.9883781605081323,-0.4263569922837105,0.7020671437177011,0.14658566293205127,-0.12589634144733367,-0.1027000330069355
2021-01-10 12:00:00,0.23514779775175745,0.31174295936947216,0.4617568552661968,0.3768329088406294,-0.47620776814530436,-0.0624342453964893,0.054282619881464204,-0.28684588932036026,0.6581118054577001,-0.20085374963625915,-0.17533226396529117,0.21672982788450146,0.04104212334768665,0.48255886092292133,-1.0033303332373127,-0.4412508380808343,0.7124594132334193,0.14296999191545307,-0.11230742330655497,-0.08665801901611807
2021-01-10 13:00:00,0.20066562590427867,0.3009255164170226,0.4764007368987949,0.3917317802191332,-0.48664937325623014,-0.06373152412825364,0.01748821171144678,-0.3369753985919701,0.6620423678859783,-0.19103383337514757,-0.16524684223389172,0.21388359370639118,0.12295862493782127,0.4688582579719827,-1.0311697754393385,-0.4783716748311742,0.7067767242450208,0.14448627480476764,-0.13180151487403527,-0.11723943181095153
2021-01-10 14:00:00,0.12910998641364724,0.29142790586454687,0.4151188152722561,0.37877985109074147,-0.4810876438912232,-0.05132020643578294,0.06345151795812998,-0.3396342804456681,0.6964077332884245,-0.14214990388155785,-0.18064840801837145,0.16277767890719483,0.11723908745117749,0.47014371279759376,-1.0741768393104592,-0.4523343314907347,0.7412919564885925,0.13478036196197468,-0.14344698053782615,-0.12363446052287123
2021-01-10 15:00:00,0.1765342826299895,0.29332888868650153,0.4144180979695632,0.42036475193747513,-0.5108632609926764,-0.09495859434993298,0.034343107593067225,-0.32937778543851476,0.6985199516265969,-0.19320526756594872,-0.1386686736031543,0.2042384239797681,0.10137495503731034,0.4711280978708812,-1.0949819801232399,-0.4720669697392917,0.6864470272955755,0.11538626209022998,-0.17135544486329868,-0.13935340450222722
2021-01-10 16:00:00,0.20781544593608586,0.3584286387541963,0.4428907827203591,0.4111911422547862,-0.5190106860698598,-0.05323852533461887,0.07163126841627454,-0.32668665717948203,0.6826846157802716,-0.23237862119992198,-0.14143913507584102,0.21246981643766388,0.11714628592580559,0.5144230541790673,-1.1635541776481797,-0.4621289440381376,0.695466420570596,0.10455979902840898,-0.23804125689846484,-0.13729967847120259
2021-01-10 17:00:00,0.13857462484882072,0.3363719249033364,0.4739986463726968,0.41257471345532765,-0.47257486831023277,-0.021751191079892394,0.07436371008671522,-0.3474274421516271,0.6905950535461731,-0.24323567874498447,-0.18075160338214652,0.2834130026138169,0.08800024537651208,0.562278366669743,-1.095565739936578,-0.4593529201100518,0.7143586843650037,0.2028126380063459,-0.22346667458466307,-0.17881606178124695
2021-01-10 18:00:00,0.11567812484055054,0.36763829191778935,0.44436163447318067,0.43311020937452727,-0.4796452480903505,0.029697977168019397,0.10549865275886679,-0.35888729640508604,0.6985508877563349,-0.27016018198853375,-0.16251931461006378,0.33440934987353943,0.1037598042350309,0.5442273838577648,-1.0958057363563074,-0.42889945784797484,0.7063580984705958,0.1677379720880855,-0.20623661910177518,-0.20684987697501994
2021-01-10 19:00:00,0.11896257753262371,0.3521402731760136,0.44128386359836697,0.4802540905520803,-0.5094085874715112,-0.014957815921184187,0.0921141783277054,-0.31581970021362393,0.6889171615860321,-0.26780332759264786,-0.16329406905706403,0.34849211886915515,0.08591828490760803,0.5282103599450679,-1.073747508937951,-0.404220200335873,0.6786816354393047,0.14751412820020035,-0.14537933119285396,-0.17866063128748358
2021-01-10 20:00:00,0.07554278216180252,0.3458008198774189,0.467633615988342,0.45832759951012914,-0.4868836681760242,0.01522175344146947,0.10200192486244103,-0.3028105457738072,0.6731483436845676,-0.26458578768652335,-0.1317734244753367,0.3911377832617569,0.07880433529025553,0.5027910519385493,-1.0916910286533492,-0.4022613458632289,0.6654890095522443,0.17669453311466812,-0.1839348844274984,-0.21272382240686985
2021-01-10 21:00:00,0.10803287053236688,0.29257335873636897,0.5001962106693095,0.44181503467039723,-0.4888975337308451,0.012387697194312427,0.03304114257814725,-0.268173438491734,0.672622393679196,-0.22018722704505456,-0.08968596638672066,0.43466444571955565,0.1326349055562096,0.4668363953701125,-1.1233598905510056,-0.36523792501447166,0.6241387679965875,0.17427936831988705,-0.16900893459478705,-0.2181575533277642
2021-01-10 22:00:00,0.09541202968835161,0.285441019591674,0.5109076847713749,0.5167848449626371,-0.5568497540924824,-0.04449451797929575,0.05397976605494434,-0.295919029974347,0.6147674627265706,-0.13232927496269925,-0.13592245406119174,0.4844347725589383,0.1575802846003031,0.5012338376839536,-1.1690442673978787,-0.3291316555857242,0.619006312691326,0.16555288071145943,-0.14802337527352402,-0.23381142034186567
2021-01-10 23:00:00,0.08898773958626263,0.273900907821056,0.5367042207684529,0.5001453333509256,-0.6076577344447137,-0.048268605073150284,0.05559324232808925,-0.2971870370497606,0.5731002635524095,-0.11691982082647712,-0.18351559174139753,0.49525969266697045,0.14893640997029534,0.46111468428130276,-1.1682914159775488,-0.36319400479514374,0.6494040804432195,0.1300988833523383,-0.12567169308316803,-0.27555054643456284
2021-01-11 00:00:00,0.1205985500142218,0.2840636419327504,0.47980368307294124,0.5404436834835853,-0.6418154501824571,-0.08926359882217991,0.04935991140193252,-0.2436515150126514,0.5838092660781135,-0.11915339910617423,-0.1970992652425396,0.4643548455162654,0.13214738933847142,0.4262052360395546,-1.0979825086439319,-0.32380132482096524,0.6294622019827751,0.1059798981124623,-0.12352157345205608,-0.27862645438590306
2021-01-11 01:00:00,0.1516735570944547,0.2400915262715989,0.43763943454451826,0.533473162799107,-0.6302329365108273,-0.08260701962425672,0.03945735944165147,-0.21405289916693943,0.5593378860013671,-0.1098273905933027,-0.1671410269169728,0.4080860393722702,0.11076050603292695,0.4353652159090645,-1.0869307322613146,-0.3173664895372195,0.618839185404986,0.09814435960224165,-0.14258765219201766,-0.30642585387645177
2021-01-11 02:00:00,0.1382044585057374,0.25083573201588305,0.4625657111419382,0.5810564310937412,-0.6433981596983677,-0.06426545218121221,0.043339417354415835,-0.14790862480203204,0.5539163569108422,-0.12002947446924626,-0.1630783276022404,0.446537437277133,0.06356126136037477,0.43880931196270445,-1.0974143532117069,-0.2695231495504896,0.5831563226728415,0.14755882099232326,-0.19442296786935276,-0.3172856405454169
2021-01-11 03:00:00,0.16937588359385786,0.21887709765367397,0.5171213064314576,0.5675218194700388,-0.600972139130128,-0.08626854285985786,0.05695538641471012,-0.08889958697055242,0.5264766225548649,-0.14373259366263913,-0.1830594218798721,0.4270940309311248,0.0365820037286331,0.4068178952453694,-1.1326405345599833,-0.25953659333142853,0.5719557658420962,0.1328560997421096,-0.2167813940727604,-0.35320789808915604
2021-01-11 04:00:00,0.13437971786058178,0.18179540873756217,0.505129015101165,0.5922523041862615,-0.6071012561997206,-0.0990211392772913,0.09494754959338803,-0.0069387568920447895,0.5603053002676317,-0.14131779659121294,-0.18875583427289847,0.3572352826736281,0.06961712204919127,0.4121178800479235,-1.1947038975118927,-0.2940697153442932,0.5808570058741719,0.15231507311512058,-0.2694007030406146,-0.3862701127956761
2021-01-11 05:00:00,0.12721147343989994,0.21613044289103514,0.5249680218749175,0.6319503505737532,-0.6089520015935678,-0.09557944432130588,0.14884429034881277,-0.036065624874605885,0.6302412251889022,-0.11423880797595923,-0.15499186124280792,0.327631089251896,0.05014263014974808,0.3842906281715001,-1.1439591607806538,-0.2991011765135259,0.5724875275467126,0.1394370035373382,-0.2815955023058589,-0.33797540540559784
2021-01-11 06:00:00,0.12664185469561026,0.2149315628649887,0.5301783907699255,0.6425656597590416,-0.6016189770741462,-0.10146052135989919,0.1349000556306146,-0.015385470965332715,0.5838514771152495,-0.13267729855379917,-0.16010383280211934,0.355473772837683,0.03361148891076948,0.37682690589330575,-1.1381353295632275,-0.3196628380211998,0.5931387678508676,0.12135599272695916,-0.2408625236663115,-0.3204752563749239
2021-01-11 07:00:00,0.161859899655724,0.21550756083671632,0.5451760783427092,0.6238585791037294,-0.5691274786216748,-0.04628690145171192,0.17480604168426717,-0.010279870164371322,0.5437607424454173,-0.1325298565192062,-0.19982831034317833,0.358203249652402,0.0546162892925145,0.3761455963532973,-1.1312732123431615,-0.34010723310922353,0.6289918442324776,0.12195505642267146,-0.2285489863564872,-0.282615602200866
2021-01-11 08:00:00,0.19757623797474944,0.2365555530171845,0.5391820388767571,0.6474658112342545,-0.5569420678690105,-0.060055304297751834,0.1775919975928659,-0.050615017359811165,0.5244017238498522,-0.10663294221424233,-0.20915852414801553,0.3649697198664726,0.08294175931326993,0.3554869106352953,-1.0874527528188398,-0.30505549505701357,0.6450186727054461,0.031258227438541314,-0.22546016682353331,-0.26613820730936016
2021-01-11 09:00:00,0.1712292069526389,0.24111090550433628,0.49710255929124497,0.6226669866911254,-0.5306725559138796,-0.04427713371928396,0.19696931023893438,-0.044137938264106835,0.5445765177803432,-0.14009250011272426,-0.24212869205646692,0.3705519871664225,0.03988599132985539,0.3659477717273003,-1.0646151805493034,-0.2937214176115438,0.6587233519580348,0.013815127151971935,-0.207286322580219,-0.24985327156264941
2021-01-11 10:00:00,0.19659415567023447,0.2645474661889219,0.4662403473678468,0.627496654603405,-0.5281943652544626,-0.04492772428366902,0.19775190874056567,-0.100863542291206,0.5629390508436644,-0.16063431445136955,-0.23225311315482136,0.39865790610577906,-0.0069104379589232795,0.37892396736556505,-1.1053173845608009,-0.3027268805321677,0.6552482930025589,0.02820743785245678,-0.16685240004739435,-0.23516623700341574
2021-01-11 11:00:00,0.22666482061168403,0.2527271454357088,0.5029680871675688,0.5794062222490179,-0.537031336752256,-0.018089788584496284,0.23640683973438736,-0.10303612232020704,0.5527757151999136,-0.10834736483674312,-0.21090516099412523,0.4222562563242789,-0.01449206667299912,0.34975729910562625,-1.133300891819744,-0.3272530544779774,0.6878453864652324,0.03090610123404502,-0.16487357490903282,-0.2480984705385675
2021-01-11 12:00:00,0.228316836502637,0.21537882325217939,0.5388186030577103,0.5675609511568657,-0.5378603158674166,-0.007038530825341657,0.21604190081102267,-0.07174685820299781,0.5546735651436759,-0.09799307746206438,-0.2227530651655501,0.39377443402217266,-0.043228346099328636,0.3510293054494234,-1.1312304652226775,-0.35466217256566357,0.7370667796582128,0.07396198587285711,-0.1249297415559022,-0.22764220934124402
2021-01-11 13:00:00,0.24321452846530892,0.2456092545566114,0.48289793858769814,0.5924056854515285,-0.5544761924931475,-0.017711845018010056,0.20074368824128075,-0.04759497931739996,0.547137903961239,-0.0788433672557871,-0.22044875097573352,0.36526695536995224,-0.061808251852267404,0.32263876470342795,-1.1806997213484218,-0.36706251316320193,0.697177870778643,0.11726330530451223,-0.11843857118360074,-0.26438629425418686
2021-01-11 14:00:00,0.25062742083087797,0.2785528183992338,0.4667052645174569,0.6338652290683146,-0.5028428530594403,-0.03447091272849612,0.16598398000073863,-0.06747168036707833,0.5726636343893909,-0.10184968173106596,-0.23174499124401002,0.3956973669161924,-0.07979283843262877,0.2943445913150906,-1.1596109201541345,-0.33651504289474954,0.6532936462446657,0.1064905420497062,-0.12590381925563615,-0.26702409359881335
2021-01-11 15:00:00,0.2252686984782704,0.3007672318292713,0.4271774893499621,0.6113063864741716,-0.5441893852848314,0.00902923861019251,0.19085870970203792,-0.08204653417486671,0.5864175400802298,-0.06875399632573627,-0.24729621445800734,0.3193807569017698,-0.05802979760932885,0.2898069954155036,-1.1307769770328084,-0.359836486673625,0.6447581768918954,0.11225283196991165,-0.16389331326056283,-0.3040785336468968
2021-01-11 16:00:00,0.22854637888877083,0.23534593723307698,0.4016274293565502,0.5670553042273904,-0.49396997795362074,0.0655254500301284,0.212833777325429,-0.07040304710514375,0.549376398809523,-0.0914209289113345,-0.26802524585582815,0.35545827291488163,-0.022223388172578656,0.30002847698473045,-1.1463595226881196,-0.34383764215765533,0.6698187319738393,0.08361022533002521,-0.1137611251437964,-0.3486236525155612
2021-01-11 17:00:00,0.2950154186467294,0.228019787234644,0.3727526126883888,0.552574594374931,-0.49493064885824883,0.04748276726263645,0.20981654520857387,-0.07452177402359447,0.5709649395329935,-0.013477612928413846,-0.2680219363340724,0.3773003344621086,-0.02862387419810382,0.266714931116039,-1.1749643774554073,-0.33880561675850035,0.6123101310239509,0.11723001021110703,-0.0884037292425516,-0.3243607253560968
2021-01-11 18:00:00,0.2520230436648121,0.24290208541085223,0.29206987389609784,0.5866034059889628,-0.49942878372788624,0.15076375019242222,0.2016037187970606,-0.12105892413146666,0.5681552433180901,-0.060057557122468984,-0.23849943551260697,0.3452353796604909,-0.07205313552601016,0.23561292445242268,-1.136490595977087,-0.31437063765113293,0.5775471485694581,0.09568280585280334,-0.03697538872850448,-0.3067216624580829
2021-01-11 19:00:00,0.2542130429734767,0.2370203561758049,0.2545113163513311,0.5423239804040133,-0.4306437873268615,0.1392326461588298,0.18648866320939053,-0.11473045458854901,0.5652683916242267,-0.028531843190470238,-0.2399774206559871,0.38976483678643653,-0.02350017475901637,0.2460992995602377,-1.059498220505393,-0.29624064997626204,0.5685322910110308,0.13480885446974547,-0.014139635646408678,-0.25115294679875216
2021-01-11 20:00:00,0.24359843506391446,0.25069420084009963,0.25319654248905893,0.5778459833870416,-0.44319821038906376,0.12092183021346176,0.14868908643620588,-0.14656523084357514,0.5775784088985196,-0.032631794561566,-0.2814441460587648,0.40420838516177354,0.009540598119630192,0.26283598357786725,-1.0079895294631664,-0.2821247319908775,0.5836926672901877,0.15237615726262918,0.06780397119993678,-0.2524886011192645
2021-01-11 21:00:00,0.20652156622527584,0.27186571355435096,0.2452038622253839,0.605075236574844,-0.44771880253423646,0.08416625678469505,0.09140300087824257,-0.11758478864044034,0.5797143888598909,-0.0568924344007854,-0.32432945311165856,0.39782267942365956,0.051246383852224756,0.3005878823516658,-1.014311706528421,-0.2645827475437297,0.5535362367282929,0.2051998748411601,0.056532310636182505,-0.2996259946138965
2021-01-11 22:00:00,0.20638059203634046,0.2942706160261793,0.2855219956569681,0.6346740150071901,-0.42380942753537765,0.1224013572093414,0.08202692391591028,-0.1106869621742421,0.5356086089272769,-0.07832957488601691,-0.3195693504587403,0.35671606443295834,0.033159353683707884,0.25680280002171685,-1.0491920785692763,-0.24868181931039804,0.5398853749225202,0.19404028937745313,0.06491259564283657,-0.3153768855515435
2021-01-11 23:00:00,0.23634954919698378,0.29668226864531067,0.29727463965604844,0.6621521544611022,-0.448237177247629,0.10417255345936247,0.0909741958223227,-0.082350527004981,0.5479705726768388,-0.061722274824730985,-0.3146837642393256,0.36290234242705666,0.0328461522863927,0.3062017900887741,-1.0784177107916542,-0.29009599856309576,0.49644611143288764,0.20230966201957146,0.06097526844051199,-0.26251181830520126
2021-01-12 00:00:00,0.26833590483830366,0.2593920549507923,0.3218961171917605,0.6138249408130282,-0.40384206751137497,0.07509154923513503,0.10631611029522463,-0.06123004252298635,0.5438074589433147,-0.05651982421091427,-0.3115442493278156,0.3462857844798297,0.05563185006415343,0.29178378640141167,-1.1153788995499578,-0.32763988037041875,0.4769294959429455,0.2516803265574944,0.08847860613882677,-0.29185263410683115
2021-01-12 01:00:00,0.28989455320638485,0.23674999995949123,0.2960149395303602,0.604133988371656,-0.38437457304865724,0.05067165470951327,0.07155553677314194,-0.03768718684071168,0.505968034144257,-0.028595899171676837,-0.31035271923466207,0.38323650893847416,0.07578601647930841,0.22805339533004484,-1.1280149630044163,-0.29189664075619753,0.4318793354227773,0.24694399624457594,0.05321306388470942,-0.32331207763767555
2021-01-12 02:00:00,0.3259826031752702,0.23043876166866836,0.29494327378501856,0.66883924211782,-0.37990827502432917,0.04375203823966153,0.08113798438399561,-0.032387200257656575,0.5828104641945259,-0.017766352765692568,-0.36832863699509233,0.43532152153486,0.035967385629437174,0.2224903975858,-1.1030526482764131,-0.29199798553026796,0.47638477015414493,0.20724207171084233,0.022407869578729946,-0.3151178452235633
2021-01-12 03:00:00,0.33794739583245414,0.2855267826775487,0.2589243825628949,0.6830775482612396,-0.33366803140431794,0.014115072309532066,0.0658104952369288,-0.03325336367908371,0.6186119847335717,0.008602174288257432,-0.3793897596400931,0.4067916993857039,0.03093518272277595,0.259266833493328,-1.1193217217685953,-0.33711023885816815,0.4784263822091895,0.24959696420525368,0.049278129030296935,-0.2920072983506675
2021-01-12 04:00:00,0.3158244215216037,0.32822965545509325,0.23895534741709204,0.6653453827271216,-0.3989886168261847,-0.021480932996487206,0.1121110398208388,-0.07359996176384598,0.6030781675243992,0.006909569855735169,-0.35666352999686257,0.4139731253985172,-0.005060302961033009,0.2866280590513011,-1.1226806568827727,-0.37286130552179114,0.48886743513190606,0.25716722816187654,0.08028437208114744,-0.28196964565177207
2021-01-12 05:00:00,0.3805752468189413,0.3122450129607139,0.22004506275988556,0.7019540348665446,-0.3791553179933632,-0.03416075981944161,0.1271512558638916,-0.07959192174837204,0.6107746836710544,-0.016197136657196257,-0.40029834856751967,0.42405496873860665,0.0015998505485705318,0.3042228350560773,-1.1654107445888962,-0.3412732508083898,0.4970840382066582,0.24926427119879718,0.07708368668335484,-0.3628601793463168
2021-01-12 06:00:00,0.4271958751492379,0.29230117696393715,0.16601275092687612,0.6853202177750131,-0.3613006756611701,-0.04170889031330494,0.1594768972413691,-0.09162477611857187,0.5572270891474318,-0.02665978178784482,-0.4078745654942941,0.40492121238948875,0.021968319275131588,0.31575103756351774,-1.1596362113174652,-0.35727124129228893,0.42644571782716784,0.20629734992648158,0.06329013846053985,-0.3769811348043394
2021-01-12 07:00:00,0.4101727689719462,0.22184659032764623,0.10623887627539225,0.67296242375568,-0.3654188904122124,-0.07117861425069424,0.21046683849477807,-0.06866684652224676,0.49417613391732457,-0.006122149913023588,-0.3493393763534795,0.44175886913217893,0.00791779795135199,0.25326496046944785,-1.17635441628675,-0.2773702543948143,0.40903390016598795,0.2668627900065087,0.09302359018267847,-0.3756175358698014
2021-01-12 08:00:00,0.429389955901394,0.2277220905984584,0.06792687386392739,0.6737400945295092,-0.4223736026601627,-0.06522459721129785,0.2046088840523075,-0.06205649766718223,0.45466121835199613,-0.09258051351374576,-0.35181041495736237,0.41650322980535853,0.009553077879759439,0.23956954317245358,-1.2046127270446958,-0.22339797385321228,0.46186382630141404,0.2767976166126305,0.06357921964589021,-0.38138754548243536
2021-01-12 09:00:00,0.4174872274398443,0.22458165430029797,0.07236398341668762,0.6781614381962978,-0.45386691725183137,-0.10370070689175051,0.20309779319421892,-0.1211150765491896,0.5233515928486975,-0.046352209767595576,-0.37513046322849153,0.4440614531819205,-0.0168917171286871,0.31821167881586,-1.2103992890179722,-0.23625868653769744,0.44060742736538383,0.2972081222853833,0.05337164052930432,-0.32454606887301535
2021-01-12 10:00:00,0.42293657971305454,0.253908945721149,0.12109063035956558,0.7014576760052409,-0.4909776149161368,-0.17549888290149418,0.1899333684996617,-0.020340335336643117,0.5877972003710703,-0.04972700029731361,-0.36827720015098103,0.43439307854321063,-0.01346066164314385,0.3015937201341623,-1.182499612748685,-0.2211776026683665,0.47095687901605654,0.3152730588293865,0.039657590598386375,-0.33203607608813823
2021-01-12 11:00:00,0.42747033320806505,0.28361309164932996,0.11351065268034861,0.6865062858537294,-0.4117577591507811,-0.15208303530214456,0.20657633121055857,-0.06096017039475159,0.6108165531768875,-0.06169723454077949,-0.32347424627877913,0.40955956693344836,0.005308610673602139,0.2783428661059384,-1.1603586598024795,-0.27177873172496486,0.4815571592894509,0.28245654466439774,0.06146083701025985,-0.33248160009620986
2021-01-12 12:00:00,0.4457583684578363,0.2811802518260506,0.08022011353565742,0.6815900221966086,-0.3938973930285474,-0.11153847296201166,0.20345959176414233,-0.06674099895614652,0.601042954037202,-0.06444454477879813,-0.3221351722929531,0.4527485763530883,0.032052045718073185,0.26471727538318224,-1.1623275921624807,-0.25037444301894035,0.5076646295781614,0.287471677682806,0.018644021121249285,-0.2914058180573405
2021-01-12 13:00:00,0.4334939924161898,0.25765301140339275,0.08804584674032145,0.6954260842073798,-0.3966761514844185,-0.14317785473945419,0.16345940219383337,-0.06114606499578442,0.5763988909062906,-0.0781764579596573,-0.2802651092163652,0.4812816297061334,-0.01014025610122364,0.22357084563911728,-1.1437573641271064,-0.2715247853495723,0.4991648797813546,0.2847879011274824,0.032295940176632724,-0.31958527736951153
2021-01-12 14:00:00,0.42895973467656495,0.29559496575269195,0.07069888777637831,0.726799289995847,-0.381430338325044,-0.15532722573887914,0.15270303234538288,-0.07132034837114923,0.5794102445038453,-0.08340986056451331,-0.31789509607158983,0.4626063786326251,0.013178883857488307,0.17810917161804868,-1.1559678959979762,-0.26584070115675973,0.47792650463500475,0.3294650126062939,0.03900986537756683,-0.29680045751718054
2021-01-12 15:00:00,0.4149572556373779,0.2622475708101409,0.013699954089078988,0.7187255629102407,-0.36351870017257504,-0.17271192278213782,0.05526252910751221,-0.0762315645896382,0.6012758293664008,-0.07577755487869117,-0.3336547752806114,0.48425895733476493,0.01861147158221944,0.20370101266007012,-1.1724793874081918,-0.2875786645441652,0.45052715138750987,0.3737036451938521,0.09967084043260352,-0.25217065960285856
2021-01-12 16:00:00,0.3726128181311631,0.2780356102653245,0.018646033864163452,0.6661029971573155,-0.44850933550153216,-0.14209557571295645,0.12131552290628192,-0.08038746341451079,0.5410923298378315,-0.08920784572396814,-0.3653246302949955,0.5009198498687224,0.031572545318990924,0.21634658958706837,-1.1739880125437967,-0.30234914059966184,0.401032581541462,0.31707306539610824,0.15018243388779418,-0.20007497011210162
2021-01-12 17:00:00,0.3261056814754114,0.2802317688274848,-0.01558443461242175,0.6769252749004294,-0.46121483196998947,-0.15761374430965733,0.17760968397737967,-0.05509336052125795,0.5032693243785858,-0.1192690237186479,-0.33995942125918505,0.49258696022569937,0.03108069531457977,0.2310867218199544,-1.081412695236998,-0.2977172284833942,0.42714520686019586,0.30881203029566806,0.12861453986172083,-0.19688251046814742
2021-01-12 18:00:00,0.3124140915805148,0.3175478241469477,-0.029107569119275527,0.6763024906990366,-0.4310610829619127,-0.23435308528626025,0.20367787863332784,-0.013722630951269826,0.5178899674519877,-0.14513391404085763,-0.34029766695264696,0.46510034672153394,-0.005367120508324358,0.27352960692075945,-1.0403646645467537,-0.29074409159769476,0.46293654212962404,0.3471784221797354,0.1548738616854745,-0.21165947729490478
2021-01-12 19:00:00,0.31658222162468497,0.3516631209041789,-0.04846243887311836,0.6520300530095515,-0.4797099826248977,-0.25747648850765614,0.1718652391727693,-0.04870272399238696,0.499161244777798,-0.10581872772787976,-0.35064598950878273,0.45531284054224297,-0.02073967423304086,0.32206116958238057,-1.0291564653765566,-0.25597415564826775,0.4597402441398134,0.24951890411111882,0.19228445576381537,-0.20688008211468062
2021-01-12 20:00:00,0.28848179839402166,0.3409595388870958,-0.03354197626890999,0.6727522788078397,-0.45298185769995636,-0.22223774040923158,0.24244296273406904,-0.03256510486293347,0.45598838894178034,-0.11303657026955323,-0.32245141928550264,0.4756347194285695,-0.06468026592345123,0.3043825779194756,-1.031057816029628,-0.27911010457484453,0.5154905284733546,0.22096902970527582,0.21196428151607077,-0.23880754615867048
2021-01-12 21:00:00,0.231806609528998,0.35104507715976574,-0.06917395927757672,0.6541537073836565,-0.36550450540563595,-0.24975044815903724,0.26353604075938825,-0.042547020950942704,0.5013103195611376,-0.08105756992783313,-0.31344934894083415,0.44103610048272834,-0.0046476043975304596,0.33438115132491897,-1.0195959237644818,-0.3277856588809207,0.47018142002003555,0.2325566506440502,0.25819342559862846,-0.22065476896835232
2021-01-12 22:00:00,0.2214650333266868,0.36369769925223605,-0.03252960227193061,0.6474648761581602,-0.4156262857395747,-0.2472381985712351,0.2096423672126519,-0.039877526570376784,0.5452695086743462,-0.05388067239449551,-0.35287992241499055,0.3934369246973844,-0.026305475191443627,0.28599395261911437,-1.0074166478049542,-0.3432409768085368,0.44672191988477516,0.22656193875131747,0.2613184508119124,-0.16255290310530798
2021-01-12 23:00:00,0.1753604463703476,0.34815625229562813,-0.016347945314067337,0.6185844750480827,-0.4003739328760226,-0.16915941710265603,0.2127846303704763,-0.0003521511405458824,0.5445670863246386,-0.06511429505453642,-0.3790906614091127,0.4071897471276447,-0.02578420609506816,0.3597981897490522,-1.0315770094422085,-0.30735195661250203,0.4304029907201387,0.21528788700222962,0.2256630673876073,-0.13672119786407042
2021-01-13 00:00:00,0.14785787970368428,0.3117106290910634,-0.0355235232879664,0.5608977276856882,-0.3942208905446253,-0.17799219854019252,0.22061090145247106,-0.005773241215906876,0.5441208882056661,-0.040600483712537605,-0.39072970360404996,0.5228860831859303,-0.03837065710072081,0.3543570858459926,-1.0443419797207014,-0.27322497552855607,0.40870481038400486,0.19271903150623723,0.21136756593471642,-0.1505146818350993
2021-01-13 01:00:00,0.14890131069365556,0.2900928836130549,-0.01940497830406896,0.561965043183108,-0.42185986781726886,-0.22370471255322208,0.23234870060148108,-0.03470209506092659,0.5571216752121646,0.01586497472595365,-0.42276288978731114,0.48036047829930956,-0.009683160429350787,0.350100490483138,-1.0601195731909425,-0.3220476643268316,0.45287200700487334,0.20356804177919174,0.2579940151734321,-0.14757824761593688
2021-01-13 02:00:00,0.12979804852966248,0.2754370178895347,-0.012707624319767897,0.567151518812109,-0.41000914637583125,-0.23168715785011254,0.21970682534463468,0.0005639732597860561,0.5634739495959629,0.033819725773329326,-0.3612539108557859,0.4856220789047175,-0.021014245852161165,0.2892047554750475,-1.0493629902031318,-0.23902956901681574,0.4691140187273291,0.12134412342262949,0.287033383500235,-0.17305621869340745
2021-01-13 03:00:00,0.14114883928041683,0.2881892967811025,-0.01560266882406814,0.557899042171825,-0.4097144372578778,-0.22632503510039192,0.20908426681747788,0.016854583847276276,0.5606552427417304,0.0193330548137323,-0.44523103556608346,0.5072627571357508,-0.01536826380880903,0.3134991691965621,-1.0444877201197342,-0.22064499032628454,0.4797301284761726,0.1431273914598434,0.2898715643357252,-0.1667777410921855
2021-01-13 04:00:00,0.14030971743381762,0.3347233438484151,0.01141212920382168,0.5467913500467473,-0.45015194226670396,-0.23738943191936437,0.18646928991972284,-0.009367585089962736,0.5084772411708047,0.07708803663117095,-0.46632108323040283,0.4922080027519436,-0.020530543770779133,0.3341737293416257,-0.9789008879552089,-0.24438764867070398,0.48746863616789887,0.1544796190586638,0.2859926697013625,-0.19273373500614263
2021-01-13 05:00:00,0.16948055406761497,0.3548643850169436,-0.0351147600741338,0.5554731359721394,-0.44107288870400085,-0.2462594419055104,0.18128063796256824,-0.0015630345103602623,0.5329771847516105,0.08731217080909649,-0.4774753303568787,0.4922601525261585,-0.02367627400597574,0.3179615749162888,-0.9764321546462907,-0.2626053175463089,0.4273027441916255,0.20033383626790013,0.2376201472580687,-0.2010867139749772
2021-01-13 06:00:00,0.20073327532780283,0.3208364427152528,-0.020780961306863764,0.5936018694465013,-0.48875463403472363,-0.18544436729504687,0.1435043578329151,0.022978450933358388,0.5669900080713082,0.07768849582469597,-0.5071517024156525,0.5107665512444136,0.02280798415006859,0.31181636969332777,-1.01067899777378,-0.2788685138770747,0.4108090933540603,0.20288375424585486,0.2219399791546617,-0.21890025054043852
2021-01-13 07:00:00,0.22132656367547748,0.34939659015907687,-0.01835929004675084,0.6156787983832698,-0.4797375136763417,-0.22374472097413878,0.10714034258199348,0.011571279193320733,0.6250537065954419,0.057772312147794144,-0.4906325340191846,0.5027731347305908,0.05034514782299482,0.3292788660218477,-0.9683072855960603,-0.242618399185282,0.45860317296916653,0.22329227931067924,0.18019645557851413,-0.2058591124014921
2021-01-13 08:00:00,0.22269187209233682,0.38361440299603766,-0.04438618829736923,0.619852211446983,-0.4191942184972996,-0.2140873793208802,0.12389943316744301,0.008218629974226854,0.6378690890852158,0.046439292872127724,-0.523789604873939,0.49165384470004203,0.040438257824075015,0.2803872874568474,-0.9934580182322007,-0.2312961630263568,0.4685310385549617,0.20895754394929478,0.17659112631863766,-0.16426027889840764
2021-01-13 09:00:00,0.2049430214658812,0.3763583588810553,-0.08791652837354601,0.6301710096214717,-0.4240777216704513,-0.19564718519468954,0.10273636828824623,-0.0016797087667709126,0.6646508189899061,0.005732443403220967,-0.551016031192651,0.46069189537952615,0.0363456798452273,0.29375090358734807,-0.9981470690314508,-0.3139122694436208,0.4685008238444433,0.1904795676695089,0.13074690171827033,-0.11047466171675326
2021-01-13 10:00:00,0.23750816344342468,0.3776172536836736,-0.061442944575684874,0.6515527615404015,-0.4004005889057144,-0.17739766386027675,0.12071057713892433,0.051814624790057516,0.6423588604450617,-0.00852437620091138,-0.5413713453114204,0.48914983106088755,0.06790522924057732,0.22358048986565976,-0.9993979948946674,-0.2712508019660065,0.508667759814605,0.18582971648575206,0.1468554479100011,-0.18130615848520812
2021-01-13 11:00:00,0.2308407580416704,0.4097423132108559,-0.03376313025093056,0.6125170405648863,-0.4018349931543784,-0.20715650081925494,0.11650049023427081,0.06009518535796951,0.6557988389028847,-0.027397007096170937,-0.6076216431773256,0.5005694840013668,0.05064420891678746,0.27064279025410676,-0.9748351231617756,-0.27485247986087996,0.5482534401843208,0.19903674832699764,0.10041689129518294,-0.14605848657138515
2021-01-13 12:00:00,0.16728549634766834,0.3845678932463957,0.015908235396533063,0.6217334114722806,-0.40404998490162175,-0.1902135029641085,0.06421809335840914,0.02574491545273542,0.622688946497692,-0.05315440592104649,-0.6218235593624346,0.53907431647757,-0.01184734928786374,0.2796731178606455,-0.9491617150455466,-0.2737330461191699,0.5314353630493498,0.1936957811135616,0.13734293871301043,-0.16356047716849648
2021-01-13 13:00:00,0.18593141152078527,0.3413398063051271,0.059527630016865556,0.5867391229019561,-0.4085972621401362,-0.20030889910641828,0.033106951923271934,0.06063472573045719,0.6029588469799765,-0.09136668086473457,-0.6123779646664584,0.5379826289785402,-0.024201742431724196,0.26089066741180694,-0.8975502607492295,-0.23804396105721204,0.4948385459000024,0.12242592266815214,0.15284719673411404,-0.1390214350620411
2021-01-13 14:00:00,0.15361498974503243,0.3057451022715248,0.04568199567200938,0.6086296883427288,-0.3875540468763048,-0.20054691227192462,0.06949550832842019,0.08637137412945975,0.6301499678297514,-0.111237399084974,-0.6454700789112706,0.5505123894410577,0.0015080013417243764,0.28313484982821313,-0.8684811822037928,-0.17810043694940644,0.4370472514422593,0.11476392975958581,0.1481301417612178,-0.1313307685712151
2021-01-13 15:00:00,0.10198264933475176,0.26660732148166333,0.06439409558664844,0.5659084728228368,-0.3905005934795508,-0.1939626908426513,0.08211458897648234,0.10754084415321646,0.6195012054005459,-0.14119389247066522,-0.6131041498356039,0.5185674189701623,-0.016856744972947625,0.3117450103475663,-0.8604198139945165,-0.21380464175918032,0.4536648804003299,0.16203334176731637,0.13434739847414096,-0.10988230230177577
2021-01-13 16:00:00,0.05490882818963579,0.19757910483978208,0.02106560206404518,0.5680502000398536,-0.3799645799945889,-0.17087674674405628,0.12707368473675007,0.10931253901169831,0.5829746732715849,-0.13869481143974222,-0.6761389339722428,0.5077366817749677,-0.025025403831713134,0.2873939058568987,-0.8062293531787399,-0.25106110004928855,0.4501507223465411,0.20554413875440125,0.06496961852561359,-0.15740512669020046
2021-01-13 17:00:00,-0.005758689684404898,0.16396255276496646,0.020088183525287805,0.5519408049132634,-0.3363051193319892,-0.13072746894458814,0.08789863717629812,0.10012713552388693,0.6289714691954225,-0.13199559754940968,-0.6665896481163709,0.4462570579989893,-0.009392363839588764,0.31803083034232,-0.8117226487411843,-0.23607666408420716,0.478603936365569,0.21221134852051243,0.07791317732458351,-0.13068625394234396
2021-01-13 18:00:00,-0.05197175118656901,0.16317864317995848,0.03277288295983496,0.567326595703963,-0.33549329386929494,-0.13811257051652334,0.10504591982719465,0.13946784636299944,0.6454198433523185,-0.10246583622765029,-0.6722645836156069,0.43656847909922725,-0.01611006539948377,0.3539186746842241,-0.8417317641208344,-0.25607783680825325,0.554783788488908,0.2333331643474701,0.08750611042076747,-0.08543319534028801
2021-01-13 19:00:00,-0.047857037795129585,0.18569071587821034,0.08189113475406187,0.5583644334905785,-0.33889051263074926,-0.1778559413093712,0.18687280607294277,0.06115148248203425,0.6711388808877018,-0.0904778685278141,-0.6581347449690965,0.4422766242826253,-0.028026271868662016,0.3330995719630048,-0.8093390609990591,-0.32064438553853486,0.6056437980047801,0.18025563461738042,0.07148889388127957,-0.08100142145775716
2021-01-13 20:00:00,-0.07139560700734647,0.18078142629885566,0.12211019514054022,0.5044718910971153,-0.31803813708874096,-0.15408915708913892,0.16722225170651717,0.11187107348179448,0.6619876433194938,-0.017145904186786756,-0.6771062762285165,0.45380285800993675,-0.0009462995590863062,0.386602996104687,-0.8411667224246742,-0.3498703135639795,0.6572666788836052,0.23120616583280063,0.06124366183308323,-0.06385897287250492
2021-01-13 21:00:00,-0.06249784105730759,0.19782639758234769,0.10653307226478734,0.4972328782607517,-0.357289712067112,-0.19450967211629566,0.16019418889794812,0.06920084754369278,0.6567823560106124,0.0026986940527049634,-0.6978876990078986,0.44516307133061805,-0.005843739679860356,0.35819452799569007,-0.8618526926878717,-0.33391448669731466,0.6872880581374009,0.18632085248352676,0.06310127259930103,-0.038988618233765496
2021-01-13 22:00:00,-0.0412429139909396,0.15579651426937133,0.06772905886998512,0.5033542758009901,-0.3595573927425476,-0.20536086488076813,0.1421638013144686,0.07311821220696121,0.6796918860289817,-0.038629592215154405,-0.7055216949767285,0.4118588962868492,-0.03094226897669899,0.38038712527390456,-0.8522006977270881,-0.38286438928885463,0.7027248730632242,0.16153481405048667,0.009784536441834149,-0.0693231176433953
2021-01-13 23:00:00,-0.10734711862859898,0.1601449645156319,0.0629830644366863,0.4885671066078541,-0.3662483557709943,-0.18608409701747902,0.12889287821895976,0.06730666869402512,0.6541069167228635,-0.018198168207424044,-0.7576766349042277,0.3939003133446795,-0.06808823760993726,0.41029324660802996,-0.8619797289187641,-0.3729522961119444,0.733326226786707,0.13437919425599354,0.002255691806334224,-0.06516297341158606
2021-01-14 00:00:00,-0.10215199623600849,0.13147733464882033,0.10340239320811653,0.4736430275149356,-0.34992188084167825,-0.12189115535800353,0.16672521447491048,0.06910233954057618,0.624961413258984,-0.06588997956789405,-0.7794684410608108,0.35816800778635205,-0.07044207364829415,0.42099815644340827,-0.8636696395388774,-0.34683667078248376,0.7461749537697918,0.10998833704050848,0.008618198394404017,-0.0781907124122511
2021-01-14 01:00:00,-0.12984738305768365,0.1071952017038352,0.15413553069563046,0.4696364226183776,-0.33735103907144526,-0.09008932304231082,0.20370458406052,0.10459181746429161,0.6312252776950973,-0.059329751332796526,-0.7381878844782779,0.33036550302548023,-0.08232659583731991,0.41577355526068827,-0.8594150806064639,-0.3403729012698022,0.7265371533397378,0.11223025203763591,-0.0089931095738781,-0.038472565577952346
2021-01-14 02:00:00,-0.16273431875717512,0.03875784464747299,0.11194789991319401,0.4493659899847945,-0.3491068440060303,-0.02426971743297235,0.2046517509054293,0.09046200014144208,0.6463662329042945,-0.006274193914721012,-0.7170520323678503,0.35216624180300266,-0.08180938532920215,0.42693317050818946,-0.8604901944827399,-0.3773464509305784,0.7526817779001973,0.1402356838158011,0.06566121472758804,0.0100560213499113
2021-01-14 03:00:00,-0.12972307242637685,0.05794062359406012,0.10123753397565564,0.45470222148446854,-0.3705797246430549,-0.0330685841771324,0.1853750650149151,0.06806972884674142,0.6466409472778999,0.009045554887565744,-0.6656280814385158,0.3709398129026192,-0.09928901386303543,0.4341549880403388,-0.8569532971404406,-0.33860311814129274,0.7661547095336925,0.16383541716667332,0.12565682452734572,0.005815623532576245
2021-01-14 04:00:00,-0.09299638972939006,0.058667775742334026,0.1302640455270758,0.447411514634452,-0.3871792618062405,-0.021992465635294747,0.210950486177568,0.09628449301077292,0.6250069017531751,0.007261405085659385,-0.6638126143997918,0.40040098224415643,-0.0560596411048867,0.4050091062714461,-0.8766313301099529,-0.3727516537625016,0.7656657124565069,0.21342787610557434,0.140135492799191,-0.00650693598273552
2021-01-14 05:00:00,-0.13318807135778374,0.061740595121452566,0.09603432565106335,0.4249148411722483,-0.3506180348867721,-0.06112397286076851,0.19705604012001926,0.09313668623448802,0.6523462621222548,-0.02740208106910578,-0.6330559502039034,0.3907764739078392,-0.09142254851100251,0.3812809493203963,-0.8487436941662106,-0.3794418591374543,0.7848913118377823,0.22250816786764047,0.15656123176475017,0.01605027550928098
2021-01-14 06:00:00,-0.10919246718129376,0.11117981012093114,0.107017921295684,0.4591611204145885,-0.3615370945056876,-0.09710104838047984,0.2219048402037564,0.1013306409063182,0.6465262580390084,-0.046361255535882454,-0.6025468872237765,0.38031370938380304,-0.07449015607690768,0.3815081249228752,-0.8648507830930151,-0.4147261553231627,0.7934819356240617,0.21830174302042754,0.13923363096970637,0.009634700409861849
2021-01-14 07:00:00,-0.0815767711883742,0.1534475687283927,0.10247206347114436,0.41322170911138767,-0.39739886702673083,-0.09800015051403071,0.18845096433548503,0.02789807775763599,0.6541131521949588,-0.06768333763434009,-0.5735778013299889,0.38560047261765584,-0.07160099587453395,0.40396996798727014,-0.8313053919477508,-0.3920741953647017,0.773574186752823,0.23533325441128347,0.09418279087754577,0.011979747280801395
2021-01-14 08:00:00,-0.07350083496360861,0.15709371542101075,0.11656260817418052,0.42273249438460747,-0.3718957987470167,-0.08823223184853507,0.15221389000991176,0.08023389374507023,0.6835713290612728,-0.08426097419570096,-0.5807354561150582,0.4025830948972543,-0.07202016002768322,0.39939367827144145,-0.8447448242626833,-0.36396299428265655,0.8046396425816758,0.23029290157233853,0.09251452594864373,0.01831211031791042
2021-01-14 09:00:00,-0.08008465648645895,0.15366745525007694,0.1437421215123825,0.4261632777636087,-0.4079702896468136,-0.11543850205511287,0.14878107082470005,0.06023483022376728,0.6527259774719519,-0.040761565738404164,-0.5757717255157991,0.4321865028445039,-0.08564619856708529,0.424048290883851,-0.8531839944344847,-0.3727782292948131,0.8046063326484081,0.2412777898509096,0.10943223887838216,0.010835238449779416
2021-01-14 10:00:00,-0.0753275160834389,0.15575985244059007,0.10216727993310512,0.40677718540494084,-0.393702269161607,-0.07471965988025595,0.15949606713641526,0.05662200820045407,0.6528862296080016,-0.027880992338463244,-0.5502944949214843,0.4273820000273885,-0.06478197663563046,0.43509992471681086,-0.837928280824111,-0.3695548519997933,0.8017624945919415,0.2173960636797827,0.09856515880686526,-0.041753205182699454
2021-01-14 11:00:00,-0.08235434275034635,0.138079641054417,0.11917887623522386,0.3914744714386297,-0.3852517578998215,-0.09115253822276012,0.16508106741708645,0.02758605718259314,0.6363294573462043,-0.037961721147955846,-0.5692990670972555,0.45600624732930317,-0.11884971845163432,0.40254726017620873,-0.8290614898737318,-0.3534559317498839,0.88215933054414,0.218530002795409,0.133184654507296,-0.054064178603672894
2021-01-14 12:00:00,-0.07468969599552061,0.18317111225568766,0.16803062772032804,0.4309750771920878,-0.3674480863188966,-0.09483650169758104,0.17765162287160177,-0.0025961260339768324,0.6119680230750518,-0.040212251060683345,-0.5742637377420409,0.4810584269202136,-0.13799692594411653,0.3821058590902898,-0.8214914906777329,-0.34271037705434904,0.8822030621033096,0.2375185371192372,0.15558997339117467,-0.06718035133232649
2021-01-14 13:00:00,-0.06415304488414819,0.17341849668992113,0.19675895750979533,0.42249061502583224,-0.35432342797304156,-0.12351644807376468,0.18443261595652305,0.038541503111313116,0.6163553271088273,0.03611677999555453,-0.5450902744994448,0.5034398512038676,-0.10875016250725793,0.37545441808474367,-0.7735464709540865,-0.3636214756984904,0.8795106330826473,0.29573045938202047,0.23642091803228438,-0.06850587574982901
2021-01-14 14:00:00,-0.08803768710593265,0.14348924771657526,0.18208677021414402,0.4810904831362501,-0.3096398505304703,-0.10358212530557573,0.20155231347007926,0.05639521313266291,0.6165272205208819,0.005214033121835767,-0.5905355113670562,0.5330855547783719,-0.03477951577093527,0.3764707916639245,-0.7491223439665732,-0.3472758495806791,0.8338509656587273,0.31844334097766,0.2897731244537233,-0.09520336276885108
2021-01-14 15:00:00,-0.06507433455606652,0.11878716120100494,0.13346689148521662,0.4635471384199317,-0.28428140138450636,-0.07896711970813924,0.13651782822631,0.06891566471667554,0.5591813403702418,0.019673237639477335,-0.5484449382703418,0.4941147527012456,-0.02683004536777943,0.45145350015360575,-0.7571189914021749,-0.3716713753853327,0.8318928746369685,0.314548196232212,0.30008937907643884,-0.08975472163501728
2021-01-14 16:00:00,-0.0019717875806580937,0.1302887025869991,0.11373688684917949,0.5040080377776633,-0.29866111001700985,-0.0704872090059156,0.07878254464654749,0.09049210280784917,0.5258687554887416,0.021736133243530194,-0.5340201338174054,0.4977288345736643,-0.052926376787368314,0.4414008070227422,-0.7607278827063777,-0.3816007236813325,0.7977630834984253,0.2752718277026135,0.27543606564350187,-0.08651365110644739
2021-01-14 17:00:00,-0.07737363049587605,0.17571296741839817,0.06693318142404958,0.5119044572676199,-0.3182825417646369,-0.05871317676882237,0.08013753625916532,0.062421974188027085,0.4908520815578097,0.07028244088984009,-0.527189159854683,0.44715795382948903,-0.04366742720492493,0.4977186529002994,-0.7846602255370061,-0.3824697392337844,0.8179553155002554,0.29910958079140504,0.2570521854601482,-0.09197488301767412
2021-01-14 18:00:00,-0.0607000150788891,0.13354128773584592,0.04307301570470215,0.5046419450264571,-0.30905972147146293,-0.04737177178494352,0.0596502457149541,0.0628318534800783,0.46951898927118946,0.0642120367094587,-0.4840542401759162,0.35113921047731794,-0.013956986183698433,0.5132094084111338,-0.8197355340506818,-0.3300353565019647,0.7798095899652678,0.282165346824589,0.24985466466640316,-0.15716738617970494
2021-01-14 19:00:00,-0.08734808776084066,0.12384600587833086,0.055394511692750385,0.589283789558446,-0.29061735820441076,0.009199346386541823,0.06668577235146272,0.03102509498180281,0.45435412650716384,0.07701461069511913,-0.4834318150744525,0.3018441917671361,0.01610880890279568,0.46899072141515274,-0.789821408707157,-0.3123322392657805,0.7846986963460744,0.265596731577653,0.22000522538085615,-0.18725674316630905
2021-01-14 20:00:00,-0.03497029311704361,0.09237245402188182,0.07296379571049388,0.6005206432514649,-0.2897177677700586,0.07148412806658468,0.08077669469486513,0.04773179760136572,0.44118335730095376,0.07294003665244111,-0.490771913937871,0.27638281572320683,0.015467336802541394,0.5038394501773313,-0.8217675641379388,-0.37644159850884146,0.778863218340136,0.2768581326012487,0.2374872138221697,-0.19394177709500282
2021-01-14 21:00:00,0.013947876838757582,0.06056224176250841,0.09423056454854799,0.6240404135394451,-0.22181720338258434,0.12147674848184853,0.08878177677735372,0.04655559374450329,0.4545300442266618,0.08806088229211238,-0.4790627404577397,0.23591786534776266,0.01278404793094153,0.5421520505796973,-0.7906843214643835,-0.375224828982323,0.7791981347278292,0.34100735035571456,0.19753123671255132,-0.20103694650008763
2021-01-14 22:00:00,0.024347993519981855,0.05031784076768352,0.08453657914622473,0.6618545792936452,-0.1875391133686777,0.10766268812289749,0.11600091536175684,0.0026970299510895024,0.4221480522530381,0.09772651769865504,-0.44886883332657274,0.2506015307824508,0.04674086940569739,0.6255228064673983,-0.7606264290167412,-0.37562309656235565,0.7684483735682636,0.36294528447350344,0.2022471971997778,-0.14636299814922987
2021-01-14 23:00:00,0.02767737214282372,0.04711746964529558,0.11358679600407846,0.6148717735062431,-0.1639001575248188,0.09707218719016124,0.08554215758856207,-0.0010140939561335241,0.41646525783239097,0.11939139920513016,-0.46399611579426336,0.25715545331239026,0.011137121228726218,0.614722644649795,-0.7834350076393709,-0.33533801196188473,0.7815708586282408,0.3177596391858478,0.1647099250588857,-0.1616672381320236
2021-01-15 00:00:00,0.02395224461647583,0.07322410646855923,0.08441428695057326,0.614904053127713,-0.1550103622831091,0.10836017286594073,0.10456452236897656,-0.041358037404902036,0.3739280223542346,0.11311522819338359,-0.4333448228965407,0.29117006854592703,0.02396380084259611,0.5981132086643371,-0.7753496407542656,-0.31751829646045077,0.7963921682989492,0.30918355133069764,0.11913460929786399,-0.15603617728447378
2021-01-15 01:00:00,0.0248378998130405,0.06285010377272345,0.1355989114298968,0.6013263472094997,-0.13517593557476942,0.14494972394607913,0.14679545106353425,-0.07506294611896758,0.34521729322869343,0.09668765365105787,-0.4378550614714206,0.2559917409782272,-0.009738642187343705,0.589831287024877,-0.8140187376536744,-0.32336934995645994,0.8303363128542484,0.32647146597539684,0.14372603428251668,-0.1620009433840018
2021-01-15 02:00:00,-0.019560114401185966,0.10762977924900491,0.13622576341913303,0.6035985596053901,-0.08544948541198313,0.1416952970360059,0.15140129951904607,-0.07475635765485124,0.2919934644780008,0.12743983713012574,-0.45268637336081813,0.30143858253362654,-0.11362553978062905,0.5773389543096855,-0.7947814638402192,-0.3592207564351764,0.8067128383762823,0.32969346127357235,0.13629498914719965,-0.19613021650266338
2021-01-15 03:00:00,-0.07589056928432791,0.09898710931023569,0.17922011124837167,0.6264107180945664,-0.06666250772945559,0.1596859570418467,0.15618554603495308,-0.028328467959769114,0.2803597969553721,0.0846412074388299,-0.4403727010743494,0.34068601522204667,-0.12451452915683059,0.561755936499286,-0.827762858411922,-0.3628409827336252,0.8503331875875287,0.2955185621171334,0.12047670822997694,-0.2263589233203556
2021-01-15 04:00:00,-0.05081453665326853,0.10594223607391715,0.15804323276664087,0.6225377060368409,-0.0039720760712183,0.1654347742111306,0.14650306859193143,-0.00466058133117906,0.32743710099330864,0.11812831896812157,-0.4143833616930624,0.3656314631897847,-0.1300522259313386,0.67181927202186,-0.8275063555416106,-0.36377142785942657,0.9101352801165522,0.2291869671232291,0.10151280446634428,-0.21433910059264813
2021-01-15 05:00:00,-0.0492555403779028,0.10161668752749309,0.15099745556803915,0.5840552265060842,0.010794400458699182,0.1682163992699656,0.14248251456694397,-0.007002898523964473,0.3615951058330112,0.1359727546976144,-0.3862086653782438,0.40122109483154594,-0.14105058487454894,0.7326815409955958,-0.763047981695106,-0.4229719604702617,0.8943827585944332,0.16861778020338228,0.10247021864257276,-0.19422285145869564
2021-01-15 06:00:00,-0.03385162017161103,0.10663420110837968,0.16452004408470955,0.5803033666304914,0.029100241419667498,0.1753964647621362,0.11878779006615277,-0.0029602669875291613,0.34449155529564535,0.15427926694927066,-0.4051070377258193,0.40547636375857227,-0.138477959467397,0.75131365426982,-0.7012154096456408,-0.4325250324706998,0.9134077794589129,0.21281254157927404,0.07429674952610991,-0.23352623844777615
2021-01-15 07:00:00,-0.06114997876701947,0.1062475556768403,0.17177963269888893,0.6009995933133343,0.06459379498856392,0.1414041796626993,0.06088980941008122,-0.08164765627767215,0.3672140732780581,0.1108377832151766,-0.4272580590496765,0.34803443247570093,-0.13101117840892607,0.7603223993997612,-0.6468201638185184,-0.4597586587520333,0.8605148001007603,0.1726761475971863,0.11891847365002739,-0.27903295462373356
2021-01-15 08:00:00,-0.05724351340865155,0.08711568479710638,0.1705674147132095,0.5610363738210762,0.05336257759144865,0.1237948072116271,0.0696251139789688,-0.07018139786433798,0.40160133528686975,0.03662322741423714,-0.4178622178443417,0.257330238175653,-0.08205936628797782,0.7677568918279265,-0.6607634980181799,-0.47200694604766974,0.8344710515790719,0.21471035980164116,0.12256925006038474,-0.27602844445248326
2021-01-15 09:00:00,-0.06583593537277713,0.10841545636397584,0.18426617848322616,0.5707108021235704,0.027236564837438387,0.1282882181691191,0.05195889787578334,-0.061031374270223024,0.4258092923609372,0.00035013305027784686,-0.42021638025306474,0.24896582477366247,-0.0903157217640788,0.7441469553045378,-0.6435828725055991,-0.5040400208478253,0.8205659225406855,0.20238531860686598,0.15826735873308478,-0.3172656661790203
2021-01-15 10:00:00,-0.09375758011694488,0.09657883857187691,0.23963581237444387,0.5982380185465157,0.01698367402055169,0.11224020040429035,0.05338596911998223,-0.09824981382601214,0.3993603380830229,0.0002380415463307659,-0.3640420388463076,0.3263036441433216,-0.10902917925402349,0.7590725157701105,-0.6054794961168848,-0.48838511767132115,0.8269570763432624,0.15831757985015213,0.18584459071725315,-0.2699724939329078
2021-01-15 11:00:00,-0.11624935770183122,0.10289147023678524,0.2371573479574928,0.6530713698086015,0.042425181344124846,0.11646300021556918,0.04934406970763731,-0.07247711801555076,0.3956163574637923,-0.06265730495538252,-0.3165803257033509,0.3129355161065453,-0.149773402083072,0.7454327893276194,-0.6300367692941751,-0.4831707901402733,0.8279868590948377,0.1908491267006891,0.17581483286253585,-0.25931029036879755
2021-01-15 12:00:00,-0.15103241177624363,0.10516376498729027,0.24271991284396474,0.6722578837658132,-0.0006188716612377729,0.11892664955470489,0.055541458443181126,-0.05445127298511078,0.4045506773086186,-0.008170575765695957,-0.2590777671005487,0.2898838192348545,-0.14643787016029647,0.7626821224865991,-0.6466537316767798,-0.5337713927985042,0.8330069819378405,0.2170008198198723,0.2079049943726816,-0.23411016999446038
2021-01-15 13:00:00,-0.14404948710532822,0.11968409690199573,0.2794117235698835,0.7268888392944,-0.030820776801280862,0.0451417298542041,0.06305659923447998,-0.0050176700205143004,0.4134178636493732,-0.07414649767003423,-0.2583440345299843,0.2965864146719131,-0.16869085001750284,0.779225365192335,-0.6381044977415857,-0.5473188783411905,0.8465381161099592,0.22119561943927815,0.14433015424811452,-0.23322390094584908
2021-01-15 14:00:00,-0.15505928076100264,0.0741897725782312,0.3143295513939809,0.6720296920359361,-0.02567767228422638,0.0726281813969903,0.05646178034941723,-0.05174537093986293,0.37022514966221753,-0.06554835060312524,-0.2774790200074158,0.3001647870201368,-0.13419840612684047,0.7651526320836641,-0.6230245831382946,-0.5391517206815877,0.8612520286621401,0.27464158179568365,0.1429082249343415,-0.2252805973352621
2021-01-15 15:00:00,-0.1731586976595338,0.0586458029518233,0.3271358032464187,0.6577193166999176,-0.061016230112805867,0.09136613419161249,0.00014583762688315932,-0.08504194754551685,0.36558997361809703,-0.0595496293153732,-0.28015193788558573,0.2785748769899522,-0.10667430292704068,0.7180110909942359,-0.5997366861669395,-0.5584531170957736,0.9196538749926765,0.29820174350280526,0.10489290446610153,-0.2410563528580586
2021-01-15 16:00:00,-0.15333491711000652,0.1122946450989315,0.34884745320827054,0.6857527077311732,-0.05675588529084422,0.05753273941806279,-0.010442134688360138,-0.10699876905619324,0.32172130885222494,0.004166579241785706,-0.26331980268620636,0.2686931433068455,-0.10934032425836386,0.7432155425173256,-0.647945576571162,-0.5422632070734247,0.9378807890567037,0.31083809924367384,0.19025029975659158,-0.23436079264653853
2021-01-15 17:00:00,-0.17908874833011718,0.03968898047054596,0.2875618317678769,0.6629481305379525,-0.0537470791425688,0.12958359505348366,-0.005073575327953814,-0.18218211375236285,0.38464206469075213,0.004929458396487534,-0.3088409680786148,0.2821390195975858,-0.08971649943758118,0.7352802431892428,-0.6345496165883929,-0.553955107464003,0.9038830311992485,0.3748790710798351,0.1589164959501662,-0.21110627593446687
2021-01-15 18:00:00,-0.16095321974271554,0.02479712404844852,0.28452005181298234,0.6733078774171986,-0.09690646571925396,0.0907183006632,-0.06944164915289368,-0.14628000713462577,0.3782166417958909,-0.016983743745365244,-0.2829671710605401,0.30550358166947206,-0.11863236351234496,0.706705404342985,-0.6143816858034096,-0.5727055279159756,0.9088842434124159,0.3984807060481417,0.2012036431848692,-0.21675269092051402
2021-01-15 19:00:00,-0.13030515336244006,0.040165687913166166,0.2856405557593074,0.7257544926589233,-0.15557187264925953,0.13669264940380163,-0.05049565810359735,-0.19225206760782662,0.3769405522467497,0.013261833188402988,-0.2305483764757684,0.2670638995736652,-0.14540389161587663,0.6716621526961347,-0.6015024730225288,-0.6256008511477138,0.9441448105969709,0.3463389591243182,0.19952859048626076,-0.24662677541783143
2021-01-15 20:00:00,-0.1129341560324191,0.02289041439317983,0.2752803238711034,0.7264940947963636,-0.1902248490439354,0.11206469429996152,-0.013633012909189342,-0.18025549664422408,0.38884650106871155,-0.03786125484136349,-0.26216834533636024,0.28204270890858196,-0.12926747186743337,0.6756384998943874,-0.6427202002421879,-0.6010810212057638,0.9043823692813604,0.27446003564782034,0.15278943001653333,-0.21872473246296548
2021-01-15 21:00:00,-0.17213768258267778,0.02695667420145947,0.28812878224537014,0.712841693132208,-0.24779721921138986,0.16157685839102076,-0.029915253491016,-0.17431490128992003,0.38432958658946026,-0.01876330884569896,-0.2608796856601339,0.3242226738259669,-0.06614244358399737,0.6915035975247078,-0.6389372843293797,-0.5588422125233279,0.8741907223918942,0.2615330097753124,0.2105884883735222,-0.19780304426676948
2021-01-15 22:00:00,-0.1182842490920282,0.08422844721253803,0.32258726996949877,0.70504814594466,-0.2407695937214168,0.20889165090615497,-0.049949737675484406,-0.17822133340200458,0.34387479962286277,0.02325211253251148,-0.2580593235658007,0.3269121027600331,-0.16644116319298136,0.6408621215706276,-0.6025316956705925,-0.5873698154831876,0.7988936870175289,0.2807760101637136,0.26992150214135924,-0.21606879782811028
2021-01-15 23:00:00,-0.09245962870513985,0.06018656081564344,0.29238739289354765,0.6983112691372145,-0.2487689893858912,0.19583708875850953,-0.026978017026131156,-0.16054354728247075,0.2913408145293858,0.00955252665163237,-0.22804612670707886,0.3044730197864989,-0.16503569330741813,0.6122081783403701,-0.6178677504466249,-0.6111696946237091,0.789562515267409,0.2318756480228088,0.24965216129932297,-0.19372278440742113
2021-01-16 00:00:00,-0.13866900452585496,0.049969410197609865,0.29800701402041735,0.708396615356443,-0.22836097212618023,0.20733714308354445,-0.032314903342326826,-0.14512475779209527,0.27590823994986446,-0.004942684229799361,-0.21230868879394962,0.3391788675549803,-0.19175074168015444,0.6362605883879286,-0.645586112410167,-0.6015655606522929,0.763230756716165,0.18257242527003706,0.30695395370751233,-0.19037584914401046
2021-01-16 01:00:00,-0.11106490139716582,0.01873411890293131,0.2587468199236176,0.7469947555707752,-0.221444183360618,0.19689502927228303,-0.023895784665326547,-0.12955099861303282,0.27293717438085835,-0.027178416876612703,-0.21198367635742169,0.3381818083292225,-0.24154532593576433,0.5646817277828662,-0.6439167874054862,-0.5749507575895764,0.7662080977654934,0.23348143681560385,0.3257249101693556,-0.20412262977246085
2021-01-16 02:00:00,-0.0784180577565006,0.01826368527982495,0.2595369052118754,0.7475505226391482,-0.22854175316784717,0.22104105491644813,0.07464124696770488,-0.11512985038061668,0.24415898607804715,-0.05067936046180487,-0.18175942149710927,0.332504205741989,-0.24744386066284976,0.5727082256023548,-0.6750787367115269,-0.5245201534870871,0.7406880489657222,0.17915412916281354,0.32372604391693643,-0.19411052597575068
2021-01-16 03:00:00,-0.07179265586495859,0.02909282361881519,0.3044376241292798,0.7483579918856287,-0.2087833907851231,0.26754653273982326,0.1244799947628755,-0.11342401715777185,0.2378884517505636,-0.053759952263106585,-0.19633762405330643,0.3504638209434407,-0.2438345822341321,0.534316404171328,-0.6311821495516226,-0.4940451366423598,0.7536361604278912,0.20616380444292892,0.3515841866032969,-0.23651715442794524
2021-01-16 04:00:00,-0.07969752119393446,-0.00894513835242959,0.30561317673713817,0.7384745503625612,-0.22662662737204112,0.23019655097698907,0.1417152577912534,-0.17802609198787234,0.2609938040239322,-0.06367357394078368,-0.15985873763981667,0.34694323806339233,-0.21226943113693972,0.49697447753313173,-0.6276695328947579,-0.5392415253297542,0.731128048456036,0.1644143953080025,0.3811065815604344,-0.2754285081437497
2021-01-16 05:00:00,-0.05772273387912286,0.03841649393296995,0.2913300773939113,0.7038830315966067,-0.22715959673913552,0.2215803123328802,0.10237701684690291,-0.16138854175012382,0.3044616495947138,-0.09596985000211056,-0.17664202925961983,0.32844107935964345,-0.1816510878992732,0.504669114467656,-0.6924841252359062,-0.547352385922535,0.7381939224495806,0.2134350393312784,0.3877772361097907,-0.27899610901137595
2021-01-16 06:00:00,-0.06586511803410261,0.00488591417788907,0.24406861865874868,0.7302913366475852,-0.23259843476188855,0.24478056913595242,0.11501814565162881,-0.19946201386904075,0.3214120264053099,-0.11458004595473766,-0.11775828626676571,0.33746529629673816,-0.19959552404491973,0.456544216832207,-0.7070885493025111,-0.5506445362625431,0.7434554584260765,0.23695896633070632,0.3853458310590915,-0.3010017067808646
2021-01-16 07:00:00,-0.04196479207669808,-0.002052124555330847,0.22925794039682765,0.7098624640324347,-0.23049947692190728,0.19327759964290958,0.09603231154136703,-0.18384580358072727,0.333293146412939,-0.10987586941284085,-0.08860031377836453,0.3261055377872746,-0.15340904722164603,0.4389455229545881,-0.7094544079821314,-0.5637662188199443,0.6539128004797945,0.2789116949605685,0.3923885167768294,-0.29208048155705363
2021-01-16 08:00:00,-0.03545943907764508,0.0005675260747310465,0.18142543854258888,0.7371374411463573,-0.23326627927251958,0.14740858784643332,0.04112112504206079,-0.21700257414096802,0.33458130716862194,-0.14485087324550788,-0.05899941788026324,0.3546988182601777,-0.12042716259394962,0.43049709950433135,-0.6749406673361006,-0.5725481937851382,0.6860235616686259,0.30875672657328984,0.3543012302178755,-0.25702708296418997
2021-01-16 09:00:00,-0.04132723749592259,0.001801862630925237,0.24615711536250073,0.7291529908350459,-0.17443792304099284,0.1419646981172159,0.058238788580710604,-0.23908244274688376,0.35076033761847886,-0.14854206977870862,-0.07197995093214947,0.3958118346095004,-0.13299540409165198,0.43674457477032175,-0.6787902139552211,-0.5692999628816413,0.7016372830497197,0.31955290746178594,0.3107499176774842,-0.31782589016889273
2021-01-16 10:00:00,-0.04391625388023655,0.00755437148455799,0.25930335174970337,0.7584766682961788,-0.14099429646821685,0.257190184099544,0.068824181857683,-0.23993805201897142,0.37184765863627817,-0.12069351590829684,-0.04030602812840923,0.38669447893624465,-0.16879428248401393,0.45225512748676716,-0.6529103920217827,-0.548295188318262,0.6818614833399184,0.29772087099510414,0.27643303789595364,-0.25372552407447735
2021-01-16 11:00:00,0.005351486247356006,0.046365374168892116,0.21774053972882765,0.7498145902455418,-0.16159831934819582,0.2307713466703754,0.04858134827575479,-0.23642540550888314,0.38396187376663116,-0.13250698303235783,-0.021634580195992605,0.43540449323250857,-0.15252420144610582,0.45518795954112556,-0.6112312667911534,-0.5257778544556847,0.6899749683417006,0.3164116405211293,0.2987352187139426,-0.2407264017785783
2021-01-16 12:00:00,0.05768854694944532,0.023953400795748026,0.1955561588191182,0.6894712094779326,-0.14433378733462354,0.22937676280592728,0.008840877867116403,-0.28651293973262587,0.3970545191271678,-0.12579508507607592,-0.040798509918331526,0.48125707800585643,-0.11527709194153929,0.48273275832033113,-0.5841377817295849,-0.5268328289380975,0.7182264164430222,0.2328607116953847,0.3190457117057445,-0.23508133946342719
2021-01-16 13:00:00,0.0752416837389186,0.06366788697395712,0.20052102581358108,0.6452092832071931,-0.180172859183734,0.1907948300007656,0.09468360130897555,-0.2799654261310497,0.403635384584009,-0.1192582152329538,-0.046296842647243666,0.48996832719872396,-0.11115535023036335,0.518308154175898,-0.6441143051302347,-0.5557399813892966,0.6978695897030172,0.2588427176368834,0.33215003434707296,-0.18094780599876403
2021-01-16 14:00:00,0.05549262808602759,0.06659931079775577,0.22927843301506645,0.6609770961369946,-0.17766619659864769,0.1641258740113629,0.08879406416727291,-0.2752118544451243,0.3660282460367855,-0.08836673438459336,-0.037818396716378606,0.5012514559704285,-0.16825148468596102,0.5364441233169489,-0.6377921769241469,-0.5448993188123654,0.7068360790509511,0.24064624315007743,0.32859520615018667,-0.1690347009850958
2021-01-16 15:00:00,0.003485437203755791,0.03175248549276377,0.21275532952474546,0.6520322448988788,-0.09012576517551196,0.15416551028184702,0.06674494188354745,-0.2539963676610885,0.3615647841711221,-0.09606663487684575,-0.05538880900584971,0.4960178348815019,-0.15792069107013876,0.48969433350938796,-0.6666722510693456,-0.5901984185242575,0.7028916522432049,0.2992377834769526,0.26718463533276204,-0.2461249019174965
2021-01-16 16:00:00,-0.02997869099822235,0.014975897382508232,0.17088012486343668,0.6393446142246308,-0.13476231362330365,0.1936725022068013,0.016072047970041504,-0.27660463584953376,0.36957520657307424,-0.05147688341920041,-0.03150921650799615,0.49040751341580685,-0.14801152241887322,0.508075056874551,-0.6903271403717811,-0.6033555858417234,0.6854171114324585,0.32293934533167584,0.19533140236905272,-0.25882573010507154
2021-01-16 17:00:00,-0.042331438476299645,0.00948532791314357,0.11065130656630139,0.6347121623431564,-0.09109671087684953,0.2018804649487021,0.08510051886170075,-0.3082519570505594,0.3860753018210013,-0.05993397005684717,0.03854596942035117,0.4076787358544957,-0.18885208661238767,0.527651412425674,-0.7170444098100945,-0.5742329588565599,0.7031019031162453,0.36158439441125434,0.17137207941056398,-0.22869611601506298
2021-01-16 18:00:00,-0.10055608267547919,-0.0073948776883854105,0.12901154719055313,0.5949356694720095,-0.06223076625801206,0.23599151439165603,0.09204201507611369,-0.2960912976781095,0.3409457811629316,-0.023515836285793623,0.007452199774277933,0.43202779940346536,-0.21496289801064714,0.5117227561441006,-0.7002365123290859,-0.6423463908422444,0.7050424414175643,0.3656350962043652,0.11625764252153226,-0.2541120722222882
2021-01-16 19:00:00,-0.12256540414630246,0.015378089266693214,0.09120002643871558,0.5788286934653064,-0.05828613393020786,0.25471234342057963,0.06078208195866626,-0.32712168262289526,0.30239036675483894,-0.003426490137558493,-0.013765882207211205,0.4019155059216121,-0.22080363920383758,0.49932885619820844,-0.6923808458498167,-0.6605986281096511,0.6984911514078017,0.3558733973269351,0.10373591489034469,-0.21001487717681877
2021-01-16 20:00:00,-0.14297015346051262,-0.019617043636299035,0.17238088164025767,0.5479567798307039,-0.0014781046809646467,0.2506626788315231,0.0611714258506066,-0.3057982190940646,0.3624775822585564,-0.04855620708007947,0.004247727674848116,0.3903088279236753,-0.228319261996449,0.5115477765599392,-0.6866864534597523,-0.6270363434063694,0.6573716845424692,0.33909942444153274,0.13157038547694788,-0.18180062187578125
2021-01-16 21:00:00,-0.19182257890614735,-0.035797300376618144,0.12048763916347249,0.5282707667747559,0.0378306896972668,0.2744132694524822,0.030762722558990593,-0.24597627605261657,0.3210854429720436,-0.05404680104743746,-0.0037428037356024976,0.3209975127521054,-0.2315796222139389,0.5027068884158871,-0.6918811818464787,-0.6453155989615839,0.6766717632176303,0.3306388443448843,0.15525009800263695,-0.15023059220937712
2021-01-16 22:00:00,-0.19246504421332514,-0.06710278845658997,0.1560741140283256,0.48040660820322584,-0.008881264362812058,0.24409831351296038,0.0441961948765956,-0.29357225140158116,0.2981356990135994,-0.03876955334929054,0.0016646472429309215,0.2933883795696468,-0.202761517795156,0.5050494480639666,-0.7039105333685738,-0.6406693345435444,0.5882669212279392,0.3012455491011558,0.19320756403603848,-0.12122240752189849
2021-01-16 23:00:00,-0.14958658575657388,-0.04538744701005441,0.11578835966227324,0.44927997636679046,0.004837183656570734,0.27273146258806746,0.06939542326079041,-0.31559762136247416,0.316911511211482,-0.07023405914929068,-0.026075805388983242,0.3020607609440463,-0.24287792564438615,0.5292297569592482,-0.6488091046196534,-0.6204027858834226,0.5540372134834183,0.2739216147611438,0.21946857039298992,-0.14057942190798708
2021-01-17 00:00:00,-0.19719253116455768,-0.09605172380226182,0.13198131891112674,0.5258024887958103,-0.07527999374407109,0.26688347998387224,0.03724699333488123,-0.2929029120615003,0.3167439498071356,-0.03667584917778506,0.013231235825943013,0.27304969804789236,-0.21165836565036497,0.4775854914361785,-0.6595985875131802,-0.6828858174830887,0.6100247448526572,0.3248860179755934,0.17266404894847068,-0.17175827575857378
2021-01-17 01:00:00,-0.23752640202787367,-0.10475657615649808,0.13011301939416794,0.5799872940735753,-0.07700374658443832,0.22561311667783956,0.010704201373646464,-0.2606592023223192,0.30470803297163596,-0.058002005442076794,0.03924018793706117,0.2996853558179183,-0.15590160737079134,0.4433284642754915,-0.7332165430396397,-0.6613127133141332,0.559727287442925,0.2750565665983453,0.21375095234395866,-0.13136494705929427
2021-01-17 02:00:00,-0.16240134044865007,-0.13000957635968802,0.07855386415077426,0.6036202478527559,-0.09487322758472909,0.2128742084223853,-0.0005091151721170074,-0.27642209450188754,0.3283263944064282,-0.06430205414317447,0.016250449737385837,0.3031266416850628,-0.18970856423892457,0.4413947329803352,-0.7086700488988665,-0.6363580148426043,0.604969027614082,0.2583741189509078,0.199011083051188,-0.10928766784486042
2021-01-17 03:00:00,-0.1557891735283392,-0.09771848009561494,0.04277345728012329,0.6029190548560235,-0.07373816659478283,0.2434800803033988,-0.011855348329800201,-0.21975008936011056,0.3280741011971898,-0.047234252228944486,0.04667966940078472,0.30425903488240813,-0.19937927811385567,0.4514358463257471,-0.7058737112553606,-0.5886815679333484,0.5521048878902605,0.2734774054035385,0.24120394847337637,-0.10603367184671515
2021-01-17 04:00:00,-0.15566377732261258,-0.09593793795698598,0.04400477335055844,0.6279644925677523,-0.1095972818919322,0.23184532989022955,-0.036601920848030475,-0.19512691734900922,0.3279797242746893,0.0037036800125784045,0.07417050187369982,0.29742710020739505,-0.24303035332904527,0.46204398983443584,-0.7132899364413804,-0.6095677747114916,0.5355051632877988,0.2915535535954575,0.21881922965170392,-0.09239091394958943
2021-01-17 05:00:00,-0.14518767152597817,-0.10246430513365423,0.06216220558496924,0.6013420446607268,-0.1369487433219878,0.1919805630125837,-0.01416734601796367,-0.11708725045219685,0.33973023643546546,-0.007595455446792087,0.05024318931204698,0.24621997704538348,-0.26047051132521803,0.4640885742762736,-0.744770217935907,-0.5985418771067,0.5769399530079236,0.3681692875195893,0.25478586999051644,-0.15985399890115154
2021-01-17 06:00:00,-0.12150668429303663,-0.11216648893565861,0.03793350874118519,0.5096171641241236,-0.14437303426914516,0.19069713373061514,-0.028606917050437254,-0.13857822665604855,0.3741975607386504,-0.028543051693281855,0.1012814471730791,0.2726096135209967,-0.24749549291604522,0.4673368054331415,-0.7376650264826328,-0.615282277142485,0.5751978345235685,0.3911496135598452,0.23321745142852085,-0.2252230491577024
2021-01-17 07:00:00,-0.19090609676427028,-0.11272414382280402,-0.006700711295528725,0.4728882529487318,-0.1364054793916482,0.2048849920452834,-0.025031707610242388,-0.1379908893138428,0.34995572636462025,0.016716011008424445,0.1741795432390944,0.23142318301084858,-0.2969306859879248,0.40003133683826403,-0.7026596305187178,-0.5306195936157867,0.5697852772403795,0.35382064426768606,0.25420648742623186,-0.2303296114457567
2021-01-17 08:00:00,-0.2098490404701372,-0.13157275836759677,-0.02067850196755356,0.47298026515372965,-0.14231012664677833,0.22879732491422117,-0.0262802401225115,-0.1474817532459476,0.3016395337155948,-0.050699288253199616,0.20977935203825693,0.21923679015704206,-0.30710929739193726,0.3688951794669527,-0.7500737635565538,-0.573990396599594,0.5780522550390346,0.3627848691385742,0.2567755717114071,-0.21705735927085107
2021-01-17 09:00:00,-0.2440985379480998,-0.17195912664105706,0.02439415961709812,0.4534032400272398,-0.14756967638664817,0.16930736320158218,-0.02433224569975451,-0.20818130034369925,0.2695439326533643,-0.0739631054619897,0.19066442358187102,0.2097387635706529,-0.24934545912836897,0.39008908321733216,-0.6892427979695798,-0.5308491956574634,0.6055898368642293,0.35694185896052383,0.24729876367062456,-0.2874630143980897
2021-01-17 10:00:00,-0.2827711464244888,-0.1841455759339093,0.019573286459864038,0.45159070910471316,-0.14929267198625173,0.18405875642377156,-0.10585096994429152,-0.1900344862592832,0.23360155341851832,-0.09249622339354158,0.19477475738931116,0.18226573186148623,-0.25078558540955675,0.393014197280931,-0.6620300826946841,-0.5423220885007642,0.6481155360982414,0.3788316465081588,0.2556928963873323,-0.29084571967782186
2021-01-17 11:00:00,-0.2595834181232744,-0.2276292196666177,-0.023568900911005185,0.5019555513553322,-0.1220011367255448,0.2087053905035246,-0.08040506164157646,-0.23723215273310255,0.2665475544126735,-0.11101717450124628,0.19999905904218893,0.21022310058520743,-0.259190539427783,0.43141329790816163,-0.7045996624019625,-0.49297376704497725,0.6063966057188568,0.37320610708575386,0.2986856911331875,-0.2028039145799645
2021-01-17 12:00:00,-0.22603344019536406,-0.1734408258711269,-0.029530939863427294,0.5354162382982204,-0.10873718293193937,0.23835073717848168,-0.08242773087929138,-0.2213074420523245,0.2568296503784592,-0.14878738670446634,0.1953687519605214,0.25356089868423687,-0.23796891407572215,0.44213401502739086,-0.7044638395599577,-0.5160727193767587,0.650646119967649,0.37163766775898044,0.2973193645315923,-0.20677203354002177
2021-01-17 13:00:00,-0.20595573954732588,-0.1877888572360829,-0.031209420872121273,0.4996424517516992,-0.06983306137232609,0.24114921927413072,-0.10168388465038054,-0.19279488453346622,0.25682617488608256,-0.11221525846321836,0.1875440909250309,0.2645739678813932,-0.24267029391359068,0.4441151495096706,-0.6485883952633882,-0.5421908552767225,0.6375032810879104,0.38807965108518505,0.2978694895066427,-0.23368019528707135
2021-01-17 14:00:00,-0.18080436929360003,-0.1510106606056287,0.02636644519508553,0.4600387998105618,-0.07082805657351178,0.3032233240815362,-0.11935986429737822,-0.219360084967319,0.2700815774211011,-0.15080483482717816,0.18315584540633956,0.3005303772936019,-0.23078623342110122,0.45874940377486984,-0.6510285025767285,-0.5242989961005557,0.636856707019779,0.37124880551257805,0.34149739461824175,-0.2652498765865305
2021-01-17 15:00:00,-0.1665087830072676,-0.1798065184288476,0.06335577690723493,0.4617128881544951,-0.05713379301163696,0.26252477339166347,-0.1255764877170044,-0.2234504406328836,0.28391989578418714,-0.12361194200328525,0.17843800749551697,0.30509638279866463,-0.3125260491831839,0.4764884545060463,-0.6302934918445798,-0.5318494253403722,0.6818795694910149,0.3705077326405917,0.3289649589109673,-0.2349211065964707
2021-01-17 16:00:00,-0.14407750095113847,-0.2190384017713109,0.15905278485135896,0.49226716601890613,-0.0457700790736744,0.25437957493111635,-0.12368593137112836,-0.3044212974284093,0.27897105357349034,-0.13563140739124643,0.14864866593160617,0.3125271677960597,-0.29607348856024607,0.46504594289020196,-0.6013908411776664,-0.522221981489189,0.6683814718673107,0.3621508771125047,0.317762754007376,-0.2001967370688491
2021-01-17 17:00:00,-0.1682136992923699,-0.20866400307040422,0.1115607544998647,0.549031567423643,-0.09827668661570094,0.24858298821580413,-0.18369823880568467,-0.32908505083699524,0.23893830845251296,-0.09644209259531761,0.17474599347216932,0.2690638818930139,-0.3182194669018737,0.46292358477229006,-0.5779129565078026,-0.5503879983132753,0.6817744133796465,0.30698758436711543,0.2999772551420662,-0.2694593860944128
2021-01-17 18:00:00,-0.1547956202078411,-0.18623608241873318,0.1329396755699955,0.585155550032306,-0.05014947436185129,0.25292474489235417,-0.16199035155353605,-0.3308830905112459,0.2714130959432188,-0.08320478461744393,0.16114175524815927,0.25895705180218104,-0.3104314635032212,0.46109753307009743,-0.5381714433015619,-0.5648220966782483,0.6391386069325369,0.33108315092544915,0.2859178631206172,-0.32244438212758064
2021-01-17 19:00:00,-0.19371772112178795,-0.13850052270737573,0.13553329524940494,0.5878180380804999,-0.09124067586691592,0.22294343892385066,-0.1983232663524395,-0.27470727520711874,0.28644698701693677,-0.07394941971139177,0.17412812127802935,0.27219011865279735,-0.34262257924650574,0.46045635537691304,-0.530941025360923,-0.6040909248821728,0.6028525043868983,0.31223412864080924,0.2962810107877641,-0.32649234421494777
2021-01-17 20:00:00,-0.23364406216393466,-0.07745871802602854,0.14758906737262334,0.5996015028371278,-0.0745653508654204,0.18734108870595986,-0.14207937419052322,-0.27151127595228447,0.29951663479579366,-0.054565213396790206,0.18006544041335917,0.27248589629568915,-0.3427403764314808,0.43749024619939825,-0.576035218469976,-0.6442902977238373,0.585721444308485,0.3455924364898892,0.27802744165914345,-0.3154974289075669
2021-01-17 21:00:00,-0.28579798718763383,-0.08661575287356249,0.11273249816153771,0.5950526781423976,-0.054285131074964854,0.16564750418522428,-0.11200453429867599,-0.2979275363964198,0.27760049609486787,-0.0234847036357574,0.1521847708654322,0.27816686125054446,-0.3310412896801523,0.42189922016223314,-0.6091221593870222,-0.674438150924548,0.617850172039046,0.3310212208048551,0.24366703286237246,-0.33118419312803044
2021-01-17 22:00:00,-0.2877368164022689,-0.09610590095930305,0.0877889955387383,0.5333343378120182,-0.055308902800949314,0.20195998483619945,-0.1527273461779234,-0.2613794673355818,0.23775747432771985,-0.044760875241219064,0.18144828026251333,0.3158569908335627,-0.35334476651927027,0.43862932623247575,-0.6037332929455254,-0.686605284799236,0.6311633781997978,0.3201690169599195,0.1778697036983911,-0.3308673738155333
2021-01-17 23:00:00,-0.2684033131459928,-0.08523495785352268,0.0407902411556314,0.5719167705275937,-0.05898782361547235,0.2130638623568276,-0.14531641301579992,-0.25972843027290954,0.2166931211197149,-0.007440776677692759,0.20750782572081067,0.3098911916419036,-0.3418558340194073,0.43380822311156886,-0.6830787958106235,-0.6635271918444701,0.6300017802184997,0.3117338423577284,0.13081874689037523,-0.3404809655833433
2021-01-18 00:00:00,-0.30392449554535184,-0.11900048801692761,0.03769150354288276,0.5824534667705398,-0.039338466041485595,0.2224267051119176,-0.2047382343540592,-0.251497905543767,0.20638278198343546,0.02561414249348233,0.22035528636749754,0.36426238453537724,-0.336531119608788,0.4074495505231299,-0.69765077525012,-0.6236230336655085,0.6605143389796241,0.27248720817173644,0.10729213785740155,-0.36853057463475614
2021-01-18 01:00:00,-0.26954190220522045,-0.10965631869384687,0.016485156710190216,0.5928995331751827,-0.05995402233365346,0.24090075346238898,-0.2766656030496003,-0.20811125202896077,0.27096279468368506,0.03744333838668483,0.19684973982566792,0.36556085971003943,-0.32337757353988106,0.44318560285916,-0.7056820637060732,-0.6235484660236373,0.6301193067724824,0.2575150952966511,0.12703487993627427,-0.3868466738237386
2021-01-18 02:00:00,-0.31421541654007146,-0.08967929407573741,0.043954278039652184,0.59552417117607,-0.0606236757931837,0.2698032134850649,-0.2392929104245934,-0.16281650500480216,0.23501541483076718,0.04224162957986663,0.09583934124647514,0.36124274815618035,-0.3417117129471557,0.4308239722299257,-0.6696286173041978,-0.6347836371660085,0.6412487539614656,0.30272219836071984,0.13854304059220157,-0.44028184700999123
2021-01-18 03:00:00,-0.2570830916547263,-0.04711369128463042,0.059121057616641416,0.5593772414324468,-0.08252424632703804,0.19835473073475426,-0.2393157633009964,-0.13101128046258786,0.21253649729141427,0.02122270892687301,0.14947876108214456,0.35804073197470027,-0.31544586008591186,0.47861051345034844,-0.6559991343207908,-0.6191604005703109,0.6308821735403889,0.2900105234810372,0.10014098182793565,-0.4559510889459043
2021-01-18 04:00:00,-0.22654443635260385,-0.0816972679356762,0.011253079453763401,0.5199287557687201,-0.09460475705923392,0.20278970148873465,-0.22019075885251524,-0.13142871266512296,0.21396202862528654,0.0025941305537435684,0.15220314836420396,0.3797584780155411,-0.2630149474738378,0.44933638158554134,-0.6399034360454402,-0.5795051140135157,0.6613646005306952,0.2789804944375566,0.0970122027073905,-0.4634312894778781
2021-01-18 05:00:00,-0.18769678149444713,-0.09725843600906621,0.01471948401729965,0.5079733204910561,-0.07392430470245834,0.18299671085151406,-0.226254014935528,-0.13290567436002118,0.24820636133874407,-0.024764523808670575,0.12011757628521713,0.38109251817035983,-0.2181186781654905,0.44504480034757904,-0.6425542904631698,-0.5828193607064163,0.6329545776233941,0.30453857540108353,0.1215349107459338,-0.4649262928092061
2021-01-18 06:00:00,-0.1829815900559157,-0.1156457245746598,0.06700257410480803,0.5736939222628842,-0.08480441031064073,0.15399886900899062,-0.22899138118567064,-0.11759328634263265,0.24897313104039848,0.014733994929148904,0.12881776623045407,0.37912568736720226,-0.272134221811639,0.4937747258435493,-0.6349601991939203,-0.5815709530647815,0.6013972206236432,0.2805311656359461,0.14367562341191853,-0.4665201246911127
2021-01-18 07:00:00,-0.19276065058691164,-0.1129672301254504,0.045052760108405684,0.5748296593116243,-0.0634354457878022,0.1664671267471703,-0.21754908974458342,-0.06797114242344732,0.2952381101951752,0.0026962076448246337,0.09770761023998004,0.39018968847172547,-0.25086788734440163,0.5088392192712007,-0.6006540090358428,-0.5237571046812461,0.5828589460861663,0.2538782363045429,0.13533195741214865,-0.46885784094877403
2021-01-18 08:00:00,-0.17284394198837483,-0.17275319514212742,0.06939573037209523,0.569365956920798,-0.030798592383266224,0.10433930198316932,-0.19998059538565288,-0.02885696655881819,0.291744894520216,-0.029407753757901424,0.056752064084423556,0.3749495251402187,-0.21276132630510808,0.5395256622279252,-0.569670566812607,-0.4826868577450734,0.5640502007477946,0.21711633274900213,0.14081480041043876,-0.4136441003486635
2021-01-18 09:00:00,-0.1561176928497185,-0.16664642221229786,0.06195714102551922,0.5784654722304065,-0.024043310531594145,0.0928595254726119,-0.20235964140779905,-0.09108546563013939,0.23493721334431875,-0.026274510288840106,0.005406506008826369,0.410426133520994,-0.2105133449543214,0.4958068729375769,-0.6118409962479249,-0.4851224955285346,0.530834874689988,0.16527808375537878,0.18116793227811145,-0.4443808047086758
2021-01-18 10:00:00,-0.1715782777771824,-0.21485830993817262,0.06270749464179218,0.5719897360240768,-0.011804891153691915,0.11912729261256144,-0.22280439259714288,-0.08097165193271261,0.2542761113037949,-0.04136562033443641,-0.0013064122548735067,0.43051165133274416,-0.19461391851094922,0.4946816932307816,-0.6457606416233803,-0.5096629724527907,0.5824981046689414,0.1951380260307108,0.17482699830515935,-0.4203303381522667
2021-01-18 11:00:00,-0.18040841126616983,-0.1750316255764889,0.10780405786546324,0.5828568016491812,0.02651495929389551,0.16070374871466317,-0.15785123356839512,-0.07029011440885073,0.2784580679296575,-0.047138267928279604,-0.06281054837082074,0.4603661769269092,-0.22067472705352362,0.4840641333571777,-0.6870373958427493,-0.5586115466356466,0.5588771234001049,0.17830960718722488,0.18495769993781014,-0.41606778915293346
2021-01-18 12:00:00,-0.21190430969630566,-0.15582273359729654,0.057462733629628636,0.6352192249705836,0.014575848943732699,0.12961326438991655,-0.15997721848531007,-0.09053954750513375,0.27325123996259343,-0.04039275391582372,-0.0637570671337316,0.43305565085183206,-0.18337303427597573,0.4719590155863449,-0.636306957472622,-0.5107172401077451,0.5867053974118505,0.19334363398095614,0.16773821552063628,-0.4078084462294555
2021-01-18 13:00:00,-0.17610339268455014,-0.1668077923309654,0.08633129856791094,0.6557772408534096,0.008634102638523997,0.13049110836128527,-0.0957590697742292,-0.09045155203213565,0.25828832385439576,-0.06332799639074985,-0.02867721203847752,0.47210297229430886,-0.18732482891760935,0.41524138568606933,-0.60573548650512,-0.5338876441010365,0.5878833673536558,0.17871955379138446,0.20397055400104655,-0.41565140853908467
2021-01-18 14:00:00,-0.14762827230970296,-0.20185145115387348,0.059551169280561596,0.6948408757678981,0.04800860219591199,0.12011685601302327,-0.062270913251834946,-0.0598906770687153,0.2709509870356219,-0.07532494530805271,0.012512583523791945,0.45400490124476683,-0.18803672431166743,0.3970702409682621,-0.5885032958255334,-0.5558257218097169,0.5953461317038208,0.20784213990751504,0.16536482023262164,-0.4054620863317544
2021-01-18 15:00:00,-0.0929884527008624,-0.24264052665705912,0.07731381556709889,0.6560306965384611,0.09717401338490464,0.17281933324598486,-0.07622394149618718,-0.11168316328029233,0.3161163049636525,-0.09180867685152036,-0.019048440844526553,0.43951312252293767,-0.21196445538993905,0.40442466997355514,-0.6083295814984044,-0.55251120166261,0.6149362361759095,0.22928467781089495,0.22289265286982854,-0.38026383537498887
2021-01-18 16:00:00,-0.04789689092453842,-0.18507779307600608,0.1164590309088398,0.6956827538737714,0.10916511226588978,0.1798149434294606,-0.12950521569542575,-0.07702596571777184,0.32348178826972046,-0.03291141356219208,-0.011607480594337609,0.47622661114792997,-0.21834089868838802,0.4168295987003576,-0.6060111939216336,-0.4812534693991183,0.59240135104497,0.22374485328912272,0.21040484847318708,-0.4402029215745224
2021-01-18 17:00:00,-0.057019200299949876,-0.1949102917331632,0.14629567612057565,0.6759399789054011,0.09554566159262604,0.16133289069431245,-0.14248812090616172,-0.03345781543729161,0.26447384862979995,-0.06820135386178414,0.0369372368167795,0.5019248016431163,-0.15858302277724734,0.37788529738563276,-0.561912181620259,-0.5224012496040176,0.6354390013242615,0.19690520582089496,0.20811892209369173,-0.4470954518547245
2021-01-18 18:00:00,0.0008085378764349713,-0.16701938701691169,0.13769026395075032,0.628522183939932,0.022525957299979277,0.17228294609922776,-0.14941480961081244,-0.005624591518888691,0.2938693127947735,-0.09807445163503495,0.03158340448835093,0.4692318072509257,-0.24680641712748025,0.3389690959593666,-0.5536229117174353,-0.6080293718188006,0.6785086326693782,0.19487934378241892,0.19666509788318726,-0.4166105120803276
2021-01-18 19:00:00,0.052647788747171874,-0.2071535418444798,0.11546615670534204,0.6406445961077075,0.0949047728479478,0.1394808084884849,-0.11110414069460406,0.02766365761418027,0.3479476961290635,-0.1188245384117386,0.008238553985027597,0.4704786007312047,-0.2698643131055579,0.3730443771387558,-0.5951152015396065,-0.6347433039196582,0.6600382347287616,0.19867131730669965,0.2115999095916819,-0.4337449625317484
2021-01-18 20:00:00,0.015983939244505814,-0.24268342316772246,0.09710307415083819,0.6532617646464852,0.09083512664420514,0.060201156683964294,-0.10166611209296526,0.022899733644698685,0.3352002289296557,-0.09350512221736508,0.00017788904695131315,0.4869158736942673,-0.2633498419126832,0.34985089285201343,-0.6092727671015885,-0.6297050494222002,0.6423465377568512,0.21360517138416094,0.24099800615114952,-0.4379706551574329
2021-01-18 21:00:00,0.09505299304515313,-0.2577689069858709,0.1333367098020065,0.6300392178859597,0.1132962859065744,0.0989323667189954,-0.09676801345044767,0.04701540021570452,0.37900200485038726,-0.057148951625539374,-0.03145817558529863,0.4882742662303581,-0.28573735580788245,0.39229415450805705,-0.6182383752146817,-0.5814253982661487,0.609559590894587,0.22085397010322796,0.1931134672926019,-0.37806129291426294
2021-01-18 22:00:00,0.08912788095299472,-0.276563052016717,0.1519893875307124,0.6172466772568398,0.10445682195366036,0.09799344495698255,-0.0841816668918533,0.021678131588267945,0.37141706371060973,-0.04604433714496241,-0.03301649939687827,0.480271390123793,-0.24739208230793247,0.3893547632066984,-0.6564922965313582,-0.6247285469525538,0.5872564802674743,0.19240607540928165,0.15314937973829632,-0.40487031979923654
2021-01-18 23:00:00,0.10568278048198464,-0.2695780995996565,0.15869832381674923,0.6267323869464008,0.07691193679977656,0.0977952854320843,-0.06589043744981214,0.1028565784764695,0.34000051992976144,-0.07610492655946292,-0.02462079253421689,0.4811752913209613,-0.20979615755116363,0.3871005556234798,-0.6445604319706798,-0.589887759714034,0.5506046518438579,0.17154745410103708,0.14877334706230652,-0.4046804100503497
2021-01-19 00:00:00,0.11605393364835905,-0.27952754396756563,0.16447276367378616,0.6363337035534514,0.061130113590105645,0.09899205787495166,-0.07638901970343634,0.14374474376414687,0.37792046623064735,-0.06051309380766715,-0.016527149644720383,0.4584700605081772,-0.1955772160211272,0.3894167068021851,-0.6278203484871875,-0.5381048368961513,0.5644742337515051,0.213114586226814,0.12853633487325353,-0.4173992374512887
2021-01-19 01:00:00,0.11525161548533554,-0.2578361269784126,0.18334280752112264,0.5657849574345322,0.0844960283751147,0.08008570596434601,-0.07666827071267417,0.15085568106831843,0.35701266301291545,-0.0672001096172108,-0.06876036847613634,0.4953695094805033,-0.12365664580798079,0.36762767742223734,-0.6082898311832815,-0.5278122433817957,0.5459742531567094,0.2545137821078666,0.14067175915581764,-0.40991846980709473
2021-01-19 02:00:00,0.1193897554717607,-0.26661727402710395,0.2289400850545915,0.6052175603501998,0.12410632774440236,0.09166988059281353,-0.07887057987608757,0.10805989132797952,0.37057765439358903,-0.043783579877921586,-0.12869556926315565,0.4693186023984473,-0.2138583319524881,0.33031976714063316,-0.6088188981921311,-0.5919622904530533,0.5623615414845935,0.2736520449068809,0.12991837888349775,-0.43842405888410324
2021-01-19 03:00:00,0.13914613304329232,-0.19341570403013997,0.27441009756509976,0.5948362145754628,0.13923357847741907,0.027563774928406268,-0.058191086772895716,0.08869533775522635,0.38627906927930594,-0.08151379853393195,-0.07477944902148968,0.43407600417968595,-0.26315043744008204,0.35935691795227614,-0.660001752804376,-0.5867248780766837,0.5703028743874412,0.2545249984943811,0.09480690612871084,-0.4482093873111545
2021-01-19 04:00:00,0.11803322028109153,-0.2124104103411291,0.28869115246370236,0.6040318199435879,0.1404508245422351,0.03285738116126778,-0.045866298299005265,0.06130539911067588,0.3802646100988537,-0.09046697129487803,-0.12935793174352456,0.4211752811973161,-0.27597764506248873,0.3129978043210062,-0.677094643165243,-0.5678254762197804,0.6213796825978297,0.22612283698132618,0.11769871396439979,-0.4450687481111198
2021-01-19 05:00:00,0.13271082799561398,-0.190206658815894,0.3168318717985591,0.6198158036074045,0.12142325684337082,0.01827716575524156,-0.1029437980335624,0.08238613953458826,0.3124555570580756,-0.09612924580528326,-0.10827072667679769,0.4237898929097429,-0.2336100095193515,0.3035372599988123,-0.6722107907507656,-0.5607440610954966,0.5988867115057611,0.21173169705020672,0.06690482032718023,-0.4639620117278537
2021-01-19 06:00:00,0.16373607393191014,-0.21231987384360018,0.3532004193904678,0.5763663941144493,0.17027612462830516,0.01642664531834392,-0.04515840571195466,0.14272462284644363,0.28511034074792413,-0.04307915663282967,-0.11691667341001007,0.4361099896105722,-0.23472218966810088,0.30874780153466586,-0.6879876778991296,-0.5703637258998955,0.5798754270045902,0.16462414519691038,0.023439104936362795,-0.4501376044655552
2021-01-19 07:00:00,0.16988309630784149,-0.1904254262986062,0.37534620028829474,0.5617265860847351,0.14507574306696341,-0.021193860184798186,-0.0885899571270988,0.12066556907410342,0.2795069920583352,-0.020979711888116606,-0.06290471505939224,0.4672793121660531,-0.20183238662299713,0.27949264460820744,-0.6667815755628871,-0.5444373398546432,0.5522609656653954,0.17012351426753727,-0.0019704235453301723,-0.458095174260727
2021-01-19 08:00:00,0.16663999202096502,-0.13857775678692527,0.377655965489636,0.5293096737869533,0.15955207400280313,-0.046968533036327496,-0.0898966969843121,0.13645694808801967,0.3468179947304425,-0.03759475731874609,-0.017266745161640347,0.43932113346836765,-0.22204881113659417,0.26479639314720543,-0.6737987160017875,-0.5447536226179279,0.533756268674522,0.11967523106434867,-0.03253687141831938,-0.43887448665271733
2021-01-19 09:00:00,0.24233465561322887,-0.07237427357200261,0.37832329371982243,0.5020479003949153,0.12455756428988196,-0.05874130986762385,-0.06098639775572945,0.17421368049353964,0.3535897358608343,-0.028402916943159703,-0.048703536305270786,0.4522706132858093,-0.22550570904396708,0.2511738242350228,-0.6557373440797415,-0.4889959499884461,0.562713073333841,0.10393781515904363,-0.04194144188531656,-0.4625794904563055
2021-01-19 10:00:00,0.2556603570714277,-0.059738181293837136,0.3711203456340186,0.500596276659298,0.06648559342256365,-0.017684969738038292,-0.026525485075168595,0.17890885763863312,0.33494874954036763,-0.024498949664209103,-0.037745684389814835,0.4840035152604843,-0.23819558047551925,0.2545398520775575,-0.6980074188615463,-0.4803298508238787,0.5714315388429656,0.10528523477402589,-0.029688874304495856,-0.4441342991509314
2021-01-19 11:00:00,0.24802393660413777,-0.07184359845161821,0.3758465489648365,0.5063256606822923,0.11470152106675019,-0.03315456340768245,0.006401128241795621,0.18788157616790283,0.34485599168410175,-0.017921913500586893,-0.012796141863176541,0.47070107866242006,-0.22392831681669484,0.2857219287702053,-0.7108185333299981,-0.49408883223831696,0.6095854372046677,0.127634651145002,0.015802814357511935,-0.4487688717172574
2021-01-19 12:00:00,0.21731815103404026,-0.11774295191807249,0.389343810146715,0.5229543486747809,0.10896666364789506,0.0027343126037202292,0.001008737699067206,0.1536212056478692,0.2950877336704031,-0.0329958971772587,-0.053325692315168885,0.48993742428478526,-0.14937363945395243,0.23891247739032595,-0.7748408520346479,-0.490231866504078,0.5952762081221218,0.17928452051535612,0.02104742202049717,-0.4373077683836126
2021-01-19 13:00:00,0.15438408384792748,-0.13264918616976742,0.3600373652370718,0.5377340438129322,0.13049534904586366,-0.036823634589991217,0.011974934683820987,0.17959575063671115,0.2633450153419245,0.014749738373557024,-0.029264628537659886,0.44545660635971396,-0.1570299150234966,0.2369764576322495,-0.77640579680362,-0.523701965236961,0.5983938313558517,0.2286514300275735,0.001641630742153722,-0.36640994922312486
2021-01-19 14:00:00,0.17451421765462075,-0.21053334859605877,0.39340531268143664,0.5486270135467214,0.13277560765812407,-0.06875778211864146,0.0035778318376696924,0.1548130976133017,0.3065544851185642,0.051095265685710656,-0.0441397686950957,0.43699965909088556,-0.14264787227675507,0.2771518300845758,-0.8130617129857161,-0.6115921259286632,0.6037170099260613,0.2564556454762074,-0.018732658415019046,-0.40068622725385405
2021-01-19 15:00:00,0.20853400276950687,-0.2190696262005689,0.40569375769970795,0.5760666344387515,0.16826678558820776,-0.09332329199428993,0.0012959681748426575,0.15359753837812293,0.3208217386305391,0.04044706839947271,-0.08444507765679951,0.4603455163325345,-0.11430070982498125,0.29939964639405015,-0.8295222123444129,-0.5936451618543652,0.5689239356065847,0.2765090187852663,0.030256556381345532,-0.40608064748289985
2021-01-19 16:00:00,0.18714552456497205,-0.22173510738111,0.4349293026193467,0.5752680061190381,0.19291340209896674,-0.12337188989120776,-0.014730844066419769,0.16105174444557727,0.3236360422435536,0.041638895502532,-0.1215743536620315,0.45517582847011717,-0.06423888766121051,0.3549975054762498,-0.8646292086765108,-0.5626032695297528,0.5370003268351913,0.3327219093372127,0.006192493483205334,-0.4028709373954243
2021-01-19 17:00:00,0.18171889047470657,-0.2588272464764177,0.41771410732945313,0.5656649921484769,0.1832748586632097,-0.10174437890327417,-0.010285313592564831,0.16878894937078642,0.3063480412266679,0.04426075256790473,-0.1386993975072298,0.48892340204305734,-0.04020595933851196,0.36011347236714075,-0.8151475422006206,-0.6022290763152788,0.5289906094710781,0.29631258097389407,0.06421218075266448,-0.4259708961388958
2021-01-19 18:00:00,0.10549968666267745,-0.18894888664672865,0.42952648448838715,0.6036421999963127,0.18599013712543594,-0.10282088117244122,0.0639102088818728,0.2066645713550062,0.3057005874275946,0.02601056237510271,-0.16991635200949107,0.4594429156062818,-0.07685880298040355,0.3086931904113722,-0.8178423106820959,-0.5717177210943454,0.5285599461463235,0.28118497340634796,0.0866806187900341,-0.40222672586370567
2021-01-19 19:00:00,0.10611969816737019,-0.23124603689937306,0.4254826082956628,0.5989925023719712,0.1308292769862495,-0.07069121578153345,0.04611916640980786,0.15162885322717679,0.30109383796787687,0.07011838599963974,-0.1636764830897347,0.4300227205577045,-0.10021754385941287,0.33216239796363695,-0.8641168695862359,-0.5016314633394886,0.5765694776684265,0.2756083133450268,0.11669085324800538,-0.36541584970624696
2021-01-19 20:00:00,0.09307824068253814,-0.2131509538229748,0.4402366460622615,0.6016500098920388,0.20738503067301456,-0.08143424835572584,0.07898911510230057,0.11276101158690191,0.3194899163461939,0.062431744720161296,-0.18554151482397024,0.3765958262557634,-0.06463086260446928,0.31331739314499996,-0.8438301093770045,-0.4735062914274395,0.5541215082743826,0.2317465879555164,0.13141406203660302,-0.38640493806941645
2021-01-19 21:00:00,0.12148650013637201,-0.21529387933132954,0.4596749715848383,0.5980853925539207,0.20614603988896038,-0.04868149595039636,0.09175847082400089,0.11661720301525882,0.25951515022161176,0.0333667981151724,-0.11897651770456233,0.41928446654688,-0.09337022572152734,0.3122031396985606,-0.8309542025799571,-0.49347581557604864,0.5321131082712517,0.3294018155067732,0.18420439754882276,-0.3901304198226111
2021-01-19 22:00:00,0.08188030105745235,-0.23772154867944056,0.4962249618756718,0.610519774787787,0.23380137928263703,-0.06205246007203452,0.11789655847884709,0.09769326233982245,0.21692451800717755,0.028614882011057892,-0.11556259494801727,0.4254060244067205,-0.1371551987552027,0.32145558647195116,-0.8314016247854966,-0.5132919169314293,0.5592607057035957,0.3945352724478991,0.20462748405221676,-0.39582906838926063
2021-01-19 23:00:00,0.08910545137141776,-0.2035600457976246,0.47512801734798493,0.5851084985528493,0.20097230184934706,-0.06329661953333934,0.11076057476787322,0.05292699655352113,0.2688027350854208,0.04119607262177182,-0.0870191927913077,0.44164575310463217,-0.19157419698818096,0.3629092776076486,-0.8173895146043929,-0.4795390319960546,0.5429643361991799,0.39004812480777007,0.20086098721192996,-0.33924938736136107
2021-01-20 00:00:00,0.06683260331580806,-0.19050156778580474,0.44173024140485295,0.5721255774978397,0.22873730928851305,-0.03765383558043424,0.09994728862068168,0.027310368086466516,0.22154176269411152,0.04653291582667292,-0.06959609037990414,0.43768298788318816,-0.18504581969869047,0.29578589614872364,-0.8154502677354983,-0.5091405576865898,0.5644715534527166,0.4060668664348348,0.2240167614049594,-0.3203807386549644
2021-01-20 01:00:00,0.05861686479319894,-0.2218641708209334,0.41234630552947366,0.5700635214189577,0.21128837465656258,0.0027258926571829614,0.11824092098789873,0.014904760157918421,0.22910665471258257,0.07980823101288388,-0.08505997763220396,0.4424352773381882,-0.16953749368244506,0.24700931570266918,-0.8089868243013479,-0.48636674537793256,0.5738471910338059,0.4205015082952406,0.28082420128432656,-0.34680849525402574
2021-01-20 02:00:00,0.07990140662271031,-0.21470408763869564,0.4121282042812493,0.5657701862527605,0.18618823235050733,0.006111491346861237,0.1209460893892139,0.001538406620723215,0.24839729383141956,0.04231162693309756,-0.11370719752659593,0.46715755436191414,-0.14766150107114498,0.26929678110719446,-0.7906613835149602,-0.47644256875843,0.5807505927057779,0.44462934982940655,0.25481002745535913,-0.36537345163064217
2021-01-20 03:00:00,0.10686754997478565,-0.21637181769144506,0.44305663641877424,0.5392652018278237,0.18448286457151347,0.03024813368546305,0.15417139994290385,0.050656774777135365,0.2790978128490987,0.028790099647682185,-0.08083384007561005,0.4171100046545902,-0.14330449315732838,0.3160222254797648,-0.7802322099154851,-0.4561714998324941,0.626044462380254,0.45902934664117573,0.26024813126802404,-0.3325681250889071
2021-01-20 04:00:00,0.10368913041572705,-0.2681046958020691,0.39225637549103454,0.4992514464953899,0.22089108981827657,0.09529016592090515,0.1527061232744569,0.06695591740474777,0.29588588193872556,0.04344920614120146,-0.06337541806415249,0.3777017504377972,-0.13448461421302793,0.34911034314599665,-0.8057870275434602,-0.46833313786049635,0.6605920063452964,0.4556057063229798,0.2990957405857311,-0.3113405392455638
2021-01-20 05:00:00,0.12042542531769755,-0.2242143849156189,0.4092915790014367,0.5168808378754638,0.21679354136003987,0.11145662339772408,0.11518221848558038,0.07612496685239267,0.2574986349052831,0.04600165277999811,-0.06110664692277621,0.38987987478843805,-0.05101346094823865,0.3373342405758092,-0.7893999228836608,-0.5225372559305546,0.6140724038667355,0.47418230111284787,0.30789232399056077,-0.30867847672054083
2021-01-20 06:00:00,0.10528556265521051,-0.17975406982318248,0.39802069851640237,0.538346482404443,0.2035820641332222,0.08442333098630371,0.14711467369117892,0.034802013995139464,0.26468587807103766,0.052184154660076594,-0.10492021320321432,0.3996998518367221,-0.07146140344564372,0.2864312762491523,-0.821031863668766,-0.5169150223925033,0.619427204921555,0.45135094743650167,0.3178264425469439,-0.30620976449962944
2021-01-20 07:00:00,0.11965336511511736,-0.20986099515966722,0.38742117108170004,0.5562335836252925,0.1948899955148081,0.09536062562879921,0.11718222510800311,0.09390466478699772,0.248326161823642,0.06669330745515413,-0.10692034678636828,0.3343470146352544,-0.10612211673708083,0.24688631455734344,-0.8609619984582072,-0.5061218615153489,0.6100410888836681,0.42872658622197585,0.31061324548371044,-0.3143967283887502
2021-01-20 08:00:00,0.1878596734914258,-0.19490442573368585,0.3729202675957005,0.5667423585945599,0.26217304837924865,0.09082231986413716,0.09289812709228835,0.11562154494991395,0.28060389833595967,0.08405414455945806,-0.07392317359413333,0.2881689443422074,-0.11999482001852114,0.2517690845129446,-0.7879497962324009,-0.515710235124367,0.6156561331736861,0.3484032652677169,0.2891891848286372,-0.28212172609420394
2021-01-20 09:00:00,0.2212651851308471,-0.1856313977410007,0.40972149995231555,0.5247222343788915,0.27358297498126277,0.08312818412362388,0.10800570524581313,0.12448044099658695,0.24146797182527424,0.07523194309850784,-0.09320479316675663,0.31614081994865695,-0.12441485669973124,0.2876079047982381,-0.8265024519801487,-0.5356538082278316,0.652239117919888,0.346066220384786,0.23132002895215067,-0.29494840362406294
2021-01-20 10:00:00,0.2797679234239726,-0.19338769259074676,0.4458800181452234,0.5162794857100501,0.32764848216047265,0.0494817868888141,0.10542759772796614,0.11698068392439527,0.2096237850034765,0.04763662525087202,-0.06297873247266404,0.26711217629819184,-0.09295595773031316,0.26404030980856363,-0.8063830202605804,-0.4901802547589354,0.6478004206795688,0.36820259690732005,0.21258486210850702,-0.3266661602207369
2021-01-20 11:00:00,0.2334816185316137,-0.2224354848275869,0.4073007288173646,0.5465597716911341,0.3177843152909187,0.08850944195980898,0.035748892430663745,0.06623573029699746,0.24774174585664246,0.029817539257815974,-0.10879009294645339,0.28724446488376804,-0.05613143366627204,0.22796605598283942,-0.8188992440474128,-0.45916504579464457,0.627338720424362,0.3720014911735182,0.19863961636249022,-0.29700911047344136
2021-01-20 12:00:00,0.18546829842503132,-0.17368399876899343,0.42294364042309124,0.6016441896090816,0.29547513304047773,0.11092054659689188,0.02033971458913114,0.04772397857453159,0.2430753702076443,0.02914140689954436,-0.11811288565666954,0.31069615847647314,-0.0722951921466244,0.2053020533570462,-0.8884948984395976,-0.43813707584176764,0.5936303005837924,0.4145818277473845,0.1810584375976133,-0.24752638745139094
2021-01-20 13:00:00,0.17155908751090515,-0.17835307543920798,0.446909502671681,0.5651628066657682,0.2450435631974665,0.10289781304171816,0.04325872913791387,0.06394348955132204,0.24647091254161485,0.050642180197383445,-0.11953039914516579,0.29385497815455347,-0.05656742800333466,0.2889444587742252,-0.839718336739787,-0.44570038739484785,0.5519416840263481,0.4302345949632415,0.17619605470360766,-0.26366407550319565
2021-01-20 14:00:00,0.22772585714220653,-0.18762738256493905,0.3911748240059036,0.5685228383955099,0.08734765592419201,-0.02024913506496364,-0.06816965912519897,0.12043710829854617,0.2900823449730782,0.12433909832288877,-0.09991096354785188,0.3106436209509851,0.017547082984825043,0.3090735790531399,-1.0035195925241034,-0.27145094270087583,0.5505248945612922,0.48479669212893456,0.06563493664238415,-0.4634913858073846
2021-01-20 15:00:00,0.2857631721920452,-0.16550992175743634,0.36136212824048647,0.5909077177986943,-0.045738843479422114,-0.0676791448451102,-0.13397225744739866,0.13619719734260022,0.32782932125045977,0.10012221070100112,-0.07549130083580793,0.3304746641161377,0.08415420765992426,0.3054302621417459,-1.0819972018732358,-0.07115442229608447,0.5763721067175941,0.5028332013288325,-0.008578366851933757,-0.5680024418748956
2021-01-20 16:00:00,0.3290681073938043,-0.15992435289830687,0.2955405083624563,0.6268212249794732,-0.16630902677156506,-0.18273919433287375,-0.2214995711050622,0.13645829933199904,0.33581811345673157,0.12193203214423977,-0.11145055422704343,0.3039937976753387,0.1670491315010328,0.33530745531179373,-1.1808632257796723,0.06806551778381387,0.5720698192594093,0.5585387211471501,-0.047118162099274365,-0.6887634048440224
2021-01-20 17:00:00,0.3551042740262771,-0.1276819179626033,0.26547301341537677,0.6302192832657052,-0.23880353464571788,-0.23401925489099135,-0.2226989577767364,0.17446481091242025,0.38312462488478216,0.08642688399471325,-0.08333337725726266,0.27143801816108865,0.16734616956952514,0.35019266577208347,-1.2890269069407747,0.1887913638035747,0.5700247011059529,0.6256200351951227,-0.041067272651216104,-0.7414928130723185
2021-01-20 18:00:00,0.39716049116246654,-0.13662321901550312,0.19119060442769376,0.6616945426657231,-0.29729051483292157,-0.22834323991639738,-0.27824082046383114,0.19253353259378403,0.4291525069390427,0.13224584424501462,-0.08829368169501832,0.2571358825419539,0.21004326505479642,0.3442289316842242,-1.3288150406896002,0.2395472118023217,0.5037975773342541,0.6613454730731947,-0.03923121123182445,-0.8654426298808717
2021-01-20 19:00:00,0.44506802023644043,-0.09051217985596044,0.16422475432158254,0.6501470716930002,-0.33294477408372664,-0.26361757548632037,-0.3387435365814055,0.1693556709838921,0.41532960759192733,0.13051685569490584,-0.030484141103095323,0.23033588958611764,0.20759400072623052,0.3226136735456773,-1.4121698850819886,0.32563648867001743,0.44521318290888384,0.7117266423203875,-0.01728445689727936,-0.8348666200742992
2021-01-20 20:00:00,0.5258382515001111,-0.1307535473926822,0.12409441631596953,0.7454346632810593,-0.36774343205188875,-0.3328378023552637,-0.36301321414231597,0.20212508015443748,0.43461473282111646,0.09064098831369319,-0.11652253644790649,0.20196080065160657,0.22674086773748758,0.2946793526736414,-1.4176904325353645,0.4117418183525266,0.4499039118953081,0.6995612058034886,-0.05124000757836328,-0.8938322325603315
2021-01-20 21:00:00,0.5809654949721831,-0.11481094868549652,0.09463358699674895,0.6849312286096035,-0.34810167337214915,-0.3643058163849063,-0.41406509555378795,0.22693315601934494,0.45457215607683704,0.07077058038758852,-0.056009661413500646,0.19608171952023853,0.26571760061096367,0.2856748447679072,-1.3971230127343308,0.42615534069038424,0.39201702414412215,0.7613516019080897,-0.06135794644873178,-0.8935178201877392
2021-01-20 22:00:00,0.5973294016592561,-0.1272738439975342,0.1483472180472039,0.6606584884524815,-0.3309776924302407,-0.3815742953746582,-0.36994539915383906,0.20116597853825896,0.49684048781647006,0.11609624524676507,-0.06877672657744718,0.2381076985914587,0.2816269520611681,0.27934059953296075,-1.4910246595647128,0.4923781225656786,0.33488071166093586,0.752330801040074,-0.04104149416749603,-0.8882099373395199
2021-01-20 23:00:00,0.6094090594796218,-0.10926149540200054,0.1357852773308485,0.6418721556485876,-0.32166893403942115,-0.4511278432906015,-0.3836352360118666,0.19095325735459284,0.49417626395069103,0.10879548407548888,-0.10166764249425644,0.22497176628607907,0.30275834494431786,0.2908677012350589,-1.4847592743199256,0.5148297234051366,0.3078490019157889,0.7216097571653689,-0.05273790227289325,-0.9183170973728549
2021-01-21 00:00:00,0.6324101327401934,-0.0738146269644214,0.10456122919047625,0.6249002648996672,-0.3302356388681414,-0.4999938393998176,-0.4328766752519207,0.14384903053385523,0.4958570917073936,0.12433985530540399,-0.1452833284061134,0.1851575790597936,0.3128669006680082,0.245837645321903,-1.5192616766434197,0.5616582525091675,0.33545761532427354,0.7476648956388083,-0.03906071684528306,-0.8962134320244723
2021-01-21 01:00:00,0.6105151508123129,-0.06512558633698343,0.07857963870795548,0.6272272788511963,-0.3189430657229134,-0.5386800894534028,-0.47148850240389695,0.0674418572519934,0.46036844526345055,0.09788879522939237,-0.15545702903757333,0.22390210530317356,0.29574633564744823,0.25745188200711777,-1.5336427482949258,0.5832988459500121,0.31293895116038645,0.7135922090225125,-0.03424012706528232,-0.9347240203123868
2021-01-21 02:00:00,0.6279778950825453,-0.048503733718352336,0.05571979585971208,0.6169145330657705,-0.35763295761471137,-0.547432396390963,-0.4501511334087406,0.07008402207398982,0.490824809930019,0.12114215504517603,-0.1403075521541163,0.32260014130589065,0.30903611059626046,0.26102076688273734,-1.5015861889393292,0.5881759119279011,0.3097914035541807,0.6986040428718286,-0.012685061923902185,-0.9267605827308925
2021-01-21 03:00:00,0.596302909222563,-0.04624068949579048,-0.02512187302326878,0.6000062073477573,-0.35345145922447674,-0.5160507745856626,-0.4112477395241626,0.11122565122388121,0.47669718947491146,0.1543154817956716,-0.16894736665537333,0.32833348171363747,0.2898001157852079,0.24894732222412,-1.5064627245904447,0.5792698125044247,0.2814686635310676,0.7034645432327955,-0.07031197902606724,-0.9196097505003058
2021-01-21 04:00:00,0.5708930164746645,-0.0764268023151767,-0.015579139378131782,0.5942489914872637,-0.3711461379247753,-0.5264805045081596,-0.3900887948096552,0.0722971522156752,0.4525154834122872,0.17682719293987537,-0.14271569824178137,0.3321970824211712,0.3277865801410228,0.2449281272071603,-1.5395832901609792,0.5892440388326695,0.2840102613157815,0.67902082991723,-0.07283457051999483,-0.9255371031742267
2021-01-21 05:00:00,0.5905232989062208,-0.061665804984459116,-0.05311110411105536,0.5940462382809045,-0.3686419836328896,-0.5405961110253573,-0.4532081943772286,0.07119202318392066,0.4088220405602712,0.19696306909482297,-0.09997945259219544,0.3282609156509079,0.3024705260171016,0.23359214634482336,-1.509090724956941,0.6408304386530908,0.2605597516951278,0.6220234212251474,-0.1080506564547946,-0.9483797676748325
2021-01-21 06:00:00,0.5778567546310237,-0.05878814059039235,-0.1107240961979809,0.6161980702379192,-0.3868969957642607,-0.5525376042574048,-0.44710018255847467,0.09941282569686018,0.3895695895503448,0.24565486190682861,-0.0697274847898278,0.3427652925469072,0.30963152552396184,0.2867240943370811,-1.5011990464313612,0.6444988344905108,0.24170883039760013,0.612236029851418,-0.05507308490765952,-0.9490396003658668
2021-01-21 07:00:00,0.5670048828403879,-0.10706350225833168,-0.08780528571738558,0.617952874945454,-0.4543636122275639,-0.5690276162039849,-0.4715743561465591,0.02748308735086799,0.43319553128248556,0.28592362244618985,-0.06692964524472268,0.3836070887302355,0.29399908933059965,0.23527198259844934,-1.5351206824557266,0.5883958835594421,0.19814849199051263,0.5902738142269268,-0.020325011499634664,-0.9580950801776609
2021-01-21 08:00:00,0.5688133401177363,-0.12687262176973418,-0.1136717651695171,0.6105065858624101,-0.480106464971342,-0.653845985409165,-0.4641419871508948,0.035099806788907936,0.42883786026780546,0.3293011797159622,-0.08795129649027306,0.4211408992875794,0.34762247737329033,0.17788738324557687,-1.520834342094285,0.5634901368865338,0.20884040491329103,0.5677937746653213,-0.053702932195007505,-0.9772699525322117
2021-01-21 09:00:00,0.606095455685527,-0.14116679549953962,-0.07649277227761021,0.606627461563522,-0.45709728881205547,-0.6631972285485349,-0.5053808203011007,0.04499772784704068,0.4796452878064435,0.33517309701868375,-0.08170720293762652,0.37074732142742256,0.34446422061289844,0.18208423576118205,-1.5602090060034133,0.5725136305107885,0.1722105077530841,0.5132866771829769,-0.01165353871608358,-0.992587115512566
2021-01-21 10:00:00,0.6465192119524095,-0.12448966597478484,-0.023277507061214196,0.550931021691484,-0.44228276370420927,-0.6387605991221386,-0.4837007769303769,0.0210250144671795,0.5121878012875511,0.3400768857186539,-0.06822104737722112,0.4191110918239639,0.3173274528147692,0.1954572417019032,-1.5835961665486695,0.607399732946654,0.22935728250304802,0.4668919534807098,0.0007180826717765668,-0.9810263384730417
2021-01-21 11:00:00,0.6651042604950986,-0.12901354586425615,-0.03608153921206364,0.5352581137800911,-0.46725096007811795,-0.655884790151882,-0.4832772626641927,-0.011530241047341662,0.4897410731499775,0.3250700789034844,-0.10487006578447886,0.4393505936232922,0.3032851258418941,0.1714948788106234,-1.5790939583436845,0.611554833374004,0.1925882824814783,0.4701410887221853,-0.019642146848191207,-0.9870334895349767
2021-01-21 12:00:00,0.6285065381471103,-0.13415125740204117,-0.02263736542083855,0.5551347282626384,-0.4356723763943449,-0.6343586860322185,-0.48783166220724455,0.011199632521518989,0.47438974950904506,0.2732187416508733,-0.12828593890686968,0.4558347030280766,0.31296473656816176,0.20307096490779,-1.5860074150740735,0.6664246890064701,0.22001735930335395,0.44084176107434275,-0.02128442666428913,-0.9303299495595021
2021-01-21 13:00:00,0.6984889798740295,-0.11045411074704069,-0.031231641857995145,0.5612608592151155,-0.45367632054611273,-0.6023259823478089,-0.4285307879875402,0.010796483093219974,0.45208842106145253,0.21490073837397888,-0.12470182957729903,0.44093515183270177,0.32978042080226966,0.21707772990913765,-1.620637423584153,0.6718384371035624,0.2140241485245142,0.4287352319409724,-0.04103751800610768,-0.9311447358943814
2021-01-21 14:00:00,0.7077714509321401,-0.038557169636092,-0.08107557161450128,0.5082642454123333,-0.45137704498507647,-0.6465137812639806,-0.43299751504674444,0.031137838313171337,0.4764792948239742,0.24443545421140367,-0.13594020820531547,0.41319324827920617,0.3174814312884579,0.21249443272253712,-1.6469612164078669,0.6625720048489806,0.24236191707012236,0.45945290072857925,-0.07043819298199049,-0.9041616025479564
2021-01-21 15:00:00,0.7859867451514766,-0.037998257988614836,-0.0842037223377422,0.5142335511434265,-0.45980274206159955,-0.6522032370809264,-0.4090138468335173,0.09329359209218262,0.44297211029693684,0.30494387152377,-0.14441834114641253,0.3977970032110131,0.31535509866756706,0.2267591323962435,-1.6313705696962835,0.7103781233560003,0.19756397047244417,0.49808631258782493,-0.019565747390780763,-1.0002907568867705
2021-01-21 16:00:00,0.8056137443078872,-0.009598563049116358,-0.05431088694957098,0.5833853375644993,-0.45232249919045203,-0.6582395666074436,-0.3584031270536857,0.15134673459545353,0.41960688808550817,0.3422425168629715,-0.13083179174016635,0.4006505568412092,0.3361390272414221,0.2180061299943529,-1.6157139950212962,0.7717299414364928,0.24778939919253745,0.48361306317104347,-0.005747171238903394,-0.9915147129347056
2021-01-21 17:00:00,0.8509627409712205,-0.0037182130744459006,-0.10721911038229326,0.5430152160466554,-0.47347853014514224,-0.6236792731305766,-0.35054798552107463,0.1860954811236337,0.4722011764128334,0.2898171811125017,-0.1503707097484679,0.3824589677746875,0.2770571417260035,0.17936064570205973,-1.6442520550544584,0.8404371369976829,0.23212774035211156,0.46537768978919836,-0.011552181286707059,-0.959344386070471
2021-01-21 18:00:00,0.8599508487685078,-0.04204994536303635,-0.07542184132457422,0.5849298632496492,-0.48337503338605703,-0.6254671430903761,-0.39228063159199733,0.17075213818710663,0.4818674502147755,0.27728351176012067,-0.15059877165269972,0.42567148998751153,0.2879398372570482,0.15121997844697144,-1.6775892327778483,0.8898550225606743,0.21324572845474246,0.524385828209192,-0.08078906819827525,-0.9650425248097539
2021-01-21 19:00:00,0.8840192448109506,-0.015824943295738917,-0.07538619099484946,0.6072708041113134,-0.4894329061935313,-0.6424633256121312,-0.3837147725657042,0.19300795936046924,0.48159971197034385,0.2056200050409387,-0.11047324400038258,0.40269345498229936,0.30899401116984265,0.1412941875494612,-1.6681027964055526,0.8242857943219877,0.2398010237626113,0.5576341311311608,-0.0569780145588184,-0.954227825069756
2021-01-21 20:00:00,0.8741451469369584,0.009393926424785388,-0.11903690591501154,0.6326733187928898,-0.43880598798402,-0.6632452019817453,-0.3649945373846653,0.21561632481340892,0.4477828778935163,0.1565161466683131,-0.11839159975495933,0.4316908569488474,0.37610735270318113,0.13694566685693776,-1.6914499563001486,0.8208050578161458,0.23709868201567916,0.571718728861369,-0.0805933712770692,-1.0085901627496399
2021-01-21 21:00:00,0.8759799050822626,0.02929315323201083,-0.1517852068222684,0.6513760144464652,-0.45379099198601874,-0.6195891426371894,-0.3418873736511344,0.2142932974396737,0.4426337767543333,0.1170172713136947,-0.1315414809942525,0.425633015408154,0.4022255656181582,0.1004532517659053,-1.7333314896181908,0.82797439128261,0.21480984913178766,0.5180640118858425,-0.07911748083014944,-1.0201220420169237
2021-01-21 22:00:00,0.8706277101492772,0.03041347264080786,-0.13132096023596493,0.6308518108506351,-0.4627954641173813,-0.6664442336308817,-0.35336972046804327,0.2567639479338726,0.47394223637408267,0.06695893069793152,-0.09475282525656539,0.41254952787648813,0.4327307655347046,0.12029106785708256,-1.758045346967913,0.8272029984266804,0.18578660116482415,0.5065228452007202,-0.029709990072968644,-1.0250915064888182
2021-01-21 23:00:00,0.8306679902372507,0.04947161313548869,-0.10586783517826506,0.64847928719151,-0.5024366675470722,-0.7079640114425524,-0.3447376323758329,0.2816494557865271,0.4530246129221728,0.026262072802050375,-0.08309317547048552,0.4597627674530792,0.4086023922019272,0.1593805970920256,-1.7362889014162166,0.8448019148886196,0.18616005284723455,0.4762435670507245,-0.002405305274376688,-1.0094393652632017
2021-01-22 00:00:00,0.799997964569497,0.05355614393599049,-0.12279418842990393,0.6621534438954175,-0.4915917860000179,-0.6638114035125428,-0.2805542310925887,0.28705437889722857,0.4213315096748979,0.09986853473495391,-0.10860769712206533,0.4670868525749497,0.391224101887359,0.17963693971136446,-1.6941749591606903,0.81779343468816,0.18953308954091397,0.4511968298464017,0.01897868183593618,-0.9907151657479882
2021-01-22 01:00:00,0.7290647909914186,0.023447593854738814,-0.15737861830457966,0.6817739238976452,-0.40212047646188454,-0.657255317510695,-0.35431265646477694,0.2913437001524913,0.43281981388204727,0.0942392518755137,-0.11611750253687883,0.49867832215786756,0.35243673955343924,0.14447245941043035,-1.683474564871234,0.8369884692009745,0.20699472834297183,0.45425522004830265,0.002776804622253607,-0.9824924012739938
2021-01-22 02:00:00,0.7201137756900134,-0.001818828311669126,-0.16113151212339263,0.7192776540314036,-0.4404352541681864,-0.7053380406780017,-0.34877342180253573,0.27149626806577976,0.40062303473457145,0.09636955101121657,-0.037623222374672194,0.44183487063362653,0.3481672910695368,0.2306761615474977,-1.7213767527398824,0.8258436478164153,0.2432748859500628,0.44241356733691534,-0.0033313922225298997,-1.0154288364071709
2021-01-22 03:00:00,0.7551141525603802,-0.002285340330128138,-0.09499644770424809,0.7481350278080028,-0.5097467461996392,-0.6952985416842681,-0.38149615085151234,0.24317474143381507,0.3628530343864266,0.07874756430032877,-0.055229390244261455,0.4649488974302039,0.3767936615377051,0.2029633805470215,-1.758322364892958,0.812110008811389,0.23917185795951937,0.42590807730428004,0.02094898498111001,-1.0422165797963552
2021-01-22 04:00:00,0.737111488913194,-0.01289899753792187,-0.1232196851140237,0.7812437217628566,-0.4997564148069327,-0.6755142130361269,-0.3602148137200399,0.2592610791378818,0.3321972816541034,0.0687557395425653,-0.03774547572395329,0.4461476033511364,0.35823509155940586,0.21147531722329904,-1.6710632661397835,0.7825519124162831,0.18664118026907,0.5513552284369209,0.008390723332818106,-1.0162642325395155
2021-01-22 05:00:00,0.761072740695155,-0.03651191730740049,-0.11901509609237715,0.7360006784788427,-0.4626350344274504,-0.6824566177911241,-0.3169825963172565,0.24409464526972166,0.3289857234138481,0.07257074796110731,0.0035740128441556357,0.43490836075218375,0.3677054607909773,0.1771254450260887,-1.6920701932409585,0.7765828167185026,0.19604792221135095,0.5694811156807813,-0.02032402474755136,-0.9858938289351947
2021-01-22 06:00:00,0.7836969143286292,-0.027991727929209356,-0.1364975201869897,0.6910270387943729,-0.4190211221732415,-0.6772936037680684,-0.3537120415944743,0.22598833199471452,0.26901237576000997,0.13207692402056675,0.028323229134458387,0.48017372932024976,0.4110356772916574,0.1825163045763843,-1.741068091451243,0.7768569935069946,0.23070513126284425,0.5821625589431166,-0.00823462903891597,-0.9208828604693418
2021-01-22 07:00:00,0.7650192209092976,-0.02633499010426182,-0.1380412635100761,0.681985086351361,-0.3862322553171842,-0.7081145523395401,-0.2790931053090283,0.22708141952237731,0.22069466246222388,0.16365272989146407,0.058848303220926414,0.5097513542883516,0.43730897193946516,0.14109029140728963,-1.7116947793730375,0.7805498919198839,0.23464327013241287,0.5862046883212643,0.008202046166729572,-0.8845516606955635
2021-01-22 08:00:00,0.7615775823555901,0.005513425318448752,-0.13737212231988083,0.6742257869941838,-0.340601624825943,-0.6844081434205741,-0.3048751843247824,0.23880243727892198,0.21596045090088337,0.18790480456992661,0.08751842309995557,0.4878356170960111,0.3671234894018816,0.161644883387988,-1.7053587855601584,0.719983766288835,0.24286236306410952,0.6090694487905716,0.04844285514148251,-0.8594437312264726
2021-01-22 09:00:00,0.7563667997186957,-0.03391620461280405,-0.12188820159053229,0.6940020919530095,-0.3271813962530371,-0.7233750574153875,-0.28911954460408196,0.2401959363501022,0.19825023026155153,0.14602982030521722,0.0622028124565602,0.5299866288686204,0.36705779329725974,0.20848283497977343,-1.7016725954700131,0.6963572162847389,0.21457722574526286,0.598788016173138,0.10167756908512462,-0.9022954048234978
2021-01-22 10:00:00,0.8138975624463036,-0.06434069437291443,-0.12723619703389477,0.664854970201822,-0.2798410351798391,-0.7963921568559047,-0.2618427821162475,0.2777967366320552,0.2058298864843618,0.16326458942735034,0.03522199091184361,0.517403709960023,0.3321714860967018,0.19313039855462,-1.7027162562669405,0.7333892847444754,0.16290664244463796,0.6417858286391855,0.14384846733823142,-0.9043792536677662
2021-01-22 11:00:00,0.7639676490220653,-0.055883121210447376,-0.14628197147336086,0.6420044408418627,-0.2683627020516389,-0.7580914846554846,-0.2712940321837345,0.288946182944056,0.1328526562861367,0.1358514170248554,-0.031363394846570275,0.5220209103593311,0.40001899999233403,0.142324832408155,-1.6433960432676504,0.6901983814084125,0.1617144967441576,0.6313409826036042,0.09903714038813134,-0.9045493280588046
2021-01-22 12:00:00,0.7143497932942389,-0.07801663521105695,-0.12987927964313462,0.6425726400906397,-0.26493702062623153,-0.737331614648887,-0.26489934780135566,0.27479005925340694,0.1622850562301222,0.12972263663524394,-0.032244510276719034,0.5644176917764292,0.390049928346836,0.1938039833817775,-1.5719315072327231,0.6768806829063753,0.1474936463652027,0.6126531306147165,0.10911852668062819,-0.9287683632158825
2021-01-22 13:00:00,0.7080792105188991,-0.04905438456260666,-0.12528128399487531,0.6420836872034947,-0.2571213871870835,-0.7218013185430399,-0.2533280489670056,0.2914142838856332,0.15345323322021187,0.14404001745824463,-0.03180049542086336,0.5555610832419581,0.40131854397403416,0.20486558971591085,-1.5465769837309227,0.7121676235228759,0.12229520984236066,0.6355331568757772,0.037018474299427076,-0.9081005295593868
2021-01-22 14:00:00,0.6895903715605467,-0.06765023637682116,-0.1046490580445035,0.6850328787260205,-0.26164826966451055,-0.6864076082209255,-0.26030745089536994,0.2747907748230393,0.1325439117284267,0.13207173970324834,-0.010247729668623522,0.4924638164840606,0.4118065719327988,0.21220558914748283,-1.5406928281075258,0.7263846797816239,0.0959249303566277,0.6387663902254156,0.05022417053870713,-0.9348532610769061
2021-01-22 15:00:00,0.7336046848822221,-0.040768589792722916,-0.14260138891843713,0.7134624153968724,-0.3014682727707148,-0.6389565934845303,-0.2989010817014642,0.3072949105188235,0.1592345253190296,0.1363792375460739,-0.04797914420338344,0.5376171140103243,0.41292265419331026,0.2151839953294917,-1.574731672915529,0.7016393062778571,0.11971491830543902,0.6516859154946393,0.05291556822310166,-0.9201157476694442
2021-01-22 16:00:00,0.7296767280031079,-0.06265032680709207,-0.1551960495395087,0.7204610260951494,-0.3699523299559595,-0.6650704413213172,-0.27474078289831144,0.38265594369396866,0.1523047601871364,0.1505275351076783,-0.009528094961413429,0.5101890783718286,0.4083028886839874,0.17795018158308237,-1.5618577379450769,0.6797145777060056,0.150779198854683,0.6461869620700852,0.06696399826004781,-0.8534239690791474
2021-01-22 17:00:00,0.7476887177874065,-0.04737033112446648,-0.17464113850694649,0.7376091610657552,-0.3774220870436474,-0.6496197381850715,-0.2266043483368612,0.36927996301258015,0.11859373143874945,0.14682475071298084,-0.02652459288972189,0.5423689719606496,0.43826883192727073,0.21673951792967783,-1.5235111864155433,0.6795232239793397,0.13292767123351165,0.6178357120084146,0.07364243670148256,-0.8197098546685799
2021-01-22 18:00:00,0.7566956591763765,-0.04658934375645338,-0.18272101958625037,0.7518945167790518,-0.29820897026400134,-0.6070276886837362,-0.1905857437450695,0.33649991590699746,0.10142938273927327,0.16129919514765328,-0.0037388161543861764,0.5662298594278724,0.4498830141288973,0.21287046475027646,-1.600951510202971,0.7137090005321993,0.12412164606263726,0.6566876263336816,0.05046908324578582,-0.8373296209311866
2021-01-22 19:00:00,0.7449557081493139,-0.03151714264985244,-0.22684791317187863,0.7410276474418431,-0.3115034904303505,-0.5847108149709459,-0.1740729255523029,0.346142874755878,0.09084492484816618,0.20106547435603603,0.012380261410361113,0.6010179125461933,0.4471795607886431,0.1992738485888278,-1.5994276576865623,0.7866276162514519,0.14493109620365033,0.6475814202179,0.0546791813524919,-0.8394652634649433
2021-01-22 20:00:00,0.6930494993351279,-0.0041762894326837115,-0.166081410993213,0.7411124287540125,-0.2622284224869456,-0.6082603295340634,-0.15980347001248013,0.3077751452233933,0.10088376654679805,0.22978905060580712,-0.0035314314818463907,0.5711579185550087,0.4484191663779538,0.16853470792174047,-1.604696060501154,0.7675047667604468,0.09840344763154771,0.5937500014171724,-0.01608434382758881,-0.8762051016652725
2021-01-22 21:00:00,0.627600240255088,0.024722746670740484,-0.1343425574263322,0.7100686905014812,-0.29301926155822355,-0.5495409732911121,-0.12895838615293642,0.3114453546695786,0.11255816243085874,0.19314073823986588,-0.051822803021917496,0.5576472078853262,0.436792857827924,0.17741247695627943,-1.5408332890639447,0.7692570474886214,0.12470575624116742,0.602158809291677,0.010330942727266392,-0.8848718690720582
2021-01-22 22:00:00,0.6491689583255086,0.05912508447953033,-0.13565089625494295,0.7249204944951922,-0.30950828020099697,-0.5704641752756499,-0.12967903515721224,0.33692593769563073,0.17205360635378672,0.13156110075301194,-0.0682323809487739,0.5234664672016401,0.4151533585256385,0.21320169621434268,-1.5323289454330884,0.7521985702726081,0.12824432825398127,0.6055487050222056,0.02701958500528613,-0.8465294092381345
2021-01-22 23:00:00,0.5982167274216048,0.06745867705243036,-0.20318370436486285,0.7057719424858129,-0.3126259526529836,-0.5631162054673376,-0.16709324702738915,0.3248876582197986,0.1472677526177529,0.18772355990719997,-0.07353430189420844,0.501582125675953,0.40898559065370427,0.20984893098378163,-1.565805518413135,0.749252081318387,0.13890067696173514,0.5989655807564275,0.011557368256123345,-0.8293950008421374
2021-01-23 00:00:00,0.5966971034040387,0.03321033542601804,-0.15017144757211703,0.6982952181666102,-0.3179384147175048,-0.6106062768883147,-0.1693471505420426,0.3162422383191028,0.16895795322984422,0.16577340025689472,-0.07519124665404776,0.5090965509723214,0.4287794584341982,0.23311473243606365,-1.5269533613787916,0.7503295097265393,0.1816574122203022,0.5786556471942115,0.06656231317302255,-0.8410530752999961
2021-01-23 01:00:00,0.5621763719721461,0.04840449406741507,-0.16411828886621588,0.6794488183760261,-0.3528196746320407,-0.6750992606193779,-0.16905482267648606,0.341587899479742,0.13817849462880966,0.18051558113757812,-0.03309331851337936,0.5067337217745197,0.4068542139033365,0.30006302051718065,-1.5136030272283534,0.744835579282072,0.19847996832164755,0.58986215545551,0.07992349346508902,-0.8220788884309443
2021-01-23 02:00:00,0.5451104004359709,0.041723562238101364,-0.20186770792533415,0.6659509775496857,-0.32263014080520264,-0.6846303077747733,-0.16998085970259713,0.28489289494340786,0.12748517779406351,0.09405254736240616,-0.03378721418871042,0.4669890072987565,0.449239838961391,0.287715353727753,-1.5406585233198697,0.7668332726763689,0.20322767643728246,0.6111228277999974,0.07864486498316475,-0.8324597614162873
2021-01-23 03:00:00,0.5554608418384451,0.05265886062407885,-0.14151806077859916,0.6543197785107577,-0.35520185943463956,-0.7391379479879747,-0.14176399311893206,0.2724944209424786,0.13747578737535443,0.07731728439093952,-0.06683202295132426,0.4807027919092014,0.4574799224705226,0.27750126562846755,-1.530248454554621,0.7874766931913989,0.18951158270348265,0.6604514191600637,0.03369540293820249,-0.8028831959990462
2021-01-23 04:00:00,0.5469738936855445,0.08091992480201923,-0.14088307462106617,0.6687211018890048,-0.3707712956681837,-0.7291303358601442,-0.1676531033368132,0.3265899113482061,0.1549674821790603,0.10390976074339316,-0.12460883863308904,0.4294941822065016,0.4613546958456907,0.30133243028953904,-1.5066444152978848,0.7935189439030922,0.1928905447938787,0.706552171687397,0.017224558001994912,-0.7511865377627758
2021-01-23 05:00:00,0.5895298530277273,0.1261465891860067,-0.1456835156170276,0.6785888437388795,-0.3351445989332062,-0.7490826295537528,-0.1880064302626611,0.35434483663419447,0.18564169881465956,0.049316541053116864,-0.22613516715302237,0.36846493546297354,0.5107914227504421,0.2727641339236566,-1.5649183718185644,0.7529606379987626,0.23355686368375123,0.7019426247296289,0.01807783488702578,-0.7216715847338587
2021-01-23 06:00:00,0.5666994143928145,0.0801996671033418,-0.13047957646371844,0.6948066885211722,-0.2990104282117053,-0.815784734009952,-0.18464841592090442,0.3325765134778604,0.164948431389409,0.07529683277431207,-0.2350732389730064,0.3770984208839024,0.530915922884166,0.2773571383964155,-1.553147991492627,0.6971532697882066,0.19610131960199398,0.6963259309985191,0.03540388413696331,-0.7372785648687825
2021-01-23 07:00:00,0.6261393849280119,0.08519570504036071,-0.0812929922126887,0.6977605310983336,-0.37608374820345747,-0.8057362956250943,-0.14062340065330417,0.3331983801236633,0.13236452404630247,0.09518153375737659,-0.24482939030117723,0.33783548075172526,0.5176481923561301,0.294300054150653,-1.5503370955833475,0.7564890191417677,0.15172035327276945,0.7059088671797247,0.016348109369478368,-0.7220729799009353
2021-01-23 08:00:00,0.6092633399187236,0.05666432663934744,-0.11178601098992429,0.6906607011330201,-0.3159248252425835,-0.8024130981185186,-0.16564226471351873,0.3147794173435454,0.11469387236913184,0.1117107980598484,-0.23614140547562215,0.3850756229644434,0.49357094309239335,0.29410416951422835,-1.5100735982404385,0.6963988397429742,0.11596955247961883,0.7256355180504731,0.0391433386523367,-0.7562889343599531
2021-01-23 09:00:00,0.594519682093901,0.06326992068381103,-0.05206619478292812,0.6432379767224254,-0.2746400532118466,-0.7995953164148937,-0.1779069899233999,0.29227780446935936,0.14743249091406807,0.14837986527412572,-0.2461814374971374,0.33460137913855387,0.5611249050948673,0.2818523876989668,-1.4531123323155668,0.6420965548585696,0.09720280708401435,0.7037715594354533,0.01933447914529884,-0.7213791045998231
2021-01-23 10:00:00,0.6028363696910116,0.028519315379285034,-0.13377644735053845,0.7994428987000727,-0.3680574559572937,-0.7829031053196953,-0.08924334906677125,0.13831024502014924,0.07459579352391432,0.07625111279880437,-0.3556623336977714,0.321738435681053,0.6544978297239787,0.294971108314834,-1.421544825817909,0.6374263134335671,0.1706120894296649,0.6776009152196588,0.043213134161219614,-0.7443198514480706
2021-01-23 11:00:00,0.5782302699869905,0.02603120014132948,-0.20852985722820733,0.9331766301655605,-0.4305466554913219,-0.8520592716203103,-0.028517863233832774,0.0800580145250441,0.043052095005004766,-0.0023210550843307115,-0.43617840166134997,0.2265585330490357,0.7262181871044843,0.32394392901618113,-1.4262353537337449,0.6278315326642756,0.20429477711896032,0.6208728656386707,0.0024847324672115922,-0.7286851718006643
2021-01-23 12:00:00,0.5706883076593626,0.00953465395871875,-0.35317780744167293,1.0295758929526757,-0.5046496747252377,-0.8392492658491869,0.02375281548380819,-0.0022336185444252234,-0.009859414290024536,-0.005443347081966289,-0.5107407950080246,0.22884794899616473,0.7452209039684895,0.34990956719421074,-1.3817988890997337,0.5905251324106553,0.2456233680132376,0.5823259580291424,0.0927797251155181,-0.7083957451615434
2021-01-23 13:00:00,0.5741113480759228,-0.05160268103929808,-0.417511238027508,1.1508642929484467,-0.5494654019013134,-0.8763446437583429,0.059004221177664753,-0.03579403309304864,-0.07914306175904434,0.015316444719983925,-0.6307787252162953,0.16950643079600894,0.780404942563543,0.296469502437476,-1.350966436489092,0.5626940232200107,0.2807837685041841,0.6247191841937809,0.1103705350123819,-0.7168173024743477
2021-01-23 14:00:00,0.5445787754398989,-0.04175030064013637,-0.40636283230067666,1.2646470523794533,-0.5817696139730182,-0.8847601664732268,0.060712821862421135,-0.03460980432833607,-0.042302224586633456,-0.011447927205520469,-0.6773814900409586,0.15563862162540062,0.8189664857381207,0.29406269646894373,-1.34500669215417,0.5831209413958561,0.2916157631053662,0.5819978204373663,0.13731435054298455,-0.6996098321981478
2021-01-23 15:00:00,0.6086070155805186,-0.08205676420332375,-0.44638910642523505,1.3000409516918983,-0.6668571138824079,-0.890402970422661,0.07736475332059044,-0.10815810385799807,-0.06610505752964096,-0.010603372428276324,-0.7155518030334295,0.12656470680100004,0.8525562362325737,0.3164190741064182,-1.381827140818893,0.571406521880748,0.28639890937665113,0.5731314273115329,0.09657315832082226,-0.6962744148578345
2021-01-23 16:00:00,0.6025498390167364,-0.08504208841642646,-0.4738566775593373,1.3724761944963124,-0.7288204359026678,-0.956208695848635,0.09477080786111672,-0.17427496192500547,-0.10503369995088456,-0.033039802527254164,-0.6882182857066006,0.16329437306862757,0.8791076395640406,0.2965657960561294,-1.421074729933387,0.5713925983398139,0.32188338316855436,0.5408903025080769,0.08053965756688639,-0.6799709882404243
2021-01-23 17:00:00,0.6155482416404912,-0.06793350988423058,-0.48021138043426853,1.4414014117286258,-0.7634350599388572,-0.956559909807551,0.1336735741030568,-0.19921692499312593,-0.05771034514077417,-0.07077860749389246,-0.6523064362081387,0.15653665060967176,0.9294255234313203,0.30417399269041595,-1.373129015878879,0.5502970970979763,0.3096554728617089,0.47815988131546705,0.05602425199399935,-0.6736104619200911
2021-01-23 18:00:00,0.6089163937460523,-0.06215004953415634,-0.436858284262617,1.4764259673926268,-0.7482920150740743,-0.9094877586902331,0.13810178320778543,-0.17062325461830558,-0.0641416459154619,-0.10566982712636441,-0.7459284238739983,0.11372971139257254,0.9694280130767435,0.3037806579356067,-1.3711515317448446,0.47561920432562166,0.31527839066514457,0.4651827597229667,0.1289528015589311,-0.7111620653680666
2021-01-23 19:00:00,0.6056962435206245,-0.04258024911639314,-0.4225560026066853,1.5040385646412044,-0.7922726270015938,-0.8995226643834588,0.16040752939321004,-0.23437110270185801,-0.07911097968479058,-0.11885119793058663,-0.7741117223331168,0.1729226758450071,1.0079073014690423,0.29504106772316074,-1.365252520084065,0.4503232434334383,0.3135189273892263,0.48544499461249385,0.1553219337681446,-0.7384273433793327
2021-01-23 20:00:00,0.6438421705880393,-0.10740857989289382,-0.398053300891849,1.5338149409693118,-0.8271678099673186,-0.8920250796403137,0.1129273529746372,-0.3056456533229108,-0.10965792761652657,-0.14000421052572093,-0.80110182085642,0.142339462266536,1.0093865518277723,0.3304554677380855,-1.3649098397963562,0.4244485050907306,0.2586068534770762,0.45163864379535235,0.18970176937661953,-0.6635835017895834
2021-01-23 21:00:00,0.6522466713897946,-0.15074116462801262,-0.3783220374082049,1.5568080524646357,-0.8433644289370154,-0.8804292967735189,0.12575623997587873,-0.25560040437925774,-0.16164716807332447,-0.10713067570786211,-0.8488695053704614,0.16198649524571113,1.01098349480138,0.32765952340277515,-1.3853458930107032,0.41233667267082913,0.2573409042651577,0.38976696544586675,0.19600160718884518,-0.6806836936243282
2021-01-23 22:00:00,0.6667874313155856,-0.14248849594518087,-0.39222776947732074,1.4859175312186648,-0.8113811559084866,-0.9076617526532766,0.13437392315533644,-0.3008318291931226,-0.10857943755881821,-0.13546343235289568,-0.8942932899914445,0.1892029393719809,1.0477758062086537,0.37932836003030584,-1.3571036030420016,0.46010397359236305,0.26614649025836795,0.383526566594394,0.15570036061687748,-0.715691419559539
2021-01-23 23:00:00,0.638561262999483,-0.1547303150070166,-0.43030534946345883,1.4648113612372604,-0.8158812754979188,-0.8700474007237318,0.1703951493367114,-0.30068767331342217,-0.1088332471992553,-0.17120542907619934,-0.957321945227786,0.18498108686842293,1.0691673293624298,0.3462568126377489,-1.369632360888498,0.39905408916551754,0.29864579244186873,0.39873501869350625,0.13167223791520152,-0.7166667722509433
2021-01-24 00:00:00,0.5778203322632578,-0.18538264205733396,-0.45123958747436355,1.4508426368849228,-0.8267166199063231,-0.8593892162266867,0.2134413942098001,-0.2852397144484334,-0.14777829874278656,-0.15040981935582992,-0.983377974305037,0.19152325017414146,1.054929918531987,0.388019911403819,-1.3797966421825807,0.38417220597992763,0.3172775456958755,0.3797886245262008,0.15309490660785374,-0.7453004911910708
2021-01-24 01:00:00,0.5576704448831481,-0.1989717632599791,-0.5185510772732302,1.498881496559891,-0.7950389770161521,-0.9010324083486907,0.23431533803702378,-0.2960968899451069,-0.14472644894836498,-0.20184466006297153,-0.9699276175924454,0.1523333453218107,1.021134120292115,0.3900448883421062,-1.4095427821793753,0.38579645376738086,0.3317714550422128,0.34342230423039316,0.17796105118604183,-0.7830962072191172
2021-01-24 02:00:00,0.5216928291066446,-0.18270254963623767,-0.4869106903586655,1.447050131549212,-0.7348962043874255,-0.9248088470186934,0.23242824929248562,-0.2890963175683015,-0.20470677425453238,-0.22037574020175232,-0.9485079863474528,0.13273374820196718,1.0576800302491451,0.4181453726344653,-1.4059840493481468,0.3887492503670135,0.3513797325835895,0.3889103681967513,0.14107234979165933,-0.7419908587335033
2021-01-24 03:00:00,0.5314505265321801,-0.22538494845939952,-0.5121504524877831,1.4102990479036945,-0.7436946717601927,-0.8860724449901703,0.2321102263589749,-0.20327094352367886,-0.21340466203259054,-0.23947654586782266,-1.024036234538837,0.1314610650295649,1.08572395374627,0.37929135554748633,-1.3762692895538775,0.3567178352323604,0.3924688909315269,0.3441344391517226,0.1766736514851927,-0.7884094470096177
2021-01-24 04:00:00,0.5193195499087474,-0.24725763270054357,-0.44094325726086303,1.458628643982391,-0.7874025757215148,-0.8959164718132211,0.26636758648756975,-0.20822007575778112,-0.261654583166093,-0.2512778281537026,-1.010280524366212,0.1378836676520349,1.1258004279900928,0.3954558947670247,-1.3705730126327733,0.3601474839395199,0.3833866894845005,0.36453561433663606,0.13045384799909754,-0.7472913030164264
2021-01-24 05:00:00,0.5560309216535734,-0.258007788454989,-0.4757223665467692,1.4061530284321948,-0.8251739551069187,-0.916093957295186,0.2232238123916274,-0.2119827712816786,-0.23855148493966782,-0.25755909565434415,-1.0077447120619807,0.08613456799076138,1.1187552508951848,0.35631527635564636,-1.3655119936764433,0.352611181026431,0.40781322173981643,0.33724085376437885,0.16589313444639342,-0.6730030049949485
2021-01-24 06:00:00,0.5193950968308914,-0.23901853223804037,-0.49930017790829156,1.349835249205036,-0.830715894860579,-0.9568662387695854,0.19072803461057355,-0.25697940360348553,-0.2859311169984557,-0.25140380329568357,-1.0255994901113767,0.0897321745181046,1.1088766158239975,0.3314492894100041,-1.3514032876298916,0.36018330026277273,0.3821383904028776,0.2866226051938953,0.15519532328947666,-0.6396312871530306
2021-01-24 07:00:00,0.5091586415720086,-0.2667044826486156,-0.5165939509966954,1.3159771897144408,-0.8824603207499081,-0.902625359928678,0.15991281203390248,-0.25565741880934506,-0.265481117096151,-0.2662337462639746,-1.0345490672106992,0.08032005068358734,1.1278820718554834,0.3100676892930405,-1.3829320826281608,0.3611541959205057,0.406010881679408,0.23728240184150523,0.13444952270787874,-0.6929126197421935
2021-01-24 08:00:00,0.4542805762123589,-0.2981186342498357,-0.5220626338924627,1.2808874032301996,-0.8813559129459677,-0.9593163000477186,0.17525886682405503,-0.25183722438053685,-0.270608511688061,-0.3174547780807901,-1.1176053551610963,0.14062809770956253,1.1122151717304758,0.3025234629547647,-1.3615755641024465,0.3675782362646809,0.45090231000776326,0.2192313831132326,0.13632382798379442,-0.7266459426670167
2021-01-24 09:00:00,0.45769583123107405,-0.24777618464919926,-0.5452582858763942,1.2317247025256974,-0.8933332253949564,-0.9118984557758463,0.1751207437063419,-0.2563636609452162,-0.18948042927132058,-0.29554320449240457,-1.132229453223098,0.14143711564150013,1.13914887064453,0.37280916636674877,-1.3456995122556292,0.39920657299010437,0.44011444068291483,0.18828383907302046,0.09950602405846658,-0.7640908248985436
2021-01-24 10:00:00,0.459096402428407,-0.2641069392829165,-0.5529985109534936,1.2229979206218318,-0.9230549840151386,-0.9523303730940756,0.172637531086367,-0.2303588429810748,-0.1295069967300133,-0.2707097327291786,-1.148972132803125,0.09168617037753932,1.1043838956139789,0.2998032919686364,-1.3385337163426156,0.3982913912276819,0.4679350317895768,0.13054038040315497,0.13692256283147058,-0.7925238510533005
2021-01-24 11:00:00,0.45899485790542977,-0.22307428001729276,-0.5538291030425955,1.2359844671321387,-0.9354616081065688,-0.9911016196845046,0.1435947193060767,-0.2107174287511319,-0.19305904517513423,-0.24364685104141703,-1.1513496256740365,0.09802161949117791,1.0661756146479506,0.2563987580924346,-1.329872873284385,0.39393789838943716,0.5157615706436024,0.17160877362842186,0.1635726478909782,-0.8032351526743591
2021-01-24 12:00:00,0.4174894627492609,-0.21563793611342016,-0.5682972709390955,1.2797442824322742,-0.8966113963394121,-0.9676481442100053,0.13125262163585136,-0.2554431404403797,-0.20275466723405178,-0.20944190864129236,-1.1842309382110416,0.060731170508383774,1.033713438329745,0.2431235624006672,-1.3316747931562865,0.39607890871414264,0.561816439172433,0.161524179369944,0.18672863048320693,-0.8133790251191748
2021-01-24 13:00:00,0.428407939243959,-0.18610895104797165,-0.5977975002709026,1.3016046159173509,-0.9376266558292271,-0.9332920717385729,0.1530043287752324,-0.2254794374158827,-0.19940369919581236,-0.21440372432177027,-1.1541233079252544,0.02802480214065209,1.0217209190809597,0.2232376762346603,-1.3398514529152528,0.36324949909432114,0.5468809335696683,0.19681159128354925,0.15465333395798925,-0.8227317374330384
2021-01-24 14:00:00,0.4234632234726077,-0.23364123823013927,-0.5737732109368644,1.2919859104418026,-0.947375174630205,-0.9103454616921453,0.1504577607685932,-0.24649828023526055,-0.22906796057020046,-0.23784904325136735,-1.114452674666763,0.032763840160983645,1.0542284022873385,0.2084528777805798,-1.3057302992054731,0.3712699593716835,0.5953438468242203,0.2356211022018193,0.21106669496575345,-0.827345255792061
2021-01-24 15:00:00,0.40571519638459086,-0.24033001299847537,-0.5408975122410561,1.2920952497033453,-0.942738451797175,-0.8940461580975266,0.1306728643077324,-0.23019373283473588,-0.21204436751993916,-0.1920676124429529,-1.136423322308114,0.0035937221453183864,1.119768240338604,0.212060965781846,-1.2814760726753767,0.38591131184373423,0.6078114254725823,0.23658498686734153,0.2463537758314574,-0.8058467037293529
2021-01-24 16:00:00,0.44449817809312775,-0.22403374848672808,-0.5395592555510547,1.3104644054700798,-0.9532352119216583,-0.9505313648764666,0.10594829921072757,-0.2513547860408667,-0.2478956474736355,-0.19906291850581634,-1.0954784236776076,0.03790423215224959,1.109722177600381,0.24893512340812674,-1.3137155860321976,0.36111032568032064,0.5880550908115636,0.22757055076300817,0.29054049783240815,-0.7461798622916017
2021-01-24 17:00:00,0.5294386994962332,-0.22639527237440718,-0.54974727501088,1.3386616232911517,-0.9275127460630326,-0.9402417264967596,0.13118682107307944,-0.24983111177250789,-0.19656729104300077,-0.2239860182853042,-1.102628916580952,0.03266148641635955,1.0999702870830124,0.26195099568485486,-1.336073595221455,0.3613549640315984,0.587483600914837,0.2527144775572013,0.23160170536677097,-0.7794250123368661
2021-01-24 18:00:00,0.5521873697649456,-0.18435978756807758,-0.5116787999856721,1.3321687338975954,-0.8828551042975414,-0.9233345763784968,0.10946637134585148,-0.31174044923831684,-0.19380296665221833,-0.27847679338715375,-1.1171119866024484,-0.0016288932152910482,1.1046029462498796,0.27263737752219275,-1.350808100889598,0.3456401601453262,0.5732652138621948,0.27326747412006963,0.1881753664287643,-0.762032950742123
2021-01-24 19:00:00,0.5414734901370921,-0.19599250185720019,-0.48911953855173146,1.3776392295189428,-0.9170920137740979,-0.9248384560629562,0.11697952841080175,-0.34927317651232787,-0.19650853112229008,-0.2699986326342569,-1.1269616553034942,0.006196684969354691,1.107685123369678,0.2334414470099549,-1.3797181937805314,0.26679600030269524,0.6044746847743404,0.31918780066549707,0.11996032796071229,-0.7290245156697047
2021-01-24 20:00:00,0.5676648842924645,-0.20851629166726773,-0.5060450951365981,1.336095603449341,-0.8749905085915678,-0.9134531596934654,0.1541314433159404,-0.3578239334756588,-0.17934212306010422,-0.22857864144043888,-1.1699941464401016,-0.016517456818685047,1.1261466927560355,0.23199853443302318,-1.3188656492620923,0.2354713648826533,0.6492831681646198,0.3576763675035851,0.13277111766609595,-0.7345418991678885
2021-01-24 21:00:00,0.6218222803928436,-0.18395341519084568,-0.5281201737752583,1.337131551069144,-0.8691145892550819,-0.942966926842217,0.10709981330427662,-0.4030247027409135,-0.20814275365261617,-0.2631067517575296,-1.117573108402572,-0.052190184128637025,1.0639479741650633,0.1617384084103965,-1.323599598432303,0.1791671180104404,0.5996789136323852,0.3662306974461481,0.1221047378800827,-0.7236797042710243
2021-01-24 22:00:00,0.6650387799308478,-0.18502621871834746,-0.5521885532498962,1.2805067402300145,-0.8761337956458557,-0.9225165441101746,0.10683015678541144,-0.4188308904933004,-0.15521752595229277,-0.26719744572846876,-1.0826967477554004,0.033817378820801006,1.05444526176102,0.18907293296966632,-1.3318903449009671,0.17814443937635482,0.6168533473378179,0.3904296648597235,0.09980684244729893,-0.7135912683818406
2021-01-24 23:00:00,0.7032864030557777,-0.16080814975608013,-0.5192256837816656,1.3107248958896989,-0.8761835368117751,-0.9252569705663111,0.07391215823067271,-0.4293762846614195,-0.18768539727143366,-0.229067942276832,-1.1251317667962952,0.025192685405398617,1.0465903828421212,0.1868683043711255,-1.3574510031368467,0.14692060314819538,0.6014638017654155,0.37457487513505544,0.06098714763008243,-0.6937733407106936
2021-01-25 00:00:00,0.7484373439897678,-0.1494565542015967,-0.5174395428294511,1.3384086177270427,-0.9476063509354021,-0.8809914658245763,0.05420821424522834,-0.4092902050884583,-0.17963005269486457,-0.24398384937418807,-1.1442661549856485,0.05446476785754506,1.053616619412336,0.15595747175345312,-1.3902630625329058,0.16465535085450955,0.6396440252103687,0.4020098609029693,0.04982815576008358,-0.7278724249499584
2021-01-25 01:00:00,0.7166687584341556,-0.14919757068571127,-0.5064534342252388,1.3283594287727885,-0.9248707438668347,-0.8248566583397451,0.004896042030380958,-0.4211488322784946,-0.2060740472287136,-0.17771729418662774,-1.1294427375711387,0.02015203749562995,1.0423759847759988,0.18648631058721685,-1.4103771845570798,0.17449501180196747,0.6231817891610311,0.42705456178473894,0.021396164145505166,-0.7732079429490893
2021-01-25 02:00:00,0.6689982803041267,-0.1048874978240633,-0.48454539163904364,1.3401333472523274,-0.9424574718583643,-0.779456374264884,-0.01104422941825341,-0.4132195258635014,-0.2305683432853492,-0.14336710989445678,-1.082360320010602,0.03060965301785431,1.0244906042910535,0.20245433216920758,-1.432565379738738,0.18962339400637707,0.6575929136362526,0.41659539752930075,0.03241834660864673,-0.8299085572850158
2021-01-25 03:00:00,0.6986930954882704,-0.10251315104123798,-0.4474713591348079,1.3507474110334057,-0.9909270546938498,-0.786478829809832,-0.04280233428371015,-0.36642644457161117,-0.255740601636071,-0.1469022252102472,-1.1389024737986595,0.027003975764434914,1.0142351236707232,0.2043888648967572,-1.451312902735143,0.2358587914853304,0.6428126433165522,0.38508199580290614,0.0668259625615897,-0.7854066212737703
2021-01-25 04:00:00,0.6779313171785547,-0.12555165166504462,-0.45052479295173975,1.4120974558454564,-0.9960941316803382,-0.7972852467825056,-0.010292019269129073,-0.36487005794187805,-0.29126505247803747,-0.17777180974657286,-1.128185261734675,0.09621603384669553,0.9327612938241427,0.21616391779727803,-1.4319681831151416,0.2781060635049654,0.6306353020511204,0.39062176431463935,0.08838801317906222,-0.7964622352982498
2021-01-25 05:00:00,0.7003791042685152,-0.1554339541932782,-0.427747538449366,1.358799172960386,-1.009651003415976,-0.7707107605832891,-0.01784483696918049,-0.3830310758441727,-0.2513654219106608,-0.15964975506390597,-1.1018345549731234,0.1319439942948482,0.9069152436854216,0.273706807234228,-1.4391124055198337,0.3118303414829975,0.6111971643889247,0.36069197344978915,0.15051405443614085,-0.7476811270375666
2021-01-25 06:00:00,0.7186328319052249,-0.12720771625609584,-0.43809104843637947,1.3175987443542085,-1.0205731540664538,-0.7694285482799109,0.015111199919051597,-0.38752860111999743,-0.29715403669687424,-0.1170479468860223,-1.0560766994164703,0.14236124268043074,0.9354857208564468,0.302947513384551,-1.4414071370479364,0.2585799216910018,0.6116308236513387,0.4307678117229863,0.08936452770739903,-0.7161124470868809
2021-01-25 07:00:00,0.6864987177236597,-0.10713543640217824,-0.4618987289895968,1.2895666813742306,-1.0272881282531117,-0.7900934373236131,0.03132842588021904,-0.4247077931198356,-0.2881744311144895,-0.17717872883675528,-1.047439487606325,0.1703613511291566,1.0206761883892337,0.29421545733141036,-1.4914147504430553,0.2593872842752439,0.5928354004147871,0.4580638481413769,0.13239746104089706,-0.7328156576568914
2021-01-25 08:00:00,0.655354047873938,-0.07695844579733685,-0.4606028694456229,1.3138566989514773,-1.0026956062280765,-0.8153172514470381,0.050723107231032266,-0.389226459328647,-0.28813602940131205,-0.17758033810675034,-1.0579086938187512,0.20524248702277587,1.0139039891105337,0.2732956524236328,-1.447326226502734,0.21875141235994466,0.5913874440672691,0.47607559330966803,0.1505637951771263,-0.750828785008667
2021-01-25 09:00:00,0.6216019346855524,-0.13931813924634268,-0.4242884421984767,1.3023385944716406,-1.015965864822609,-0.8018626617958919,0.016898454527401824,-0.41146813018185907,-0.24995277818373027,-0.21547318593177078,-1.0176846807434285,0.21450704962052713,1.0268822693700699,0.22271055786967325,-1.450263900852533,0.14697826581863366,0.6085529373570268,0.4823450199148182,0.0847871545234632,-0.7342431133563228
2021-01-25 10:00:00,0.5852791623671992,-0.1853804620801081,-0.46385376487960017,1.362851156742042,-0.9922677790090147,-0.8443047753175836,0.0510994376421801,-0.44842301750377184,-0.20684049349034575,-0.22103128285332616,-0.9565878897401422,0.2146024365460641,1.0370482833125783,0.2674166269852423,-1.4774627120765296,0.11972366790415379,0.6018012743253127,0.47423184580291466,0.11984580763945368,-0.7464638338207991
2021-01-25 11:00:00,0.5928712614612756,-0.19525190844339502,-0.49022701705033966,1.3613970055637754,-1.0313468501365477,-0.8655073435696159,0.022024722543704196,-0.5112510540951289,-0.24553274820921306,-0.20534971948663536,-0.9795481098778033,0.1938578079017614,1.0510015385748512,0.25275896392862734,-1.4824434287464225,0.10700547281994408,0.5553596840879454,0.4458214618857333,0.10351496410088792,-0.7305147754986413
2021-01-25 12:00:00,0.6114385789350486,-0.17673089212543636,-0.4923822997970329,1.3613897500922827,-1.0123901670432562,-0.8347235624265013,0.022334627298347353,-0.47160171156974706,-0.23532716507739113,-0.2348175280024669,-0.971709350510965,0.20433466120184218,1.0780172606562284,0.27424818239977894,-1.4968741054967531,0.13555350124496698,0.5766377687196391,0.4682910513809226,0.08780544558576803,-0.7348676483652604
2021-01-25 13:00:00,0.5840287195733296,-0.13124568629388633,-0.5247499509586943,1.348967747480439,-0.9279296083366955,-0.8515772151734279,0.011565644465770079,-0.47239618777559356,-0.18470735826250842,-0.23249918800347066,-0.926599223918134,0.1778638063819537,1.1019020951176959,0.2511706539569875,-1.4789072845957805,0.10457603378774905,0.6051986965219704,0.4530657467114133,0.08702751785316658,-0.781356853110653
2021-01-25 14:00:00,0.5877307880669381,-0.1698354276382751,-0.5106805689532611,1.2960248056209842,-0.9198801345264049,-0.8729343718771284,0.02085537118806917,-0.46553031208176077,-0.2181308436775865,-0.27093379536631806,-0.9630811570221042,0.1731994452618537,1.1331541987551268,0.24495879697477532,-1.5116677460036603,0.014019284418045841,0.6065539299083812,0.45702703208462975,0.0663052910253228,-0.7462662643624283
2021-01-25 15:00:00,0.5779870531155584,-0.17754742932069525,-0.5439671040108771,1.2857936268975532,-0.9129724531387375,-0.8716495800058699,-0.01089282329020878,-0.48145308003148624,-0.1863072405387447,-0.2736511512836992,-0.9544278168538356,0.1611922697827358,1.1569231396165358,0.15522674205596912,-1.4776082312900563,0.017189509691535716,0.6174315648246823,0.4678357262100218,0.07569410026941327,-0.6903623234846863
2021-01-25 16:00:00,0.5393961438428235,-0.16551430446989648,-0.5696465989928348,1.207924745102961,-0.929811283884647,-0.8612101837204806,0.003340876795616324,-0.44848482503836035,-0.2131386018107897,-0.2602988630227713,-0.9547346659950778,0.1153885078981511,1.1933824220180242,0.17666058344183969,-1.4677398822574992,-0.001119070726947398,0.6122396155448157,0.4285290526280079,0.06768045090198138,-0.6496182249466737
2021-01-25 17:00:00,0.5041230448493598,-0.151219787168594,-0.5131615423731192,1.1676014574416516,-0.9156445721089347,-0.8263451761979141,-0.07045175664098886,-0.4581131220717344,-0.214722749890858,-0.2610720904819036,-0.9336876740521217,0.09948826923540206,1.1328693643071366,0.17191909934166047,-1.49659143704629,0.03784734226758713,0.6610799044476091,0.41330311393758146,0.07143983947672156,-0.6819041211973264
2021-01-25 18:00:00,0.456119170154843,-0.13314480646762605,-0.5049647964676721,1.128404325159542,-0.9097914857212581,-0.8212727550106041,-0.06354623909215357,-0.46680892906038,-0.20853626336707354,-0.2668857754770027,-0.9676790014253986,0.10706368459549481,1.1354973418669916,0.14622743647199615,-1.4679623779215951,0.0442390794578873,0.6886494302439402,0.36698210978828644,0.056857507779810634,-0.654921214509766
2021-01-25 19:00:00,0.40623608655323706,-0.16319213404020097,-0.5094727482124761,1.1009884720106342,-0.8830430661714582,-0.8461187469547571,-0.07721514420894443,-0.4603677624299602,-0.21279865319890953,-0.2722588112215551,-0.9523201416552727,0.11590323143430674,1.1004181599694627,0.16030728681625153,-1.4395480143429422,0.022426771591438504,0.6870889710599198,0.38340555372172835,0.06514586347224968,-0.6553170017629292
2021-01-25 20:00:00,0.35843139302847493,-0.11883552597862056,-0.48017004535982316,1.0710008604503787,-0.8478483955315184,-0.8495198659715337,-0.029429334755845075,-0.516483334089559,-0.2331889809667549,-0.2486930648177403,-0.9429693253574654,0.1435070150687085,1.0727505073208927,0.1391565305549033,-1.4228958293868117,0.0343036703334024,0.7504647911940865,0.34660995461142907,0.10627716916864079,-0.6782514722932528
2021-01-25 21:00:00,0.3951927744110698,-0.12661306365536798,-0.5245092433833801,1.0545091654375227,-0.8484861599506046,-0.8242565006511384,0.04197084768875171,-0.47811291762458463,-0.2332731061762248,-0.28045235579234884,-0.8997323599906991,0.12386686871778899,1.0729062113843986,0.12127196507036461,-1.3944426132057477,0.08141829781166762,0.7712804950232388,0.33669377807756284,0.09340981681410199,-0.6666628461193185
2021-01-25 22:00:00,0.4012323291983865,-0.16369689059480946,-0.5199921449936493,1.09020743811032,-0.8432472707751901,-0.8452196031531007,-0.011327911641796362,-0.5141976722434702,-0.2696380483247952,-0.26165743271489067,-0.8943583055348575,0.1552903309070087,1.0562506288458546,0.08851788452335083,-1.4016471531812866,0.051000562645576425,0.7489255402918432,0.33393068118904656,0.11386063020249773,-0.6868738118917711
2021-01-25 23:00:00,0.3614543844108737,-0.1605056090031915,-0.5420979067109002,1.1389881231391872,-0.8552783389938832,-0.8300949307501755,0.027108593935636093,-0.5093397996327931,-0.28116212276016284,-0.22708642540477786,-0.8775440505928223,0.18821419758581015,1.0579043407398674,0.05468818587899077,-1.36191467289264,0.08899159715910382,0.7650528323201954,0.2968899333680905,0.09846262322803304,-0.7168269493037194
2021-01-26 00:00:00,0.3815078215860454,-0.17665449898211458,-0.5541305188409961,1.1394874989217516,-0.8299174448321063,-0.8212718185115404,0.10155952550441597,-0.5283361213609814,-0.2925322775350521,-0.2235937065462994,-0.8297724844463398,0.19242411961000297,1.047178406388349,0.0697400207296163,-1.3367767914167035,0.0986290496104317,0.7197432997997355,0.26070472070026185,0.11903576992170745,-0.761385664494127
2021-01-26 01:00:00,0.39047075113584734,-0.20246608191614443,-0.5628227373268441,1.1229035782506898,-0.803961183237801,-0.8140557034208692,0.09211085736406,-0.5374394942350174,-0.30062967431738896,-0.22491170686217352,-0.8534042861083889,0.24368039243733672,1.0459448190831322,0.027488099874622376,-1.2583388304783663,0.09384793617378584,0.7804603160768198,0.2874179860131145,0.1524162072852048,-0.750794745003755
2021-01-26 02:00:00,0.42053543374172264,-0.21634836949755948,-0.5126772436026403,1.1673081892761836,-0.7983699117022095,-0.7610861241353791,0.08710420662270552,-0.5410043851017332,-0.311024939959026,-0.22812265772644327,-0.8243707447290514,0.22961445361691285,1.0731264932413382,0.0763378624931866,-1.1939677295416151,0.10783624519941737,0.7997570701829271,0.28612021948367616,0.18960801992367993,-0.7470985962178898
2021-01-26 03:00:00,0.3721910451646465,-0.21668554700315978,-0.45619779385203985,1.141427458798583,-0.7634322108041186,-0.7431998675869724,0.04965995836003958,-0.5186924491296775,-0.2900025367074617,-0.22528137497667994,-0.8495178058564038,0.1992742917650681,1.015430656333595,0.1532489376293869,-1.1904182225987168,0.15268743670822998,0.7749608697151484,0.27303656902872614,0.22065717611040347,-0.7256679655433513
2021-01-26 04:00:00,0.34525877387921095,-0.1985315492393271,-0.4858077018347739,1.1001991803388875,-0.7688952387933174,-0.7849464577003428,0.07900102116991063,-0.5400631628343888,-0.32806107838193777,-0.1722306164740247,-0.8226271517562261,0.18049454099695336,0.97812272338649,0.10308777921015773,-1.224817860846429,0.14832430308261396,0.7492290430266119,0.23979017347889986,0.22029879975661038,-0.6816293102272503
2021-01-26 05:00:00,0.3435745268492531,-0.22123881208093055,-0.47575317627486774,1.0228287848993318,-0.7277994131150615,-0.7729961151318072,0.0303858882207709,-0.5217240028752514,-0.30302862472108044,-0.13724910673822868,-0.8070831237270709,0.20228831806994158,0.9595841874957399,0.10583995566516335,-1.2543562142767768,0.1053465222877612,0.7897877052778801,0.30494320408924375,0.1819963291049509,-0.693826071410102
2021-01-26 06:00:00,0.34354489307342034,-0.16684736826530133,-0.5277138422689984,0.9933741746723869,-0.6463938526595955,-0.8144046624312489,0.05151336739962889,-0.43756142604984255,-0.30100349662073406,-0.11876280910298545,-0.7877124038646347,0.21454039639863393,0.9424653632734051,0.0642585342354796,-1.236960550047381,0.16995286583939045,0.7676034873760877,0.29418667808072957,0.18848555725800983,-0.7144273224701663
2021-01-26 07:00:00,0.33473388555941286,-0.16318226857191517,-0.5165566230057312,0.997890567629329,-0.6374891489095358,-0.7725600571450914,0.07852900609013137,-0.4691006852020578,-0.2502357394825613,-0.12779631744437553,-0.7754726020659058,0.1794426910897276,0.8924389283823478,0.019464997604285945,-1.239827160071619,0.16003762551706838,0.7936684489217349,0.29671885829231637,0.19187275345435442,-0.7297239558643115
2021-01-26 08:00:00,0.36190768264183737,-0.13000918800381453,-0.45473673524790037,1.014445485810587,-0.6321075456207972,-0.7131130471635151,0.045920439407276865,-0.5034014250750549,-0.25014856007238884,-0.1619831730485465,-0.7584134119145496,0.1536018031047715,0.8745512465175337,0.007440299966719155,-1.1856324149123127,0.17909933549253498,0.7648665637979926,0.2942168136085117,0.19831357928958449,-0.6867734385021603
2021-01-26 09:00:00,0.31406080163402866,-0.16425445674502925,-0.4173673336439895,1.0184780693101592,-0.6400466862597904,-0.7161542345889277,-0.01984643168303856,-0.5151927186864014,-0.23413089519639468,-0.21986360882366965,-0.7311122051496322,0.13351250167499637,0.8348152118609123,0.0385392851609433,-1.1469528363477972,0.19279942392901786,0.8037803319613565,0.34359667566067836,0.19677091007304154,-0.673970825444374
2021-01-26 10:00:00,0.3294590356861594,-0.15487342457171135,-0.4480165049166431,1.0361820903324648,-0.5904995145736125,-0.6891928725364098,-0.018221808844602706,-0.5085932583545177,-0.22430349173967368,-0.2639270387574149,-0.6930994272651577,0.14361445170725015,0.7855257886755782,-0.0041401115374779945,-1.1306842794812928,0.18875041756490318,0.7233137801274578,0.28924699770105144,0.20542861942132112,-0.6996582572132067
2021-01-26 11:00:00,0.3532046513945317,-0.1919528986354489,-0.41015290281048444,0.9987989391033143,-0.5717516279702065,-0.7613890669731096,-0.0038854840398031554,-0.48753995622560914,-0.20398812959699059,-0.26520465615496147,-0.6597716637466405,0.1680909195293587,0.7576043278742977,-0.004151613831209469,-1.1257746809297156,0.1839439207641141,0.753047326477499,0.25856063497105697,0.15327651054189967,-0.6727930738080891
2021-01-26 12:00:00,0.3915587020117765,-0.17972874705789435,-0.3853955106663862,1.0048170722752994,-0.6099021978789805,-0.774837410662422,-0.009755669773134785,-0.44871507219420104,-0.20674764733871737,-0.2833040187476195,-0.6417519582957161,0.16580342570629936,0.7534558229848595,-0.04046360071470527,-1.0513390471052275,0.18175294104233042,0.7669203180176686,0.2788255062894864,0.13003956389972118,-0.6845265707934062
2021-01-26 13:00:00,0.39815047399276293,-0.21087185975067266,-0.4370793512418824,1.0227390449995337,-0.5633958281745333,-0.7788255789292724,0.006302629808301648,-0.45571140324820686,-0.20237761417983519,-0.23557932209857263,-0.6462652733920116,0.18400880692464508,0.7594433344291045,-0.05015723584121334,-1.031078014170955,0.1610861426670342,0.7930619754246461,0.26438656096797875,0.09623108834248646,-0.6615623705975182
2021-01-26 14:00:00,0.39730632419763884,-0.2151751363456189,-0.46826763832618595,0.988660804021082,-0.5273336949600704,-0.7593971354799358,0.03561402375103394,-0.48960769967900836,-0.15548058241068421,-0.30868347149893904,-0.6048362050491591,0.2140366524452869,0.7409271288895967,-0.0777917931468616,-0.9984450413163245,0.12205317084439768,0.7588177464697683,0.25110728576764246,0.11549479472923935,-0.6007633040896531
2021-01-26 15:00:00,0.3460039355431184,-0.22765622592267387,-0.4887357399078423,0.9684048730807786,-0.45064599569290686,-0.7116841998278057,0.02481667419815414,-0.49668288840500713,-0.16620082093553057,-0.3024214436911687,-0.55839282868224,0.19523052275804265,0.703627974113733,-0.020405121430525218,-1.0187524797398981,0.1236370754404297,0.749812048081615,0.3134437031925782,0.09561837522575645,-0.6014246076315105
2021-01-26 16:00:00,0.3994334019846533,-0.18612685033820742,-0.4849689864976865,0.9379994929252429,-0.4935202869579322,-0.7297969153070702,0.04534143813036244,-0.5579653320648856,-0.11430216824205755,-0.2915036804976794,-0.5489388473901515,0.2011211883340826,0.7366806445636885,-0.023261823732151802,-1.0109008876994914,0.1656292722418139,0.772267230731056,0.27642793848493824,0.10264646880972933,-0.5962824404732376
2021-01-26 17:00:00,0.3766514602725056,-0.19057707206061614,-0.49698568370237667,0.9227170973232052,-0.5540044698413564,-0.691345407618891,0.09028570280034601,-0.5665907708605821,-0.1350744180882523,-0.26615175917124045,-0.5757827765530681,0.22357762492874728,0.7050847798597674,-0.04847095159370167,-0.9913805101892739,0.182472344875774,0.7546883959907768,0.29927529820088034,0.09365999799949125,-0.5844133125917587
2021-01-26 18:00:00,0.37502296465591145,-0.1696881027742793,-0.4903523359189813,0.9150096487504245,-0.5601920694651571,-0.6853208131902344,0.09391815143989066,-0.5725883470431523,-0.12633062558349373,-0.2722040906330864,-0.5897196617160025,0.1837721594004122,0.7617168951383462,-0.04743188847938409,-1.0030853388190064,0.17060262609965987,0.7467717219223232,0.28537063659203127,0.05874492755106704,-0.5521318372469086
2021-01-26 19:00:00,0.35635862788099365,-0.1708673900262643,-0.5193070829233964,0.9330775531792419,-0.6282560927504097,-0.6595991868936597,0.11094354803007553,-0.6078784698106238,-0.10349391892534106,-0.24610669126553483,-0.6044027447497698,0.18439049240601088,0.7544466784970609,-0.06730361752997646,-0.9713863984838012,0.13926151624150296,0.7358765081546694,0.3111095013456608,0.055900339735213106,-0.6092196594998276
2021-01-26 20:00:00,0.37352900267936084,-0.19686631108401503,-0.47778813632448397,0.8933115006555442,-0.5961885663309584,-0.6227432612534409,0.1191348666310053,-0.607386082936958,-0.1184388372209144,-0.2401772638890148,-0.6312949795348571,0.2099401684824309,0.7413312393294808,-0.0754174943938192,-0.9796652525831103,0.13663395870743386,0.7926059990528181,0.2953860355396453,0.0913300649807551,-0.6175581189135204
2021-01-26 21:00:00,0.38555205977583,-0.23052992407419695,-0.48619802504523996,0.8936832702352865,-0.5392411692489861,-0.5507268317148435,0.16411547083859246,-0.5668561791111885,-0.088783018602488,-0.26290406759503215,-0.6232247200768023,0.23541432067661258,0.7503380630793833,-0.11110394898365508,-0.9982794786748242,0.13441836240538227,0.7800802358403555,0.3211908530113338,0.09826566922646009,-0.6139695547707257
2021-01-26 22:00:00,0.3559415949583438,-0.2616090352973348,-0.4562559979319453,0.8809860075904046,-0.5254444659409861,-0.5949773794717356,0.1621247562965842,-0.49210845226614236,-0.08269458937178864,-0.31252024722353117,-0.5949427720206655,0.1960556911237759,0.7502378459965077,-0.09029727748624432,-0.9469291991754084,0.12183121386001483,0.758650947267548,0.33632818039534756,0.14995404823272682,-0.6064735567578654
2021-01-26 23:00:00,0.324751474166182,-0.24899823105874586,-0.4563847366665653,0.8940600093149494,-0.5504873093036812,-0.6039580283121105,0.11353887182023444,-0.4715005909133776,-0.11491828592385778,-0.26737598095881,-0.579979755409124,0.17086137869041645,0.7676446577843946,-0.11596494349971337,-0.9012632526348285,0.09180552216684232,0.7206814188572673,0.3837972898838124,0.14887467027282278,-0.6275985797699367
2021-01-27 00:00:00,0.3798526362120314,-0.23810842553974765,-0.4312509173916038,0.8479286363895548,-0.5775720034069827,-0.5898886538215163,0.15760048508305358,-0.44318350699274606,-0.1597416387324897,-0.26742104924837273,-0.5747415830383098,0.193418474524644,0.7416048646278138,-0.16047659212936732,-0.9315862183052939,0.050012199868060755,0.7349232054384315,0.3786968540840715,0.15253998543374572,-0.6172570463121806
2021-01-27 01:00:00,0.4126927260634761,-0.22260224003205145,-0.4771706149822919,0.8743553369724728,-0.5932317588921645,-0.6284470341418538,0.1434748972074522,-0.38034404629582746,-0.1599389802742242,-0.24038975180874889,-0.5563723540001815,0.22402455809544092,0.7469450764522987,-0.08759610493528365,-0.9119562398381912,0.025429776764393047,0.7325030069738433,0.3943644714011499,0.12441547397061987,-0.6271625767068263
2021-01-27 02:00:00,0.4352391418178217,-0.19483811940208873,-0.44288006099201205,0.8657718928852738,-0.5773262968327061,-0.6310250885272578,0.09531479370329148,-0.3405120015853152,-0.15562391506520468,-0.24969870852336956,-0.46754234870701705,0.14435886755791377,0.8316892178481392,-0.09316197177402057,-0.9442138542932841,0.014408220912922962,0.840728179921343,0.3284735119884883,0.10250401829323755,-0.6077752626084663
2021-01-27 03:00:00,0.42136869074145905,-0.20109731521684363,-0.4342011080337171,0.8783877564154945,-0.5479357411836856,-0.6586852204380732,0.036226871635807574,-0.333111426921179,-0.12243303926489116,-0.2700568784306191,-0.48483768492513735,0.1079776971974912,0.8692702148717107,-0.16464929780230092,-0.9608157650142651,-0.01032041899615494,0.8404253215515564,0.3672027083257572,0.047098807770775734,-0.5923548747433993
2021-01-27 04:00:00,0.4345908150052961,-0.19806315506660765,-0.41501779527377947,0.8267040696693204,-0.48878887871826204,-0.63786325002175,-0.01977289492396441,-0.3602441626785175,-0.07273281385610589,-0.25111301802768204,-0.5188201601020533,0.073561095846529,0.89598298284287,-0.15533651805860288,-0.9480240093849186,-0.00937910529335504,0.8724729836498655,0.3645469365839636,0.07660673593811812,-0.5741499866483315
2021-01-27 05:00:00,0.4796711363027727,-0.17317208338389375,-0.4257286077366542,0.8611939738572566,-0.5128894446678726,-0.6801310214940313,-0.020248852125531774,-0.4050384672096151,-0.054250603403300846,-0.2759314917429396,-0.5420760558503139,0.0622777509247838,0.9155224204260901,-0.214870525776642,-0.9174476559996734,-0.005878022695591243,0.8437674303145538,0.3908047883965516,0.07053927701371358,-0.572041193267065
2021-01-27 06:00:00,0.4826843145155179,-0.18918263588448672,-0.4176640544950329,0.8430007837104594,-0.42221610507274876,-0.7059852595547653,-0.027177831609410688,-0.4176660061507382,-0.05309446289498181,-0.2463417742679378,-0.5767658130493445,0.08273897452512322,0.9265783223361144,-0.16819827073444515,-0.9770500035445387,0.0033143131679296885,0.8260661246550054,0.3991979848398718,0.062168413551865205,-0.5790461272486699
2021-01-27 07:00:00,0.4544802694331646,-0.23619298341040923,-0.410754244389744,0.8499500522957877,-0.4798109075449484,-0.7156341858855073,-0.006527482686768879,-0.4450219091179269,-0.05940327477890312,-0.2754339705855022,-0.5538846524830324,0.05837620156861102,0.9310926347537763,-0.11558446456261612,-1.0026094220520658,-0.011189365540439294,0.8543383191973881,0.39087409222976105,0.12430405859408489,-0.5583002370626455
2021-01-27 08:00:00,0.4950264063522991,-0.2284592552891335,-0.4567126949522933,0.8385364400864499,-0.4729816497241742,-0.7170263254541709,-0.033425223205349235,-0.4205159210980842,-0.07016827345899067,-0.30522827361654253,-0.5418039106614303,0.047289588734105596,0.9271757077324592,-0.12158023466355086,-1.0300616057781506,-0.002893784519786278,0.8959527577657576,0.3969475629211981,0.1506342980612487,-0.5031527053234439
2021-01-27 09:00:00,0.46812196978833526,-0.19522223997954932,-0.38414487470603165,0.8302494056881932,-0.4942607350628874,-0.7018143619487843,-0.05592840258855691,-0.40594855621833953,-0.10348514350455472,-0.3575545983871953,-0.5246832384351852,0.05561838086690947,0.9772666354763193,-0.11661103725335445,-1.0372057749482417,0.005934759808415362,0.945269428742531,0.38000624803568345,0.1445499490333679,-0.5024739330712498
2021-01-27 10:00:00,0.4855022360065851,-0.22037197927957197,-0.3512084828704435,0.8158010897080015,-0.47305661114532493,-0.6424238070621768,-0.05023642934192309,-0.45852740720690893,-0.11742436542550158,-0.29620307361902876,-0.4996819602146046,0.04392095477596805,0.9172171081501358,-0.1869299506584867,-1.0012502615414771,0.03285756907245352,0.9387626701614505,0.40599688531789907,0.15007084908289892,-0.4473154079916962
2021-01-27 11:00:00,0.47421656304717846,-0.23731151427141162,-0.4127570478565001,0.8645406184173071,-0.5192308003557685,-0.642788665374531,-0.07011116930165862,-0.4708882338124903,-0.12465330007611923,-0.30244917066444704,-0.4799569101497341,0.01751903934507582,0.947652097422266,-0.1655126873255123,-0.9950349279025852,0.0021708549770230387,0.9128162933211454,0.47295493848180586,0.17922705089016114,-0.5055301526327642
2021-01-27 12:00:00,0.47487614955573487,-0.28468723050786826,-0.4163414030486709,0.8836489264004201,-0.45235550110828426,-0.6313476984630861,0.008127544792849689,-0.45712752503829923,-0.15102626993575033,-0.26821943424531436,-0.4673134254807016,-0.009895406141563784,0.9680680759206287,-0.2295836647383685,-0.9507314898497397,-0.008841209119400265,0.9423004628923332,0.524760123003908,0.21311737738022746,-0.5311826434529813
2021-01-27 13:00:00,0.43622721376226087,-0.30975506475177306,-0.4088863714353144,0.8793440389413198,-0.4427539714907338,-0.660001252024877,0.004971511300197936,-0.4675137036089788,-0.18535816279342368,-0.33914006794441454,-0.4595675581873982,-0.03037171240591581,0.9480625522991962,-0.2609508072951373,-0.9934910780331776,-0.011589968262261127,0.8925753243976222,0.4819162268865419,0.2661318754949762,-0.5144774675256233
2021-01-27 14:00:00,0.438354698803735,-0.355417477679096,-0.3939309198730082,0.8370239280899829,-0.4246056133661415,-0.6518037326829562,0.031664693633427124,-0.45319627304340127,-0.1913863905514494,-0.3596714986022586,-0.47585599876783763,-0.0290648496833718,0.9788610337185913,-0.2565690419636908,-1.044400117956754,0.07900525138837604,0.9266335453322432,0.5203667277239095,0.28982495167186495,-0.5710081510854716
2021-01-27 15:00:00,0.39061172010653006,-0.3741000658032533,-0.40515715961441995,0.8673508668249186,-0.4132867605678345,-0.6639292990768024,0.016068208855633224,-0.4577168513369918,-0.14625374486071835,-0.3586148447947687,-0.4539926984478448,-0.009436083472475223,0.9878413161842646,-0.24126919680335399,-1.0455450964765352,0.07700155107033996,0.8788216574204193,0.5457552641478768,0.3136441419103889,-0.5349279315721154
2021-01-27 16:00:00,0.46040641958662987,-0.40463845916451463,-0.4249647075471953,0.9205167434949486,-0.4755940515053416,-0.6634456086013005,0.044543952463904725,-0.416949109349248,-0.15608048548523185,-0.34928562584722034,-0.4600005167700516,0.01477070754766949,0.9412093426427615,-0.1973344780295297,-1.0157832669445346,0.06497008619910336,0.8934126960111632,0.5424152229668414,0.3675961428518363,-0.5051116719629993
2021-01-27 17:00:00,0.4282117120967455,-0.41381118940248285,-0.4873015683019456,0.9239358933368946,-0.4593277321466479,-0.6648549826176149,0.02378833015391911,-0.41069435247705993,-0.15081698631937288,-0.32692341981396583,-0.41396221228124613,-0.01838607739951384,0.9913968667502387,-0.2450998172086743,-1.0409503131475575,0.03784303241255568,0.8928139424282567,0.603865082493005,0.3734875510227582,-0.5393170758232702
2021-01-27 18:00:00,0.47098564704441526,-0.4406844650368949,-0.5271206395979497,0.8798109095439536,-0.4182632660232532,-0.7052631487079736,0.037801327225199376,-0.32325073699996987,-0.18173393771316465,-0.26937998413891784,-0.4488844067511438,0.030551349642640363,0.9783132183992903,-0.23122925164655686,-1.0792867721108534,-0.0037415547953497733,0.9060232480179762,0.5785361469965593,0.3894089370049172,-0.5250486897784103
2021-01-27 19:00:00,0.4914835103040911,-0.4534828316043841,-0.5380104667542337,0.888787508710041,-0.3808272858610083,-0.7432664163237179,0.008192498944934047,-0.3407367605320839,-0.2336985211276549,-0.3148043234927729,-0.4537604569446167,0.07501801557607067,0.9680754452229059,-0.251684503768097,-1.118809959739905,-0.019677824460742278,0.8705508019463034,0.6060179530118057,0.3952488348528638,-0.46327155754170185
2021-01-27 20:00:00,0.50959905956368,-0.4806052204513702,-0.5562404228975808,0.8333984492383176,-0.3205683114941211,-0.7093728584300227,0.030899162821286838,-0.2812474932627407,-0.2319845087041889,-0.29690806025792693,-0.40631206314634105,0.06673403631475605,0.9748015217189427,-0.2541220305378112,-1.0784964514347692,-0.022059431999057254,0.8751934548065349,0.5725911893616719,0.41930712191678854,-0.42540201603561767
2021-01-27 21:00:00,0.525978231606657,-0.4862023874337552,-0.561654214747387,0.8632768784090971,-0.3226796517923223,-0.6999022652283403,0.03482092225616336,-0.26500010752743763,-0.28193064031432213,-0.2656298952760183,-0.3663386817596591,0.039941868347290285,0.9762813424974123,-0.2933407746371556,-1.0692736253879165,-0.07243294271118192,0.9021619563409694,0.557574631896628,0.4052069145394998,-0.4413681190787106
2021-01-27 22:00:00,0.5140190129301774,-0.435114432863195,-0.5921588297894358,0.8693231339934268,-0.3890469653797527,-0.6852563657694544,0.03880476541926986,-0.22508117259740995,-0.29595944174902633,-0.2060506560765744,-0.4081736106213717,-0.017681172329341098,0.9260420432451983,-0.30478623188056714,-1.0885531147797611,-0.08480643860115814,0.8969432059931675,0.5518517042603756,0.39707746084556916,-0.4381057434354662
2021-01-27 23:00:00,0.48594006734961137,-0.4378344087826901,-0.6054742418548974,0.9135052033919727,-0.4442392524968923,-0.6941201090876377,0.07233656893483667,-0.19896214573157503,-0.28490955142424357,-0.16501939994219192,-0.3726261112111564,-0.027069348458314327,0.9482921156606937,-0.2593976698428228,-1.0436941719203072,-0.048165903340526214,0.8937538504300431,0.5812266133780641,0.4197779172099474,-0.4601460033210093
2021-01-28 00:00:00,0.4870328688352066,-0.4917311815092663,-0.5830164116564034,0.9270590874779883,-0.4396465255456114,-0.7265250072875081,-0.03435506934863777,-0.22164141960484715,-0.30749169367561624,-0.12337213306946551,-0.36541458872133326,0.0014507886930122046,0.8968917485821697,-0.25006395447616225,-1.0611131048111853,-0.0006962169234359175,0.8869502373793381,0.5962477077281738,0.4487567387455974,-0.4356886183008851
2021-01-28 01:00:00,0.4660261112114103,-0.534764350465144,-0.5708312189868554,0.9558849058021005,-0.45055596118988095,-0.7596625447007229,-0.024648939023635547,-0.2301145715211955,-0.3335930933501905,-0.11163530796765783,-0.3504358278153475,-0.009225356384731532,0.8934763939340673,-0.2601673017906039,-0.9768219906050082,-0.026587521271317426,0.9070075206551216,0.5522881038889926,0.3874775872098968,-0.4471835329301825
2021-01-28 02:00:00,0.5250801873610226,-0.5560852064962812,-0.583393819785811,0.9155636449304911,-0.47432086424799413,-0.7997902902446531,-0.08002857428545439,-0.2974706262960426,-0.41087342012382844,-0.08100711242258334,-0.4116706706208148,-0.022510860281488285,0.9304821713853054,-0.2348907433330812,-0.9662521817984543,0.009000558306447248,0.9219471712945849,0.5127025635051938,0.3668680041388689,-0.4247450635554217
2021-01-28 03:00:00,0.5193845966968689,-0.49834320794142617,-0.5606137531254543,0.9096286239963847,-0.43558104792651764,-0.8014665017931759,-0.03170217694711472,-0.36422780732368026,-0.41198391014625535,-0.049942290404036714,-0.42339573904266103,0.022910407864012865,0.8825028056682831,-0.260828097674627,-0.9499031556507966,0.028796404258431503,0.91929580866376,0.49886091144330436,0.3833286404834411,-0.42062289361100047
2021-01-28 04:00:00,0.5451173619827052,-0.4567272337079199,-0.6021920773513401,0.9161287577294145,-0.38601379963869514,-0.7765473571751427,-0.07199056869235754,-0.40863127706627667,-0.3871039517515679,-0.04238966246518654,-0.399767705888169,0.02269729920987762,0.9012810335824961,-0.2715976416468068,-0.947886102690248,0.0292303108547021,0.8778301050312083,0.5451776535074474,0.38594314446756045,-0.4064403237252692
2021-01-28 05:00:00,0.5011811842934973,-0.44289640527656166,-0.6082647836190512,0.9075472427381587,-0.35675580315078376,-0.7831886905219526,-0.0605314727889283,-0.43894927124240923,-0.4179704350635115,0.003775549548826085,-0.44974713471218153,0.022036908670992873,0.8762078709654552,-0.22619488357756334,-0.9643164800403168,-0.011810853278031486,0.8576333600560545,0.5298612626804863,0.38296228815891925,-0.3946270524648612
2021-01-28 06:00:00,0.4874633142390235,-0.448521465625813,-0.5595482197622171,0.9549782324388554,-0.3639889129906042,-0.7538517077683675,-0.05261912949389161,-0.4505054213643646,-0.4400087882152154,-0.03808018789420024,-0.47368022588153413,0.019150329091683613,0.8986813732916102,-0.2079305948057517,-0.959366531793809,0.00621143502410787,0.8143190007565995,0.559639569169843,0.367389142190154,-0.40203320577895835
2021-01-28 07:00:00,0.5565549824303145,-0.4593016783191663,-0.465122022544711,0.9618218074456314,-0.407475383747913,-0.7663682022409329,-0.06495776245518917,-0.489094672885573,-0.41864424245033127,0.027836670657245724,-0.4868518106646181,0.0018638282986412,0.9213965864273032,-0.1824181893295138,-0.9124893424790692,-0.03155458727223103,0.8173991202017271,0.5233453140343021,0.36294650179979143,-0.4113034936296514
2021-01-28 08:00:00,0.5866546242880742,-0.4698527184962361,-0.5534311355171598,0.9525764719431367,-0.4166270270624952,-0.7233130505043335,-0.09472421087456473,-0.43814175774061503,-0.4383930020210872,-0.06018800816823951,-0.4845983571275598,0.007231119384161978,0.9035903199644233,-0.16656266203199271,-0.8996068250005309,-0.051917350550211266,0.8824404034127735,0.53170766200611,0.3834965134535297,-0.43007481941139475
2021-01-28 09:00:00,0.5819774974015314,-0.47759905391904156,-0.5650063079925269,0.9211971159487119,-0.41741684122706046,-0.7151697851102488,-0.12761914544793285,-0.4315463004680306,-0.48286299796485577,-0.014797133559620687,-0.49190958509858246,0.01334904512277182,0.8969335345886338,-0.1783029648874243,-0.8889326209024481,0.056073345557037274,0.9088499605072855,0.5316823403443031,0.43439784814150295,-0.40353152193489505
2021-01-28 10:00:00,0.5505985505891459,-0.4964689635602832,-0.5734708290039251,0.9609110594674506,-0.40111588306105944,-0.7070591884931199,-0.1855826833978696,-0.43735089446719366,-0.5058963716567872,0.04539269764680345,-0.4178277912189227,0.038804282127548634,0.918829031891427,-0.12057204987700816,-0.9076176844816587,0.0656420332153119,0.9044867578672298,0.5659733081743086,0.4335541017150539,-0.4653388828228395
2021-01-28 11:00:00,0.5192171020600466,-0.5036127501502929,-0.5001432432515716,0.9247562643620179,-0.3867902921946171,-0.7413712530653364,-0.22676215216052253,-0.4174570444123005,-0.47862216673290964,0.037422092985549035,-0.44581533762583453,-0.007756259842011871,0.9514376032701283,-0.1280421220399181,-0.9251099661891131,0.16150594722221595,0.8692854729493421,0.5656186194602852,0.4630558510069895,-0.4619234675095814
2021-01-28 12:00:00,0.5454459619312482,-0.5505019957353863,-0.49833888281470434,0.9733028143366861,-0.45565731375102686,-0.7185651629218875,-0.23523133095965182,-0.3965152378089899,-0.48484077566866574,-0.0017222379892144618,-0.49701637356492,0.004481590136399132,0.9593499834945389,-0.16987837647938853,-0.9473163549865363,0.17095889103194215,0.8205995523548342,0.5459983706098258,0.45656046501152253,-0.5012481969288757
2021-01-28 13:00:00,0.5216720903557859,-0.5358780448492795,-0.490824673218439,0.9153454805313403,-0.3811069603798757,-0.7403099132301413,-0.2130519755532968,-0.40051805708784954,-0.5158771397181431,-0.01005899445655382,-0.5184500086067275,0.05453963776367309,0.9263872810749214,-0.21740649443339674,-0.895518423974682,0.1904452504616532,0.7598852559240081,0.5587516476990202,0.3821087708910901,-0.46323579295062245
2021-01-28 14:00:00,0.5214164846240364,-0.5200115839822831,-0.44188022157212037,0.9358796618292594,-0.38190306675022,-0.7131072328348054,-0.2212021966851424,-0.40684450225115415,-0.5215176856724496,-0.02905443384108094,-0.5261559255693558,0.06203565367709134,0.8823327071846939,-0.23525182429067054,-0.8626062827050588,0.22368440180658594,0.7932172082986767,0.5465500662250581,0.40371375732626985,-0.5092372481573872
2021-01-28 15:00:00,0.5045367050007726,-0.5209524490861926,-0.43747587014340256,0.9066525026713882,-0.37743737871479877,-0.6556447132040709,-0.17618140503022542,-0.4354001772986373,-0.552388516912727,-0.05037987219653654,-0.47610998754117206,0.03895775524840347,0.9140442608134001,-0.19987612181917275,-0.8593603525287556,0.24576752855438178,0.8457405933851626,0.5289389766823482,0.4051825393618428,-0.5302351600348455
2021-01-28 16:00:00,0.5451036161753137,-0.5340581249231469,-0.44161792242018016,0.8866874935260707,-0.36284677883612104,-0.6776315670610222,-0.20900163266692445,-0.39774449103279563,-0.5325544600409428,-0.052791218405402664,-0.505381784521405,0.03868392164652034,0.8904973998892621,-0.25434320034889596,-0.8406676782547919,0.22817460832863126,0.8586328252762695,0.5629451210763953,0.3920902894380711,-0.5351126176136115
2021-01-28 17:00:00,0.5882004482778033,-0.5132542549184701,-0.499528573882434,0.7692164201127997,-0.33929217287821284,-0.6375662771050221,-0.1927959503172038,-0.41080008585934635,-0.5183172129592772,-0.04153006422198062,-0.49357278607425176,0.0739244213573723,0.8999944289190638,-0.27892880980255264,-0.824087453494003,0.22899066237920512,0.851281692734627,0.5867904199262878,0.38248010581071906,-0.511342586406194
2021-01-28 18:00:00,0.6430519598072256,-0.5197810914421178,-0.5468971444744668,0.7360520218581327,-0.3053642307018062,-0.6328388801485292,-0.1994012123480214,-0.40620233312829523,-0.4992774003694479,-0.011445528276553575,-0.4981543693526555,0.05863245570728264,0.8620928291867078,-0.2259572139825323,-0.7983431133484427,0.21795292945664893,0.8675762976023182,0.5761058200635604,0.396787271772022,-0.5499702070205322
2021-01-28 19:00:00,0.6919126154573341,-0.5448137974214478,-0.5444139611411758,0.7089797031671112,-0.30831184823023206,-0.6051335395097458,-0.19223343376914348,-0.37741394926324395,-0.49076718405870284,0.005992722688195524,-0.48907113076702213,0.04410814011203153,0.8123521976581571,-0.24222867487368888,-0.7689795915521522,0.20477237104107737,0.9006780655442331,0.580995004223441,0.3933658157198721,-0.5807737939669951
2021-01-28 20:00:00,0.6930031987462848,-0.5672862232993479,-0.4897472120571693,0.6963900075542244,-0.2659144478953301,-0.5652755289420088,-0.23481833762801363,-0.36930690486018924,-0.5311771208375594,-0.036679389465626114,-0.48028204638796496,0.021185259599164223,0.793446647442242,-0.2545323374898672,-0.8150297724876805,0.22872538624810707,0.9355342934297273,0.6281860270891347,0.38070304700094204,-0.5821013844804671
2021-01-28 21:00:00,0.675935811821319,-0.542168478588137,-0.4970065513723862,0.6834189844653837,-0.22520395712655647,-0.523529632679709,-0.21386527166932648,-0.36342701222550206,-0.4978910229724711,-0.012153877017817494,-0.4896757640987318,0.048770932692740326,0.7885085122834213,-0.2517282920794538,-0.7989906636719906,0.24699672818104357,0.9705098609407065,0.6638237789925306,0.33782830662882074,-0.55291231514168
2021-01-28 22:00:00,0.7059347427701171,-0.5727522741446347,-0.5324292776728481,0.6862574560350387,-0.18767662328655565,-0.5714421415139688,-0.21145225785403524,-0.37671510408387204,-0.47849639696150614,0.008489183175487993,-0.488581197406205,0.02339435478435934,0.7691217363443981,-0.28435215843289663,-0.7830533983686164,0.2713304753892048,0.9652660411741519,0.640405207525028,0.29974805655213743,-0.5230590008099558
2021-01-28 23:00:00,0.7704291990577885,-0.5862847635613326,-0.513034564571306,0.6698315485396137,-0.16891492411404518,-0.541375254137183,-0.19850182394138138,-0.3765178399381218,-0.5086812738740639,0.054701464538720386,-0.5366902685398991,0.07539130989327233,0.7795928831528316,-0.2720808494183156,-0.7567576204919778,0.26049583895083583,0.9045500532924254,0.6281816070222187,0.29974352385597774,-0.48349184626275626
2021-01-29 00:00:00,0.7701029849368386,-0.5426762122975279,-0.5133695455781385,0.6432693106287656,-0.12474041489755075,-0.5537489183210182,-0.17288683620233405,-0.31808753850315896,-0.4975980143058296,0.03962208947647516,-0.5378599088185592,0.038078354164729204,0.7885258022504771,-0.2985527910376384,-0.7236690384269568,0.21161535769683806,0.9023704145055529,0.6484211291952668,0.3367074911457058,-0.494507659969096
2021-01-29 01:00:00,0.7904710102372134,-0.5483059144871277,-0.49661842703196174,0.6508429160593562,-0.1185825806542163,-0.5764945920761907,-0.1791365667158761,-0.3361830791853418,-0.43792094933898157,-0.02319914866931673,-0.48850117574228813,0.021530439313407767,0.7728610391408745,-0.30678493016217967,-0.6706021222026681,0.23751351174906915,0.8687593959325056,0.6413999641168784,0.2884967157829862,-0.5115418016925052
2021-01-29 02:00:00,0.7877698476801744,-0.5628764997080978,-0.49248065193120344,0.6548262758795997,-0.16435410063442638,-0.5551488578317225,-0.1614608352750046,-0.34116678710358683,-0.4354844658455265,0.02723166653869926,-0.5283504836800018,-0.0010202120838878857,0.8294477682325745,-0.263715503439906,-0.6643215656177244,0.22122410452949098,0.89120846820244,0.6330742049357264,0.23454396208747724,-0.5032332982703384
2021-01-29 03:00:00,0.7699463751840702,-0.5251745208266718,-0.5138567483657771,0.6730931700490538,-0.17488633803935613,-0.5545664126676844,-0.13909884808558345,-0.37301332787015684,-0.4262397534288431,0.04993748249337427,-0.6027471800706472,0.007967435460291793,0.8341610974094894,-0.308021269927252,-0.6808962536619135,0.22741238638171585,0.8940396403454847,0.6247711161122376,0.22440579700840468,-0.4634111836717313
2021-01-29 04:00:00,0.7471237791741546,-0.5465181299750296,-0.5173251597194886,0.6293711655525449,-0.13033934752611256,-0.5557551256955747,-0.09288761509001423,-0.3605175879193083,-0.4428394804492493,0.03828285826474528,-0.6220335397993483,0.04784330547542055,0.837733844791456,-0.3107793245683401,-0.6917914903413485,0.21192609010347147,0.871391462668285,0.5866280146570602,0.16242615539686722,-0.43633479169023803
2021-01-29 05:00:00,0.7358361055338769,-0.5611580792307616,-0.5480414101127932,0.638798477692028,-0.20443229204279784,-0.6348198347455569,-0.042930327151762385,-0.3504443824771495,-0.44409163994713136,0.06363486808820183,-0.6249172812679573,0.06419250360831844,0.7687260424892859,-0.359270797849295,-0.6817997075957124,0.15896078642580191,0.810542338449521,0.5925289689352898,0.20452512304683787,-0.45939240052884966
2021-01-29 06:00:00,0.7398932314854699,-0.5943186838163441,-0.5235826481318644,0.6775215277346376,-0.24891112946851332,-0.6740866874394005,-0.05367741797833272,-0.3876560869593582,-0.461709870127975,0.08610066907479458,-0.6257068890313674,0.03494188803754518,0.7616868449351307,-0.3933462568416004,-0.6807531824475062,0.19158512943583614,0.7853107548116147,0.6018554556874584,0.18896952862578098,-0.45873043152441123
2021-01-29 07:00:00,0.7202660369811117,-0.6169330219924681,-0.5163677174141088,0.7009618039075869,-0.2122569274995341,-0.6822341630911011,-0.04902670005728383,-0.35794269285763025,-0.43166084121506704,0.06473708449218006,-0.6170261822499539,0.06264038399998839,0.7692841520875019,-0.40026044690464396,-0.7499151584926699,0.20229413993504375,0.7240429410225702,0.5820844348532634,0.17400466695846808,-0.4293313432142912
2021-01-29 08:00:00,0.6982634953416936,-0.6376111988165711,-0.5187430510262622,0.6917853516847879,-0.22674190204067773,-0.6702510552632892,-0.04817368487401452,-0.33606054423827453,-0.38256189908949195,0.04321853612183556,-0.6136423502129835,0.06056280420132485,0.7211018289134082,-0.4528406163670506,-0.6952146190193235,0.19149606844044356,0.7443580919984186,0.58543295354226,0.1701707861396391,-0.45881594500213135
2021-01-29 09:00:00,0.7547801278069856,-0.5788885702762515,-0.5087419583984117,0.6323317937727657,-0.22853720333302383,-0.680093494645483,-0.11285718713514793,-0.37000309788178376,-0.3977157407766983,-0.013067101769434174,-0.6293883075366389,0.06287150576473564,0.7071360266569906,-0.49549480485940695,-0.6747485868849848,0.1972099102161895,0.7922135196652605,0.5609083374655438,0.1594102585348508,-0.5009817575963129
2021-01-29 10:00:00,0.7454534847362301,-0.6274402261539156,-0.4447610745007619,0.6309089471595037,-0.22530365550224032,-0.6795833100593759,-0.11273162825236092,-0.36327976557818226,-0.4225031959374492,0.026423604339466077,-0.6252728841866286,0.09870467860681906,0.698061526014771,-0.4884724849887488,-0.6437069750692731,0.24115811795869319,0.8279382052380344,0.5971651631115044,0.174891594313405,-0.45587129122826187
2021-01-29 11:00:00,0.7303982736545596,-0.6138805455089045,-0.43273674497685527,0.661113821549036,-0.281485838229446,-0.6505448635495272,-0.06096201995716036,-0.3249021588690572,-0.42185138811307266,0.08826527972122125,-0.6067837549527398,0.0736368980557221,0.7026705884197895,-0.4820585237583949,-0.5696085312990559,0.24958344241910557,0.7770527824005498,0.6042227546083838,0.157937408986342,-0.418195837523482
2021-01-29 12:00:00,0.727193865459817,-0.6134504727287241,-0.4693904228955601,0.7042238298258143,-0.3362372697177578,-0.6478960609769128,-0.043632083627362234,-0.34407412282442407,-0.36410086983116347,0.03417346216473049,-0.6122436163574215,0.08205902416473476,0.7285060088392689,-0.5009613931020768,-0.5599659237632871,0.3080503895190568,0.7682277275992389,0.6073440448245864,0.1261222297064605,-0.4288258103226142
2021-01-29 13:00:00,0.7078394141838431,-0.5950425384748532,-0.5108904032279826,0.7024387447850899,-0.32178799385471885,-0.6056907105703487,-0.038670571115144006,-0.335913054388016,-0.3879817116168429,0.04892631264795702,-0.6569178776075134,0.13311982639389802,0.6969025358963938,-0.5417873675263143,-0.5824731409573041,0.2708551186599657,0.7545511048348685,0.6434987431220839,0.15415088130171264,-0.41859080866407977
2021-01-29 14:00:00,0.74519538854216,-0.5980183654708531,-0.5273056561612705,0.6636730365611079,-0.3275195049153514,-0.592942976039378,-0.011312146714809838,-0.33777179134288016,-0.3741457506580202,0.06710948282563238,-0.5935313868790089,0.10740370894053317,0.6378620186325464,-0.4588882547458699,-0.6140329159065921,0.2882788982034355,0.8019095321914275,0.639262766042464,0.1736529095140415,-0.40290219438329566
2021-01-29 15:00:00,0.7662902105978893,-0.5573534895591568,-0.5473810016608285,0.6023436793110564,-0.31754417380258476,-0.6068580212340278,0.019320068612887965,-0.32589944667800613,-0.32292786954187896,0.01656995019146848,-0.634479782498791,0.05768000469974065,0.6413014719677217,-0.4689248980402917,-0.5643308286606918,0.2927135965637783,0.8297548669933201,0.5972497073454938,0.13386833064740308,-0.46680744832879345
2021-01-29 16:00:00,0.6984160621739199,-0.5511359035946901,-0.5922125800494871,0.6002677527338364,-0.27114483205466566,-0.5630700400120416,-0.02205200800062453,-0.32558562960269943,-0.3625703028800775,0.0774463979706469,-0.609757072045323,0.04713772553331457,0.6215461689544103,-0.4618673836236438,-0.5731583330955413,0.3086602765450125,0.8577223656570491,0.5516948869063119,0.13360229083466144,-0.46459641447964034
2021-01-29 17:00:00,0.6499971532481428,-0.5088759439477346,-0.5522560492522327,0.5532957618551516,-0.23569735653625765,-0.6171164055480117,-0.017164347882224287,-0.25557144609976185,-0.36003564599099364,0.08384993208814998,-0.6010238582994056,0.06803055881053606,0.715721275727778,-0.44537986366623994,-0.5473818520449891,0.35524075482611606,0.8534535246466172,0.4962717251148161,0.12280671130691757,-0.40716814543357027
2021-01-29 18:00:00,0.6833916683358336,-0.5528374556458069,-0.5532595150169171,0.5575421063458157,-0.20366373296956522,-0.6134439517014363,-0.0412292787766515,-0.26928596703999774,-0.3294686715260775,0.025133929611635367,-0.5851362277217079,0.055582894699377126,0.7175007555442352,-0.40403392852342457,-0.5837214760097503,0.36586486830850967,0.8370720855121735,0.4897948731674315,0.07613078017868898,-0.4581756974441433
2021-01-29 19:00:00,0.6812233025175395,-0.5895098388589983,-0.5771543761653526,0.5728406164177166,-0.2438693707129339,-0.6041843249405833,-0.04365127950577057,-0.21127880880139943,-0.36141982684410207,0.0020485174725437608,-0.5881286791332185,0.032062765156672154,0.7096795614195778,-0.43350181439615376,-0.6193142061867404,0.34445616429567805,0.8185013300703894,0.5002590495673662,0.0949719623614103,-0.44354675840686225
2021-01-29 20:00:00,0.6782909334305177,-0.5359169002369261,-0.5717211976764105,0.6228336467607919,-0.25532835261024395,-0.6462167881479207,-0.09489327506652284,-0.18150830918309546,-0.36313285665624956,0.024670471324881732,-0.6433055858323533,0.03652205717806824,0.7060539787379068,-0.5005167002298726,-0.633101298608804,0.40116911565182123,0.8289744679672824,0.4619247341002719,0.13606830657170266,-0.4373104836826161
2021-01-29 21:00:00,0.683494953495745,-0.5177273570847619,-0.5644683781623004,0.6691921968561629,-0.27235758472875016,-0.6485805540932622,-0.16621636024884062,-0.23729450360137633,-0.3473325480831373,0.012936267512139927,-0.679010507494182,0.0396416675635593,0.6801788221365055,-0.5164633045636444,-0.6943192461622063,0.40401011777766555,0.8734181074630023,0.4405526383976353,0.14311162546373027,-0.49100108595208797
2021-01-29 22:00:00,0.6901722065179036,-0.5365772967584492,-0.5569828645049911,0.6209698171176297,-0.21513408488290314,-0.6165713350474448,-0.18247936984166882,-0.232859338310141,-0.34881428049311203,0.05455593815157953,-0.674109032306948,0.004042798029194931,0.6578277405657379,-0.5886759361061323,-0.6342652779758851,0.42795287890799866,0.9070918108558359,0.42953907894155624,0.10420781621932373,-0.43757469592961945
2021-01-29 23:00:00,0.7094182409411908,-0.5582318692921747,-0.5837559721257944,0.6015550330956947,-0.16562662775570874,-0.6674030679184575,-0.1660073366295868,-0.27045226778618237,-0.37547483446652313,0.054509089675687745,-0.7253086737338819,0.042322047932715,0.7000852566403205,-0.5746456734603647,-0.6468837130867534,0.44508712157083763,0.9518047573676239,0.40330768937688577,0.1315635989110161,-0.3788065978104452
2021-01-30 00:00:00,0.7176026537391628,-0.5644163506250622,-0.6273535225342748,0.5403634516002208,-0.21768864858349407,-0.646969766119383,-0.18961553121247854,-0.22180455995365794,-0.3617674810226963,0.03924078085393256,-0.6974527757520754,0.012172237884066281,0.7377707509952441,-0.5723971532284101,-0.5554211388815685,0.47671321845100134,0.9246648420676296,0.3349244639344686,0.16856212926642833,-0.32729262453994934
2021-01-30 01:00:00,0.7078061288873453,-0.622620243945264,-0.6662128705661989,0.5292927014894091,-0.23151714995228234,-0.6450125165414177,-0.15130503307712528,-0.21142048672362398,-0.34046247774216715,0.030061720488524648,-0.6736279358313467,0.01059586261942589,0.7718518545406857,-0.5708514349201582,-0.5033551640921418,0.44981682663824946,0.9992714767473083,0.3579380520685319,0.24304106924099203,-0.321804393866348
2021-01-30 02:00:00,0.6658854493362848,-0.7139671944695573,-0.6908051138034793,0.5305966848756525,-0.22492158815239177,-0.6295573158795499,-0.16381246320588522,-0.2236089616839911,-0.3746798990257771,0.047453590119947535,-0.6124031758043182,0.007685964160477073,0.7876605735344561,-0.5686928182434836,-0.4782929312127941,0.449575192074154,1.0233142852192199,0.3063785125993914,0.21634707599927588,-0.38592487079702975
2021-01-30 03:00:00,0.6230328476603464,-0.7302471078431456,-0.6815121494252248,0.5025116806678832,-0.20018998770589294,-0.5644317341024763,-0.16164392257400284,-0.24552283772852215,-0.3816250508036311,0.01105696482966647,-0.6032550281638412,-0.011456775907475063,0.8420703470508917,-0.5577840337487969,-0.42018436623334954,0.4525320807374454,0.9826025660696964,0.3542826548292486,0.16106637241881083,-0.4244652231005171
2021-01-30 04:00:00,0.5989062221988484,-0.7232435090050089,-0.7210425984677427,0.47756610973858804,-0.20685938931199832,-0.5401787407580659,-0.19765624145650607,-0.24498741738141855,-0.3458136108102784,0.002059406862323629,-0.558362770879497,0.04115671271938296,0.8241293159988242,-0.5191358894155184,-0.4049366916010196,0.5028182522425388,1.0151113688992162,0.37761991509700554,0.1361137877432851,-0.37496602510075777
2021-01-30 05:00:00,0.5438166695384052,-0.7060944144956314,-0.7410497848654023,0.5278378657654869,-0.18920038326413008,-0.5339694716107155,-0.18397408850868655,-0.20999854223134484,-0.3561315337526688,-0.004050004394825078,-0.5461570976761669,0.021780485507721138,0.8751286936792583,-0.5073601524679073,-0.4060500576211773,0.4903442968721353,1.0024988866043205,0.37157148404206414,0.08499962088748983,-0.3856469086707101
2021-01-30 06:00:00,0.5559193828442894,-0.6756460322189651,-0.7211922306817454,0.5116920196456646,-0.14999489948461722,-0.5154485153651163,-0.1994034052975594,-0.16147802849892362,-0.43462007984736717,-0.015232633874964124,-0.46406520512254923,0.04885327995851642,0.8826131422246521,-0.5563587423692473,-0.40683948336049724,0.4821705553324585,0.9014512865277674,0.3693315572123225,0.11616217831122087,-0.36427182397447344
2021-01-30 07:00:00,0.5720239380799836,-0.6752742134291154,-0.726316808020663,0.4780220146641578,-0.1247103753909602,-0.4586490465601195,-0.1955374271500188,-0.20575100480711148,-0.4475019397357244,-0.0022820214189752976,-0.4865484493811884,0.035989256443783896,0.8354679310538938,-0.5366691905734028,-0.44076293959995294,0.44912091795203235,0.8492612171747391,0.36307278842478513,0.12458661745841619,-0.3857989970651346
2021-01-30 08:00:00,0.636076053240174,-0.6625907727818703,-0.7063667566878129,0.4974174914733933,-0.10073642635319108,-0.47226168011643976,-0.19657492968059834,-0.18095905587866976,-0.438529015001863,-0.0004218419122100556,-0.471169421949447,0.05103460560735573,0.8179310702150825,-0.4812166882645507,-0.43882608552403674,0.47275822172013376,0.8031870867972987,0.3257664017538053,0.057567916232976524,-0.3692467507789109
2021-01-30 09:00:00,0.6273138457154095,-0.714178281850181,-0.737923303108461,0.5398863983162784,-0.06120960317300436,-0.4889308620600499,-0.1825562191930811,-0.20194907447891802,-0.40599291510971813,-0.0593674764640209,-0.45679626157980363,0.013696356488201646,0.8892304146412005,-0.4934204450740832,-0.42567483841206666,0.46627954627081214,0.8050052946601745,0.31642672273822764,0.11808246443600992,-0.42759970284749654
2021-01-30 10:00:00,0.5911668634048164,-0.7103012527049957,-0.7824711071624192,0.6133327199827747,-0.11944715211415473,-0.4788051983581493,-0.1144762827141133,-0.18716595180748435,-0.4287665814003363,-0.049754182480057176,-0.4863927242868545,0.006029791763001679,0.9659941467357998,-0.4363532456250194,-0.3806024671870927,0.44552960392043567,0.7746377151854679,0.3251305526513811,0.11262130170651549,-0.38607990405729353
2021-01-30 11:00:00,0.5463299027596112,-0.747383876281041,-0.7885996324225452,0.5877041454083141,-0.10600758137591906,-0.5073670924448178,-0.14151146585940916,-0.21160298876899117,-0.4698552142413948,-0.04526680396195021,-0.4980704620325897,0.0021955826177380913,1.0002527787950848,-0.4148104752569154,-0.33862305304255436,0.476610211806049,0.7605930519052998,0.34357743132941054,0.08642699287517305,-0.35458983160482827
2021-01-30 12:00:00,0.5726030290585113,-0.7124090030356354,-0.7906216359695544,0.6219900244930143,-0.09822361663425168,-0.46391287868747366,-0.10131807256258693,-0.19368087957810973,-0.46003819106096117,-0.03828540252417889,-0.5450053245665443,-0.05778003760444963,0.9982968631778851,-0.4303301837098714,-0.3578518031292921,0.49703947545844707,0.7489312965697974,0.30379464789778127,0.13605123285704146,-0.36656701628304217
2021-01-30 13:00:00,0.5319195319913818,-0.7414712026426646,-0.8385916205961766,0.6327604108147487,-0.09645032638893065,-0.45181443892379597,-0.1325273714578451,-0.16553567575111422,-0.49125868451242916,-0.026735389136006357,-0.5172258854024242,-0.04502652368283745,0.9638593405981853,-0.43810588853641874,-0.38838459559824134,0.5240875292260423,0.7312930929008564,0.30081645030140125,0.18104127606398387,-0.3654744737183253
2021-01-30 14:00:00,0.5193593063756106,-0.7220972637724142,-0.8004106840684121,0.6650164589345614,-0.09941813697348305,-0.4263817915168752,-0.15502920032457063,-0.13476696675808317,-0.5212991186201459,-0.05295996847385087,-0.5375417892340084,-0.04210867763244744,0.956348141155952,-0.40546559003376215,-0.3626522849572897,0.5068319683648161,0.7349924255706184,0.28781383903048907,0.1347349240078625,-0.35886362214693296
2021-01-30 15:00:00,0.5152156218996824,-0.7084490349892776,-0.8310560477226097,0.6870153041004945,-0.03917219410197446,-0.4663268114563133,-0.18987352175172856,-0.11535538719575998,-0.5417316903987128,-0.04921228146017574,-0.514349167576691,-0.053365559879884804,0.9466045410443873,-0.39540500199347794,-0.3936620312868502,0.4765847105461141,0.6843327093822364,0.2702355584772319,0.12336903104921806,-0.3543180858227364
2021-01-30 16:00:00,0.47001096857219377,-0.6934630601335724,-0.8092981475549516,0.6993570985701699,-0.10995166474463891,-0.44788686117415144,-0.21432742493009643,-0.1393724339179956,-0.4874095440990704,-0.045986135273160846,-0.5262761733434206,-0.06819340691651553,0.9408920327988233,-0.29872234928353253,-0.43411186897513304,0.43762312042369766,0.6493572044888941,0.30217865138907213,0.07718832856816768,-0.4171725494027146
2021-01-30 17:00:00,0.4961550020837258,-0.6881597999323428,-0.7452046559540411,0.6614479966994756,-0.10569085413513583,-0.4256609296396777,-0.20539853481660714,-0.21621632439640556,-0.5205069177120488,-0.06898975478563509,-0.5126222804671037,-0.08231672081426582,0.9727985538063605,-0.3373660048259689,-0.43971932456525514,0.46537607487741267,0.7068301603582134,0.33348068139514847,0.17426647858483235,-0.4281801859106935
2021-01-30 18:00:00,0.4827386339720393,-0.710919805851125,-0.703578672506558,0.6564244891293098,-0.11540026598586339,-0.4325653575713774,-0.16589621998421722,-0.2148570767645069,-0.49334720069152366,-0.09464423370956036,-0.4982689427073313,-0.1300532212288259,0.9766200147176771,-0.342752059571162,-0.4343932023557224,0.4845924601404242,0.6646849506177661,0.39864050556579017,0.15691654897714663,-0.4692159591592777
2021-01-30 19:00:00,0.4958778474623378,-0.6513803433008181,-0.750034213884048,0.5918321929355214,-0.056325375772933894,-0.4572962477961249,-0.1354663744106439,-0.1841632727403889,-0.4120363020604485,-0.08549556226844048,-0.4665769088311562,-0.09824783490173343,0.970170599992519,-0.35926303685426864,-0.41809729741616986,0.5021438456985231,0.6685178270171713,0.3735942119417852,0.14070701477115682,-0.44776555713234273
2021-01-30 20:00:00,0.5005545609781699,-0.6390173825250658,-0.7196757723254995,0.6005251761033531,-0.06799541485670939,-0.4359203525168186,-0.12412850957410934,-0.1969315165251388,-0.3982896509386759,-0.03315814007780864,-0.4678004071902252,-0.11222575467965103,0.9268399627845816,-0.383473931318115,-0.41596339758501133,0.5391030198447164,0.6624349065695236,0.31861512133936765,0.15649724363368878,-0.4426134053668353
2021-01-30 21:00:00,0.48126371284680836,-0.678843793315256,-0.6944363909516744,0.6034366246861425,-0.026149172727957137,-0.4621571190426097,-0.10485416802837634,-0.24381850033090846,-0.4123216039093882,-0.005448440050078208,-0.5075526503573079,-0.08906365633514406,0.9314441302945432,-0.28500883499252694,-0.38986905597188853,0.5471671778379031,0.6430119825451268,0.33567188319977376,0.13348592080766591,-0.41916950920575735
2021-01-30 22:00:00,0.49474954541473926,-0.7179840132900445,-0.6753176447930814,0.6454437130299272,-0.006556937199028636,-0.4682094150565462,-0.09111292564559528,-0.28777658818227037,-0.37815595550520137,-0.007906483969890257,-0.4957954938249085,-0.035618998267425456,0.9072489126169596,-0.3142363818214344,-0.4178394611254653,0.6045029581696543,0.6394389116134778,0.32699668845375657,0.1656062112718587,-0.4077991969753826
2021-01-30 23:00:00,0.5217710632783857,-0.7142550921689673,-0.6523084717997583,0.6475382782093944,-0.009501042600703325,-0.4453722908552774,-0.08418521946505766,-0.29591475931886757,-0.4211637360357449,-0.03431535114494011,-0.5399196851525302,-0.09831186491219962,0.8252652200068646,-0.3308026961875937,-0.4192204728881093,0.5689338826971304,0.6506722280727983,0.3196654285576639,0.19210645490373454,-0.37451118076575135
2021-01-31 00:00:00,0.5794164531049532,-0.681690320529652,-0.6897514230260792,0.6504694411683611,0.044403621089312034,-0.43307369010347146,-0.10141081799070678,-0.25737374425330745,-0.3966240668840958,-0.05540749418223906,-0.5726390098201231,-0.07685965404280412,0.8496970274262341,-0.32283338483516105,-0.3965306565137884,0.6088310424087272,0.6035724612706775,0.28859934314465474,0.19890929467174226,-0.40850443338082415
2021-01-31 01:00:00,0.615383645442579,-0.6385429499003683,-0.6741305735447112,0.690322667654317,0.06719099243291193,-0.43079558887290337,-0.1133507731243656,-0.23752097016003143,-0.43446198873680364,-0.07795527196917973,-0.5557291626813401,-0.1092447761981572,0.8036728909668012,-0.3225782657241575,-0.38677310084676475,0.586425045412568,0.574970478505199,0.256745997790715,0.19231551038568237,-0.4192450615066811
2021-01-31 02:00:00,0.6211650678533057,-0.675065366339967,-0.6216076153741703,0.6391550327046,0.04132156123330183,-0.4653939883283712,-0.11331268014711143,-0.22379176736687298,-0.46542505384861205,-0.11069619303620366,-0.5689680035469673,-0.12601822035004479,0.8119354027671671,-0.3627041338282048,-0.379973909413285,0.5931219885031228,0.5453011151444123,0.2398419513631619,0.24726151498369425,-0.4461129311368001
2021-01-31 03:00:00,0.590106318212912,-0.7036774554736286,-0.6196722594143697,0.680535689231135,0.002125517296250219,-0.48007593986039754,-0.11588635226400068,-0.284349725359633,-0.44799982819043416,-0.09190683662258627,-0.5765006087918239,-0.16825310018623907,0.8176738477240577,-0.38319428834467556,-0.3577734167328143,0.6280353123663092,0.4998860102084326,0.22063450775445914,0.2462207870256123,-0.4602937993048779
2021-01-31 04:00:00,0.6243918558449044,-0.6988605517355514,-0.6123355122267019,0.6920943727258946,-0.037575757823681145,-0.4752457749552998,-0.09863318569140568,-0.301613466023285,-0.3882317490541821,-0.17899846479773568,-0.5609526479322476,-0.15410774677569902,0.8491829673315396,-0.39805660556284106,-0.32673177303391715,0.6533594431605109,0.5159875696409663,0.21139767428556835,0.28278578941578514,-0.4834828793726474
2021-01-31 05:00:00,0.6502448157064508,-0.673219986138072,-0.6153484991122621,0.7154065297315509,-0.01759613527016336,-0.4888742314067222,-0.1351489927424559,-0.25331787589623567,-0.39720041644845927,-0.1904387355346067,-0.5558359357647984,-0.13857528020337762,0.8607803747675693,-0.42781784073769263,-0.30769493293069883,0.6603025295211875,0.5161135770444849,0.22374647992446078,0.35375414850684883,-0.5075965910906294
2021-01-31 06:00:00,0.6785038075162404,-0.6273011635998338,-0.6153977700677675,0.6988925501143932,-0.0042987490726546645,-0.4639213938442624,-0.15404715269659183,-0.22277966397261278,-0.38018027356683626,-0.1620533041486256,-0.5840693490830605,-0.10606964220717188,0.8622512124781037,-0.39868101377891835,-0.2981587625909379,0.6804358614497023,0.5337700062941436,0.19308818637293607,0.34874404755533756,-0.4713022784771621
2021-01-31 07:00:00,0.5994284855420308,-0.6172180228716774,-0.652666579545343,0.6697167140077793,-0.03798853451103178,-0.4588439899257633,-0.10416503252425624,-0.23976258103263962,-0.3881442937450287,-0.17246481441139302,-0.6119510966255184,-0.15240617378803908,0.8587223920310931,-0.36924103844057343,-0.315551667019938,0.6931114738919694,0.5933660584210243,0.19068459986921762,0.31747588236742047,-0.4688311585328869
2021-01-31 08:00:00,0.5510740896762631,-0.6183734331122465,-0.6787613114261847,0.6963821178392388,-0.02700324137792376,-0.43156404957228517,-0.11260615945163022,-0.21170069749455406,-0.438192856442362,-0.13602301243888004,-0.5906581600836426,-0.13883173063260215,0.8592790840535548,-0.3965966114128199,-0.35544886149639543,0.6648578177133995,0.5715862570874716,0.19208492469296648,0.3258308146147127,-0.4751528044848921
2021-01-31 09:00:00,0.5378243543374592,-0.6153737421495853,-0.664473703248628,0.7202112037338696,-0.06290932322727222,-0.4177931993062088,-0.12110884740084421,-0.13467721250179712,-0.47286243216390444,-0.11731134940412816,-0.6052381221452492,-0.16181283499784566,0.7927514836718731,-0.37794708571685076,-0.3573249768984033,0.6668277268911806,0.5600053533508376,0.1985894059111015,0.2768662600524596,-0.48787199910003426
2021-01-31 10:00:00,0.5104211718876507,-0.6069921610126292,-0.6807766226210021,0.6922618450382847,-0.08816517485385159,-0.449765507006781,-0.05044683361922324,-0.14786904933585582,-0.443628763320486,-0.10286782878502351,-0.6228723713356922,-0.20357478473596358,0.7990945532844345,-0.3615042036174463,-0.37636679912390086,0.7038781270438974,0.5483786125799202,0.17964944719306303,0.2933989054835756,-0.46944966297151225
2021-01-31 11:00:00,0.5392719126168163,-0.633982793582229,-0.6432007275352701,0.6893242060157517,-0.08771728391999567,-0.4625022063565521,-0.07595034342383492,-0.15048728139489703,-0.43524332577682506,-0.06818103687658433,-0.6132653682720685,-0.18795067520474323,0.8156752950527567,-0.36143251689453404,-0.36309473592323405,0.6858903217603798,0.538349566980763,0.12053820449988725,0.30767290959957194,-0.45891988663749705
2021-01-31 12:00:00,0.5854301575230875,-0.6348933928180008,-0.6231575132961243,0.6807817585301656,-0.0629238203910416,-0.4194291152478677,-0.03818239558735069,-0.11791394624708351,-0.42652245323993354,-0.09691844770773281,-0.6374756272849228,-0.13325639491445668,0.7819210760915399,-0.36298734552458545,-0.3893039836723236,0.7064780261099008,0.572256422695038,0.12404009714351136,0.304548796919105,-0.40136307057503845
2021-01-31 13:00:00,0.6378991478139865,-0.6345724305828765,-0.6752917284549144,0.6685810033098665,-0.04181416690371359,-0.39244744003003956,0.04173816596927981,-0.1719807443890745,-0.442185747871362,-0.08636322342564279,-0.6455521111341942,-0.14655762275089032,0.7468610994885495,-0.34768435533099357,-0.3922238068254448,0.7154104234362368,0.5799716621731823,0.08729008745820946,0.3363936702748683,-0.3914423752826822
2021-01-31 14:00:00,0.6763091354287968,-0.6468666747511942,-0.6606708678866329,0.6460003098026303,-0.07179022346608394,-0.33980988171900667,0.013614286203709147,-0.19590275575933216,-0.38700667151499146,-0.06794568404857891,-0.6174582073411893,-0.17917497734303753,0.7487744920167417,-0.359579185343817,-0.46270545015375364,0.7281432049238583,0.5926125176522418,0.08871049476470877,0.34569553856191165,-0.40750828617481166
2021-01-31 15:00:00,0.6923100629551143,-0.6570114492529148,-0.6592275758398709,0.6310900155232437,-0.11017129006590744,-0.3848031043971974,0.011021297435619562,-0.18268683872171046,-0.4117039735837255,-0.03001265213186343,-0.6132342874854712,-0.1433960986256483,0.7834624565532523,-0.3336448085579348,-0.547778385583336,0.7376229826916915,0.6106912284667035,0.08012629878436522,0.36168544677095527,-0.4092021563944368
2021-01-31 16:00:00,0.654959923684143,-0.6173458967011799,-0.738847067647944,0.6354869694838777,-0.13417155208412046,-0.33482386675721315,0.0018289045288558039,-0.23914889710994805,-0.4110709143476159,-0.06101008662036633,-0.5508071850246893,-0.1428338384240947,0.7906207334986416,-0.3141043187260785,-0.5605871960970535,0.7143743640241202,0.6195710277865598,0.06717352023025414,0.4022203888391992,-0.42582820245373126
2021-01-31 17:00:00,0.6649681107879415,-0.6055337083372018,-0.7585567442631627,0.6566588497438266,-0.1303236812778047,-0.3332871877564431,-0.01262824775263636,-0.15496866053894243,-0.4183215357502086,0.009474724681294476,-0.5367925553339535,-0.18759347893195177,0.7787036846672156,-0.2796359850962104,-0.5659893267236529,0.7090743139079428,0.5691114805529014,0.07482571606921117,0.4075180609862965,-0.3917686399553134
2021-01-31 18:00:00,0.567853511867094,-0.5932714391702244,-0.7669729684902858,0.6503880907032619,-0.18156351240570573,-0.31219184146927026,-0.05623297040152444,-0.10750526743085112,-0.3969263457089914,-0.010728125957698106,-0.5652531571472775,-0.21859114714612493,0.7478033266082538,-0.2896902667158164,-0.5669950776626518,0.7070430799663184,0.5673528964441297,0.034837225200574494,0.3538066364000671,-0.36389372766955885
2021-01-31 19:00:00,0.5646072030319857,-0.5841304918803101,-0.7779059724000931,0.5913819842593416,-0.1926866060898868,-0.3118452847000048,-0.0493147183443057,-0.09640661147100209,-0.44486600217319394,0.008423985578513267,-0.5656073348334115,-0.1393770373920002,0.7160263994534644,-0.3024774388009379,-0.5886442297306896,0.658183261460249,0.5852865057276727,-0.029537935146536153,0.3278504768134732,-0.29186059346166693
2021-01-31 20:00:00,0.5424441971449658,-0.5641671819847895,-0.7643862002616968,0.6016166775024185,-0.183558301198562,-0.28313436254536406,-0.03492234204007921,-0.0813841681738643,-0.3923178739143727,-0.0408419415261619,-0.5280235368693228,-0.20864533430754362,0.7352488446882917,-0.2826161775719862,-0.5442484484851959,0.5942486320696566,0.5962125637797839,-0.00772575206830298,0.3768316530373657,-0.23495235508719342
2021-01-31 21:00:00,0.5719799859003987,-0.5139284607207529,-0.7836715753784599,0.577082015824048,-0.11630912838115287,-0.26967663387408136,-0.029285228876616325,-0.0929948166723042,-0.3899847862576493,0.005065944417374575,-0.5702018527729562,-0.16615479315127377,0.7596605334950662,-0.2691640297959843,-0.5314672592886106,0.56561181470459,0.6155532021300723,-0.001975551316029539,0.34344631572916007,-0.2544482674664417
2021-01-31 22:00:00,0.5986417668714415,-0.5009961897382001,-0.7918384276363309,0.5594989246109178,-0.0957358060875965,-0.2843006591080876,-0.038944944751617167,-0.11211955489115363,-0.3867266043387919,0.04078422293373303,-0.5661276401260765,-0.13315975460706556,0.7925047505705552,-0.24528894883481164,-0.5319583164911426,0.5581716033787978,0.5756672118281786,-0.0004182338668560219,0.3290209023893796,-0.2944420258296744
2021-01-31 23:00:00,0.6374174772750881,-0.5453602582584078,-0.756919243224793,0.60938047816555,-0.04826520941672043,-0.2736408011783223,-0.06841298049423847,-0.14456807703111826,-0.34259229920810025,-0.00867035156417395,-0.5328896871393476,-0.1371513444151513,0.8181003424865864,-0.31616292923287814,-0.5483683639414396,0.5591718393630325,0.49403025550996943,0.047116289036510196,0.29638729870817593,-0.2917445065253807
2021-02-01 00:00:00,0.634502423984293,-0.5783989199606545,-0.762835877914619,0.6076968610022305,-0.02347525296526438,-0.25891789147778427,-0.020529886959730285,-0.14095824375403396,-0.31060424342259385,0.021886860703420316,-0.5561151148980601,-0.11767109546215876,0.8204128736552438,-0.3697200987032807,-0.589288228308759,0.607908838064129,0.4772259523887005,0.031147993529464475,0.3418062354597929,-0.28360322168381213
2021-02-01 01:00:00,0.5935596882439232,-0.5645824299101248,-0.7502363414003751,0.6294598929107305,-0.006248566404280009,-0.24256141525298736,-0.008970819095264874,-0.12003832939556291,-0.2785384663317016,-0.007010655805813115,-0.5574124790514065,-0.11927941231794147,0.8045135952600098,-0.43499078774682054,-0.6159918602814041,0.627943398160658,0.4835710252612931,0.004352673452833102,0.3232553055226665,-0.28070683057030543
2021-02-01 02:00:00,0.5930927577708734,-0.565918668137421,-0.7249636663206481,0.6423119714127891,-0.050920450431003905,-0.2785163887145485,-0.0025379951035542723,-0.15396718295795472,-0.2624431282890865,-0.008095240749386688,-0.545284775461726,-0.0770017260680555,0.8018342482473754,-0.42462947191156303,-0.6806600164513779,0.6116354545489423,0.49527624537879017,0.005936755946832387,0.3018213359852392,-0.2486990987033219
2021-02-01 03:00:00,0.6314332738665445,-0.5830675419729818,-0.7260569991331712,0.6658227827039497,-0.08614463113652866,-0.2684480883682543,0.03446148585574673,-0.16892041163292174,-0.26378559627423026,-0.017936017660216762,-0.5163252823590165,-0.08240573048677342,0.8090606137885147,-0.4034381507112054,-0.725833077027906,0.6780211958297254,0.4619415303129878,0.03405559826321786,0.2805378128057114,-0.23501064069862632
2021-02-01 04:00:00,0.6324153102018847,-0.6127277581783648,-0.7977951739425436,0.6794210090838129,-0.08722332461786585,-0.24805213825000172,0.07077111012381715,-0.17388425947455263,-0.3227946387118977,-0.03891958488766946,-0.5145325315812957,-0.13177625814063726,0.827730713293981,-0.45426767751245345,-0.7082646800333631,0.7158848966542456,0.46602066333340025,0.0700971017519239,0.30881302357489615,-0.27061218153219213
2021-02-01 05:00:00,0.6477294116635903,-0.6873999463956777,-0.8189854405979967,0.7165474432725532,-0.05795750184478761,-0.23559010598078098,0.05829501545132938,-0.19767956785984075,-0.325389716269667,0.018226489537899397,-0.5274442418352611,-0.14498021001197892,0.783303374684096,-0.4582882805694674,-0.694908445326585,0.7110461499664865,0.4079660999441342,0.0731682876543228,0.30945681951922754,-0.27455264974454063
2021-02-01 06:00:00,0.6708294697956669,-0.7300984386758667,-0.8130289764937094,0.7232786540786807,-0.053419518101743814,-0.3090970777530727,0.02779951152860367,-0.18833572434043147,-0.34230300400397184,-0.01277324551540281,-0.46192893993381606,-0.1778335768539002,0.7769282927095045,-0.4414861431932497,-0.6531820841055381,0.7484640874853707,0.39584869976626724,0.045943478599046766,0.31663089179871523,-0.285355679688117
2021-02-01 07:00:00,0.7216334405827799,-0.689689402459592,-0.8340489766530916,0.7190661677129583,-0.013710582141021006,-0.3565662201155575,0.006666390303425588,-0.12274122327067742,-0.33777868924880594,-0.029823950490576543,-0.46431517206534656,-0.20463898093936037,0.7593189333851421,-0.489135713153191,-0.6680647163178045,0.7145545454324446,0.44075564514860577,0.025050735001857217,0.3105106410553216,-0.2754827023421891
2021-02-01 08:00:00,0.7700438642603284,-0.6847967172616822,-0.7852888082238558,0.7091073881216216,0.011912966519450813,-0.3428104211455248,-0.013430726800263994,-0.10939635269522667,-0.3094185534498356,0.026488177140062234,-0.4363104703150486,-0.20283302100377126,0.7602775903231535,-0.486817381732912,-0.673995696513914,0.7049973544892023,0.423661810965399,0.01864600650645457,0.2162951884243358,-0.23446204136486418
2021-02-01 09:00:00,0.7039977181989818,-0.677504893119624,-0.793728450986751,0.6935096034434827,0.03478438683861864,-0.32106253735389206,-0.029955666892283593,-0.13735432857477808,-0.2984861104040817,0.027458348636499656,-0.47154876725573014,-0.2294564513462196,0.8067719453541579,-0.422985675561694,-0.7006604993773993,0.7265286238264994,0.42877395622399467,0.11635018218077399,0.19800033546185328,-0.25060296873563237
2021-02-01 10:00:00,0.7174126858592752,-0.7365443722224564,-0.8100258687485384,0.7181333352092699,-0.022500828947467987,-0.4043285334281626,-0.015038333153325898,-0.10936954842295493,-0.24790170950497503,0.07201001301989622,-0.4749869237557258,-0.2562916633273754,0.7300575125377539,-0.36772614040139656,-0.7056539517558762,0.7165604419616467,0.41860226511509135,0.10723764397224031,0.20238882243448555,-0.22913982681165873
2021-02-01 11:00:00,0.7209953360451866,-0.7707159812023802,-0.8620660930667768,0.6327413138461778,-0.05845047767577903,-0.3712599415176276,-0.050656959852820045,-0.11776113322055015,-0.23829781093619806,0.0886332091475398,-0.4634849915299006,-0.23810387755069673,0.7222405103441633,-0.3493824004182479,-0.7457524190408672,0.7195830780848239,0.4453869303861873,0.11112782645334952,0.20195699753594554,-0.2173187107838037
2021-02-01 12:00:00,0.6405184797156462,-0.7584670482660646,-0.9001319849145085,0.6332211718104221,-0.04131103412107739,-0.39522299227684693,-0.03771465648791017,-0.11088423767656395,-0.2736281938303678,0.10741817595547357,-0.5087908438287231,-0.16998002647765648,0.7450665591420114,-0.3567932581975931,-0.7309149142977608,0.753051811491088,0.4310276052660209,0.09198535938933511,0.22041000539929378,-0.18144695174198464
2021-02-01 13:00:00,0.6467628188707483,-0.7758975557845226,-0.90996301792084,0.6772731787183791,-0.0400881770102769,-0.37939255166115726,-0.0335372170556301,-0.13789072171066435,-0.2966262122669435,0.0969988930547546,-0.5847992502531366,-0.1475476088723666,0.7370011407638075,-0.3597477036795289,-0.7864706106110684,0.7411110418888108,0.40791615043487817,0.09069213702874152,0.24009975467268724,-0.19488178911555232
2021-02-01 14:00:00,0.563549876856826,-0.744996427055003,-0.8949893459454388,0.6735602359545521,6.961260443270195e-05,-0.3626522397118283,-0.08171203409647886,-0.09904233453258435,-0.31825254262238917,0.03613085063128359,-0.61721388893604,-0.16769059191151822,0.7141503311896362,-0.41342860542223914,-0.8316313005385139,0.7372388686205814,0.43124617286575745,0.05707461843424318,0.19678895688429665,-0.2534982312764633
2021-02-01 15:00:00,0.5360776091730362,-0.7948215425362672,-0.9022529207677189,0.6593331838606764,-0.015350395357451288,-0.33819808508850896,-0.09322145650760341,-0.08500177535060603,-0.34446778649874743,0.01492267932567615,-0.5855162351913645,-0.1665703567727937,0.7009695785035864,-0.4599391138372499,-0.824746263996042,0.685819602520053,0.4131282935362822,0.003295152952263375,0.20332503364074303,-0.260938961383292
2021-02-01 16:00:00,0.5597697730974911,-0.8302837853603705,-0.872522225489994,0.7001524265679304,-0.044039384968450605,-0.3648137197111431,-0.08046786810477786,-0.07997643168418161,-0.3683292251937064,0.03438285280634338,-0.513545829170676,-0.1470981413699202,0.7109354570237072,-0.5000012405216785,-0.8128578132650369,0.642356642362459,0.40796553261116747,0.02716283248911941,0.13532938715209342,-0.2903443669757713
2021-02-01 17:00:00,0.5542473349682624,-0.8616343923549827,-0.8324958221612867,0.6771301584546868,-0.015002260856053166,-0.393582345892689,-0.05790103289128645,-0.0789598859216959,-0.36869103486296767,0.02515865551861441,-0.5409387969533697,-0.1472886605359202,0.7078714848995186,-0.4694264782085988,-0.8645192945659275,0.6009103865104211,0.4038072355687853,-0.00732523583461351,0.15483146233370162,-0.2997616412419573
2021-02-01 18:00:00,0.5089982953345782,-0.8738736103961973,-0.8127294422704234,0.7183948680362057,-0.007578255473595356,-0.36860191478657595,-0.08222535736678188,-0.047784044238029476,-0.3609447217192209,0.027190085227296365,-0.5163632466773446,-0.18562564943393373,0.666570229814844,-0.46575446038067436,-0.8621115246992175,0.5613335459139577,0.41375632919123906,-0.009511395212381063,0.24619075719872185,-0.2721880172098581
2021-02-01 19:00:00,0.49639621043649373,-0.8542409988484884,-0.8001459501202239,0.6440254722114875,-0.07696789251804549,-0.4149571126409108,-0.011395778055595052,-0.05933127079076073,-0.3897549022198414,-0.02777543564944208,-0.4468051841963083,-0.19386796293052513,0.6539497967130851,-0.46976851757247917,-0.8786094502529656,0.6155103567232616,0.41234622293182643,0.06660910895577915,0.25436303177490915,-0.3172426062667011
2021-02-01 20:00:00,0.5094626296097879,-0.8396071749411211,-0.7871682039164766,0.5745184365104967,-0.08954817065559449,-0.39378272209928467,0.040757169758474016,-0.07393281940491629,-0.4203224460189155,-0.048318561700039286,-0.42393315520962754,-0.20527226257227776,0.633300337660782,-0.44791872097363594,-0.897903539185105,0.5937197154000038,0.3905586903710919,0.06905614125717198,0.26476397236259214,-0.2638635697878598
2021-02-01 21:00:00,0.5119314494583856,-0.8770934068242846,-0.7706048038902281,0.624410736543682,-0.05544269595642661,-0.3789975899563405,0.002518133068676813,-0.09004618260097677,-0.42186241235629746,-0.04760127541552553,-0.3703447563683648,-0.19651011225176912,0.5965019116308413,-0.4232678604182013,-0.913741707825959,0.6088580778708004,0.42447151259431476,0.07376142303378416,0.26800091221640576,-0.2917169302511481
2021-02-01 22:00:00,0.4896480658310585,-0.883675645639812,-0.8097321576249847,0.6443702048439569,-0.07154249239117508,-0.39499243851081167,0.004689809157694963,-0.08129307264270234,-0.4439043828049953,-0.08853781176116428,-0.3719208991362168,-0.21824522218566925,0.6237539602207846,-0.44301718754483105,-0.8921049127911648,0.5719668277336339,0.4465003817345575,0.1287378240550744,0.2873549649220394,-0.3131844931967219
2021-02-01 23:00:00,0.4979590572066334,-0.8586120915453429,-0.8477106153271394,0.6235738830164858,-0.058295007488113976,-0.43023062550492114,0.02918874317381341,-0.1422076254253622,-0.4303276001390968,-0.0394593004737717,-0.3872212395617375,-0.2359660285996572,0.6057365615103438,-0.395569707066063,-0.8878384626685245,0.5708619651572369,0.4155424308166369,0.055480060042945464,0.24260078130396556,-0.31693346259966004
2021-02-02 00:00:00,0.4783651476081554,-0.8664577872320421,-0.8473102527533005,0.6122697113757355,-0.003545186091660303,-0.49000212746672334,-0.027334303833044325,-0.11975708976489725,-0.4002497363045515,-0.07005597267415704,-0.36709790544603765,-0.25804393021540956,0.6014324341444,-0.3646504396460749,-0.8640965268458987,0.5777155893434023,0.34979698624493244,0.06845787054948567,0.21103482422125627,-0.3018170956976861
2021-02-02 01:00:00,0.44720544325672856,-0.8704297013382054,-0.8293408213894163,0.6775172749686452,-0.006830738347047805,-0.5342080059260356,-0.006510469082293562,-0.06113773396546165,-0.3963382713012274,-0.014041672614277995,-0.38865786814388253,-0.23834786895128907,0.5223315691701846,-0.3021001947391155,-0.858993698641119,0.5322892598572524,0.3517051554919768,0.11062789100830522,0.23103196259557468,-0.35637057967326735
2021-02-02 02:00:00,0.44078423341119816,-0.912981635630871,-0.8181027908648606,0.7065296250126348,0.005295470342396704,-0.5369365161709104,-0.02563564563134579,-0.06496222412631217,-0.36826223085461945,-0.0335392260446912,-0.4217610452954016,-0.280858508416741,0.5223374455211036,-0.2840811245029213,-0.866505103399336,0.5270344486670979,0.40586955262793906,0.08215982111857625,0.2545596404515964,-0.2867153250815966
2021-02-02 03:00:00,0.48428097695888483,-0.8931127086866468,-0.8545087506797856,0.7384799546550634,0.03032273664508897,-0.49383147640002356,-0.0026170527441784254,-0.01421629600841081,-0.3643501120673866,-0.10406019134097534,-0.43184136458981015,-0.3305930590905444,0.5264634481858324,-0.2771223082712953,-0.8741272129144976,0.5143274347270126,0.3810126860073991,0.023624798163771804,0.24462105487250083,-0.2531307083506217
2021-02-02 04:00:00,0.4986362936268717,-0.8660266872770017,-0.8208495450511947,0.7171265706324372,0.003950145522267461,-0.5132300874622854,0.04848382360421789,0.0012136674974740792,-0.38302131842366277,-0.09571544536676113,-0.4329865986072502,-0.31591695596377983,0.5425178854483026,-0.2820548406070822,-0.9125530251551546,0.49591533609608873,0.3759810634500314,0.009565707383482502,0.29271261754506084,-0.250724797484317
2021-02-02 05:00:00,0.45750298583103166,-0.8538672921767089,-0.793112728368677,0.7208289555461045,0.005339216608089062,-0.4881272200883896,0.13804494085468205,0.032767784857590444,-0.36334728534047384,-0.08949735630631737,-0.4181953413960051,-0.284747736326379,0.5449817235664122,-0.27885151229051014,-0.919576211287435,0.5016929231668155,0.35999576646521947,-0.002437708041486606,0.26479600769498746,-0.26803721949063425
2021-02-02 06:00:00,0.4579001928614527,-0.8694798995870167,-0.7794596506992177,0.7439585831359351,0.031623399595965475,-0.5010991927140279,0.15259639722553442,0.07292253154553135,-0.38087417312795224,-0.1287148659754248,-0.4095891669336398,-0.32042383194149743,0.6021175532401618,-0.27186395145626524,-0.8751502063247034,0.5247775990574165,0.317389273172579,-0.051025105189004466,0.27808129463993836,-0.2607884021777849
2021-02-02 07:00:00,0.43525550460765977,-0.8421638677240968,-0.7578585082728789,0.7475614562948597,0.04977307597288213,-0.4420636115894399,0.13377752528595824,0.11634072613518306,-0.3519464825072977,-0.08250599964755528,-0.46466774208460443,-0.30011022713387675,0.5315284467567881,-0.26624314902610524,-0.9236011128405931,0.505485668473962,0.30906697346936934,-0.08763527475473629,0.25722518334709127,-0.24221962511708225
2021-02-02 08:00:00,0.40821470971987817,-0.8864231412111502,-0.8348296405317185,0.7646169147915369,0.020767329552733006,-0.4553043801718072,0.13921952062902931,0.13573994198696582,-0.30269536499687905,-0.10589856492676593,-0.4300908172376886,-0.26679756525181597,0.6061183361260856,-0.22736002895318305,-0.9054833588625464,0.4205912721175914,0.33040170122604545,-0.055828188824239205,0.2690704760897245,-0.23187218303214843
2021-02-02 09:00:00,0.4407396796751192,-0.8963816003487197,-0.859225581491367,0.7574555328760809,-0.014236236529032976,-0.4723273647713825,0.06790289447009693,0.12205332503231385,-0.27766239286109556,-0.11685831389990589,-0.41996092702553217,-0.2573716721564689,0.6144485309385956,-0.2575596579950855,-0.9536419365162241,0.44018374046779574,0.3469324297547148,-0.04237336730067289,0.23251424215529853,-0.23914978374751455
2021-02-02 10:00:00,0.44273744568054324,-0.8998261210977567,-0.8572518614487797,0.7891599983056249,0.004012616029641631,-0.4640925327188107,0.0840942067763083,0.09876327058149947,-0.29040662000802386,-0.15450590541161863,-0.40530830470679075,-0.271886789070068,0.612331863276017,-0.2918073275264507,-0.9021753222941911,0.46858251068887347,0.3535806379957078,-0.018600220844661078,0.26094106902780595,-0.25759910950420567
2021-02-02 11:00:00,0.4481558586491918,-0.8971252159843398,-0.8790057504077132,0.7974639563244531,0.015608845408036311,-0.5091086392463768,0.025196651391434732,0.02206822575199248,-0.31252429529134484,-0.12902330289215191,-0.43580998297417844,-0.2941169377340877,0.593107420757495,-0.23107449985608197,-0.9382673247238476,0.5153076375410649,0.35161492115887405,-0.04368419160057781,0.2398348906119023,-0.25123133891235394
2021-02-02 12:00:00,0.45885568951983463,-0.8774263987684541,-0.9442948512458922,0.8031170449545263,-0.004363620808257328,-0.5549778289338341,-0.0077643247332256846,0.010427674370752272,-0.3079863153483586,-0.11185501091640386,-0.37564427335891865,-0.29104397088800543,0.581515314065011,-0.22708586456813737,-0.9261276067749579,0.46756036047129157,0.3095493474959416,0.019399248001505193,0.18064503404692678,-0.17446031594430328
2021-02-02 13:00:00,0.457023034235467,-0.8750184126392182,-0.9800060439315433,0.8135360285683105,-0.033837820969844,-0.5370625366145676,-0.06003483384782364,0.01869133652272384,-0.28207771800600906,-0.18407449626442596,-0.3528539347903832,-0.29958075254103583,0.5644886841115381,-0.2157785495332612,-0.8976216692658975,0.4534011847699058,0.34566433645162564,0.03661183094138536,0.2315292660620609,-0.22051252320155498
2021-02-02 14:00:00,0.42524289998881587,-0.8424408431789658,-0.9124790361287991,0.7959033459837879,-0.025421369529713904,-0.5803466824676333,-0.016265240892760727,0.019695780727932866,-0.2870828470899051,-0.21387358167366155,-0.36234798361545023,-0.2823350354111452,0.568392018445763,-0.21111521422377408,-0.9403985463505372,0.42224771207608125,0.3426476634080533,0.08117834499947528,0.24411960401134652,-0.22646207174128344
2021-02-02 15:00:00,0.4505325287873697,-0.8531812290885893,-0.866262459601998,0.8576067291366561,-0.01576292743064197,-0.6187158694906821,-0.006155358734440463,0.03525786822447284,-0.2418804581856592,-0.222846296207171,-0.3916656478687808,-0.24510173133140276,0.5293149304591895,-0.26946265621982435,-0.9845916654095902,0.421423701689307,0.37039243105541686,0.06490701213592469,0.31193704804488553,-0.2076008895445985
2021-02-02 16:00:00,0.46427745766774686,-0.8305087297978857,-0.8234935175549097,0.8481200379759704,0.007449073642088702,-0.5519984045150022,0.0022039902436670642,0.0730376127015829,-0.21442225379142515,-0.2514172972772275,-0.4438354974828736,-0.2780523645590508,0.5385583540465951,-0.3004229101343644,-1.0414696986215537,0.3870137587134216,0.36538498075332265,0.038256931386633004,0.2693785632081128,-0.15485115533514374
2021-02-02 17:00:00,0.4674631227058708,-0.7796729704107608,-0.8481364377881341,0.8641427096027079,0.019531187165156165,-0.5632942400366299,0.08367620072948108,0.07030410701959544,-0.21255547527660024,-0.2590366219396426,-0.4154050141247044,-0.2758190463048233,0.5367085024061712,-0.2675801371401571,-0.9866246463694814,0.3674421001025354,0.37800190859592087,0.0304712750248417,0.3019000796636206,-0.15530392592046852
2021-02-02 18:00:00,0.40970071917164386,-0.7400435414680869,-0.8897624547599176,0.9019053753537359,0.011241020103762428,-0.5796377523211943,0.13192931852142192,0.03636444577786734,-0.204990048495463,-0.23828259532220236,-0.3818760069387152,-0.3023869958740216,0.5320911950188806,-0.3000249397130055,-0.9766208268393299,0.36546501271404586,0.416217741690728,0.03369812211365101,0.2729296689786298,-0.15331398389715345
2021-02-02 19:00:00,0.3974800880601758,-0.7768178421294024,-0.8796695277575228,0.8981554565736084,0.007097508843310848,-0.5436569989086263,0.12699511360771717,0.018040168757842465,-0.19429898032763973,-0.25371919429364465,-0.3958399536250594,-0.2927034845975908,0.4589694219066712,-0.33426242972808123,-1.020367272006695,0.3259858635184062,0.497008550553821,0.045246324223840034,0.2880622946511327,-0.18350186949392727
2021-02-02 20:00:00,0.4387863022137725,-0.7577440403888032,-0.8226394109579003,0.9309077521137511,-0.00419543783770832,-0.44877065533470345,0.13444867467658073,0.02740498328744683,-0.1872008832598292,-0.22154531194596955,-0.3832915755313001,-0.2993782369098849,0.4486355978175326,-0.3190872713636883,-0.9881513393833762,0.3739825878934038,0.4392477179889084,0.10882215594070777,0.2691608190003471,-0.15153789664230305
2021-02-02 21:00:00,0.43846864846815814,-0.7693636042082576,-0.8082851918810297,0.9285954555058046,0.03295342305507037,-0.4353364902616672,0.10976609954861818,0.014682970382118776,-0.20143580890298,-0.19080898505483704,-0.4026952100137266,-0.3069194760055337,0.4925141914331333,-0.3212318153171888,-0.988918983668616,0.32876592949659106,0.40655163839137565,0.15773554120485161,0.26347861013782276,-0.12682729931873968
2021-02-02 22:00:00,0.4523932074341437,-0.759545106402273,-0.8342945900557162,0.9303444093780577,0.07658021673426846,-0.40485222120559583,0.05772563286594849,-0.0022811169419289182,-0.1571670629285317,-0.21344912228492036,-0.3630015331876401,-0.3205523036539752,0.4832442752466611,-0.3424366586561652,-0.9476540843184469,0.34183000697163185,0.4467444403282763,0.13734488384370552,0.30230031580517486,-0.12724195564677052
2021-02-02 23:00:00,0.5037834675995178,-0.7280669338928587,-0.8358100060377728,0.9509550964604533,0.06047354905422128,-0.41052168637203923,-0.022213287126021802,-0.0015589650516648875,-0.137586007487305,-0.22587360908308132,-0.3828508276154747,-0.3228630507820231,0.46396804336842185,-0.3736052552229928,-0.8951490134355911,0.37813684153841115,0.44831133458939076,0.1470896950526351,0.30833318349844774,-0.1752595703776209
2021-02-03 00:00:00,0.5100958856136815,-0.7351053253734348,-0.8540432333048387,0.919430800945573,0.06373679794515885,-0.38520032529233955,-0.033064963859368204,0.010428013415894596,-0.13369453603525097,-0.1966021109765799,-0.4190871318979722,-0.37126935163386277,0.47401548600286575,-0.3773555432221798,-0.9385714322636127,0.3772888529082221,0.4043621668381703,0.12052870126540381,0.3334311181865615,-0.22995415952453707
2021-02-03 01:00:00,0.4565726335364598,-0.7076143434608811,-0.8355784064641586,0.9090659783544038,0.10279668861353529,-0.4214696568849703,-0.02514232773907448,-0.05046677023521402,-0.09843618844159932,-0.2572503014499678,-0.4138159008623392,-0.3565256498216792,0.4626889063896121,-0.3117916698070489,-0.9462963384053853,0.38122610864554324,0.3851597813014421,0.1440312925862013,0.2980542575681879,-0.16989500958915243
2021-02-03 02:00:00,0.43471451747474765,-0.7186568907824542,-0.8342763977918769,0.8513373825909905,0.07400835473022332,-0.3760928835111007,0.009992430875963021,-0.09855073810653225,-0.08362285586854618,-0.251568544974524,-0.39585341179136846,-0.3282038282683426,0.49622751889901306,-0.25611967347166226,-0.9118575228232161,0.35945989360040487,0.3737747106513131,0.1401663683160554,0.28462797203438994,-0.14866395248906372
2021-02-03 03:00:00,0.40762029444348097,-0.6859768591853657,-0.7845253195949032,0.8692802898721214,0.08458453988633315,-0.3893861626562264,0.014569901473910206,-0.11059364795212666,-0.10516082921374256,-0.2666542991734764,-0.43716562537601233,-0.383680897285218,0.5610008654765972,-0.3168054609586804,-0.8804691298446466,0.3738115821915687,0.4174943324791342,0.131899619315154,0.28626166615114745,-0.15128006634640295
2021-02-03 04:00:00,0.3685314162225197,-0.6906075147428482,-0.7741276982779742,0.8456902601574824,0.10103385999681175,-0.3803731058663094,0.09049891100852625,-0.11902266662239164,-0.0978294575619662,-0.24586833419404777,-0.44271865238966707,-0.36468397107108463,0.534431694437756,-0.3158671846754412,-0.8793578720995389,0.41701221989372206,0.39302416534813356,0.1050198534559216,0.22308174770099817,-0.12582110455420645
2021-02-03 05:00:00,0.3137746531346838,-0.6560547543191774,-0.7709915856628503,0.8382343922974559,0.13987193059025876,-0.41272998248906184,0.11294124962152169,-0.19353169682113994,-0.12049539350960695,-0.30750170547373373,-0.49594546567055897,-0.36659123689727996,0.4968713333234047,-0.2767914547532837,-0.878902700644114,0.3829452236870243,0.4164058225406938,0.058618141948750646,0.18366476754393093,-0.15851804648410264
2021-02-03 06:00:00,0.338790094795216,-0.6615207515480869,-0.7569474876339047,0.8408881775716555,0.11811732516919457,-0.41255503823710765,0.1292263739323971,-0.22171174051146544,-0.122742461490743,-0.27667674975305295,-0.4928256884293057,-0.3054481240335044,0.46981271275575137,-0.31281753796124845,-0.8554361970459206,0.39205516723263073,0.430181220026278,-0.015151598641770056,0.1297344544385108,-0.16884765361324014
2021-02-03 07:00:00,0.3763064477127325,-0.6680689564728961,-0.7424355688145614,0.8893342605166699,0.13749360831586316,-0.3837887301832871,0.12302206000701132,-0.22768016579881767,-0.11875542180900718,-0.26859970790504584,-0.4616945216066288,-0.24916504466364012,0.4554651223370948,-0.3228617849983027,-0.8526448010104244,0.37248315186115766,0.43054933397317696,0.03030620470000856,0.11411598992757672,-0.1694041500936089
2021-02-03 08:00:00,0.35505665845336576,-0.6414409383673727,-0.7262768957111416,0.8915286376699896,0.10995516285218472,-0.3327926635850564,0.10709506701104031,-0.2297717745614674,-0.10895172362719967,-0.2299619133870825,-0.4786147961017779,-0.23225405616729147,0.4444936825533721,-0.28363271822203756,-0.8703681870011795,0.2984536184957737,0.40582868998255467,0.08529926535660731,0.15972482882809785,-0.2124120886625106
2021-02-03 09:00:00,0.3341561829790705,-0.6858293388695466,-0.6932441249611989,0.9244957927468793,0.08538791644970684,-0.28178651767424334,0.13589114252213316,-0.25770712751834385,-0.11120176700919723,-0.20508923029166412,-0.5131585899855851,-0.1972983763540844,0.4484048141663257,-0.2608122285241542,-0.8284101365551934,0.3140074594497354,0.3938182187196551,0.09901915607070289,0.17218082813241786,-0.19960950700929422
2021-02-03 10:00:00,0.33000493764298877,-0.6601931770671651,-0.6764389220132871,0.9020544688605798,0.07265691177861217,-0.2523250341954883,0.14224770057736968,-0.21878889020605946,-0.11623308595078545,-0.22301896735480697,-0.4234173549188761,-0.24361514283904168,0.44677809163983295,-0.20355341834035234,-0.7657053865431122,0.2876182401240147,0.36992755446318587,0.06319594142918328,0.20783305678541272,-0.21653394162753992
2021-02-03 11:00:00,0.3331357231723898,-0.6449443387921948,-0.6831294117590314,0.9116405161446018,0.06802148712521879,-0.15735055440751955,0.09146053658011852,-0.2192976258776558,-0.12613463517069404,-0.19272432210915338,-0.4448316988680216,-0.2842311394152113,0.4018012164885511,-0.19939478704906796,-0.7639363567757449,0.24998147253629566,0.3481583101749473,0.04496094510101542,0.1852003631537894,-0.2644790335201462
2021-02-03 12:00:00,0.2851307091057847,-0.6452354412912047,-0.6652685778272603,0.8927396948834975,0.09293299725849843,-0.20377361141148728,0.11473883701259946,-0.22512038438033358,-0.170348650330769,-0.15796973149454796,-0.44949420685742875,-0.29901911264318204,0.47904500197245825,-0.1906032963056763,-0.7476069304794565,0.22576348843518074,0.34051745307063624,0.01836492671782475,0.16524404015991795,-0.3122058688505619
2021-02-03 13:00:00,0.35161285291749855,-0.6475589107696877,-0.6534380343765968,0.8699448357671845,0.0753629890702616,-0.14143239918253178,0.12537126431329657,-0.2481153446967158,-0.16080946528887244,-0.165729839240258,-0.47885647225522876,-0.3077130999363746,0.5190953260497855,-0.21978072717999936,-0.7537088137720269,0.21039579542764972,0.33726410638839666,0.027077824890477366,0.12519857670824544,-0.3248982275201564
2021-02-03 14:00:00,0.32785567704075924,-0.6195141298777506,-0.6725410103276996,0.9072518268441999,-0.003639879568339402,-0.09410618521816805,0.12133186429123137,-0.21745628391536448,-0.1273719121380194,-0.16270415914956543,-0.46711799450652713,-0.3307231332108183,0.5196962027057588,-0.23494264756770594,-0.7425588948773042,0.23093896946777365,0.3253373837773437,-0.006411325266164121,0.1048715738819811,-0.3474352698945021
2021-02-03 15:00:00,0.36444177122955607,-0.5751037175335469,-0.6867175913252788,0.904650102442434,-0.004308811139759453,-0.10764384887676938,0.13908873122690635,-0.2549122678921791,-0.10351199031498527,-0.14135020658775904,-0.4418449841415444,-0.34070563694485817,0.5213286149222014,-0.2675202499191671,-0.7161675392685369,0.2963257045610937,0.35026448291034645,0.03443268405282523,0.1483369596260132,-0.3506617633107039
2021-02-03 16:00:00,0.34796023168903695,-0.5550434651202159,-0.7091887317732128,0.9066937840363433,0.012234993984999516,-0.07559202527305908,0.13968911073500642,-0.2369820311534854,-0.11051335248893923,-0.1743770409809016,-0.4407846264672053,-0.3381807728896498,0.5272555040002669,-0.28784975806390817,-0.7685767047797105,0.32944001516726124,0.3436329559835715,0.011585547173988884,0.13270316634973667,-0.43785173346325296
2021-02-03 17:00:00,0.33635057651937833,-0.5762204786071232,-0.7447674026343837,0.9346792687245237,-0.013731456534599718,-0.07651520216653022,0.14226101137912475,-0.2501819244966724,-0.134092374204521,-0.2058858185268052,-0.46716987971985435,-0.3342129456138874,0.47886484522910144,-0.34612093243827313,-0.7334825968937527,0.32030446044273514,0.40582000431817145,0.013758137486600012,0.1445103515924477,-0.3667712856370105
2021-02-03 18:00:00,0.3267321546162028,-0.5566367044492062,-0.7556420676685576,0.9466883102170781,0.004593013994374345,-0.0372258183864969,0.1631904528290269,-0.2836450089230243,-0.17693298171789063,-0.18220444176169376,-0.43616059904721466,-0.32985051197652476,0.43461763600381836,-0.3658424994905368,-0.7222145025280509,0.2757118517847267,0.3947467247527605,0.030616534685097167,0.17131557936429634,-0.33783944924159454
2021-02-03 19:00:00,0.3496065575820836,-0.5831774932886767,-0.7388823116824954,0.9418591334557085,-0.004932647962398276,0.017433032785910914,0.1512874707150326,-0.31561308863613186,-0.14372387384943158,-0.15102840125261086,-0.40715857294104185,-0.32277983593482856,0.3894070626401493,-0.37966391824933493,-0.705987541866614,0.34319103240087345,0.36169485820261915,0.03561324730524987,0.18653344870626729,-0.3271343277364997
2021-02-03 20:00:00,0.386815544149916,-0.5625111833543035,-0.750426122808375,0.971533828890195,-0.005402371352421046,0.0114672140000605,0.20010596799092736,-0.3057787037897429,-0.12811175001533798,-0.1487251226275494,-0.39206856875008134,-0.324102736561163,0.35852524152914045,-0.46640610686957784,-0.7255097332485844,0.31979449756859196,0.30752787244528196,0.04073708856525144,0.19565992986830097,-0.3692264329030431
2021-02-03 21:00:00,0.3874075116300552,-0.5541173299907023,-0.7676134928249726,0.947224280363625,-0.04160329075633944,0.03925497051495227,0.2681171609166208,-0.3289548064574398,-0.15604649696552605,-0.07513038464988137,-0.33225310621706766,-0.34227857513331594,0.341817314383246,-0.47129845034352685,-0.7924884150714524,0.2562306901033448,0.3216219074145386,0.04931757507278363,0.1429514392633485,-0.38661342718976277
2021-02-03 22:00:00,0.4126806267361705,-0.569548065932488,-0.7791982972132913,0.9539706143014279,0.008856767365409163,0.0356917817954597,0.2527357484294185,-0.35372915986456255,-0.18667070730831983,-0.11426580205372741,-0.33201260895553614,-0.3792483320441712,0.32153881976095944,-0.4453229900497183,-0.7933091875057519,0.2525851597890098,0.3162203290922932,0.02564647118477015,0.08754204857132478,-0.4259085676730239
2021-02-03 23:00:00,0.4055453544627999,-0.6284150957864962,-0.821565435791664,0.9282426200748588,0.03142045970687277,0.04094457752066616,0.313023460483753,-0.37692002129668073,-0.14712169979743114,-0.1562195103507783,-0.3320730041091359,-0.4349862764141355,0.3567998874922922,-0.44230357002886717,-0.7527455570006198,0.2738619169514342,0.3574054883224527,0.04412458840654268,0.034554338590410585,-0.39948237477704795
2021-02-04 00:00:00,0.40737503707689143,-0.6034250588852128,-0.8250607848562005,0.9834860095788215,0.057723736987318044,-0.03512729550924958,0.255906010337862,-0.38461864014368685,-0.15682563234475796,-0.22257519458416852,-0.2933216733590281,-0.4359880325777228,0.31876632583702524,-0.41905329440529604,-0.7537185476839545,0.23860494822234962,0.38596275813070774,-0.01533242198173352,0.06484313370507153,-0.4468677989561587
2021-02-04 01:00:00,0.44461220313973765,-0.6209779748373979,-0.84570457366675,0.9961518901155623,0.05609174645265125,-0.02750960326528723,0.22190838590680756,-0.4238041404893713,-0.14677872055401653,-0.1984326489044191,-0.30004734635868807,-0.40820184827151634,0.31347507712175704,-0.4263688066059956,-0.7559478887420438,0.24205899997936722,0.3829055508245866,-0.02039999159402099,0.048767100463641355,-0.47313958759501623
2021-02-04 02:00:00,0.455702714668355,-0.6363300661740365,-0.8357109830842768,1.0072361921489301,0.05939691347975656,-0.020321475287002917,0.23912081267270804,-0.4511609503010146,-0.08363957992877559,-0.18033586292916878,-0.3025056049856862,-0.4245289786012954,0.33425072847088094,-0.429530153940796,-0.8292854879645073,0.21445442866623743,0.35509484899732696,-0.05175133563107828,0.04978716614988468,-0.49104630934572285
2021-02-04 03:00:00,0.4273347564130331,-0.6957573198913932,-0.8834832903948966,0.9863905548705035,0.062238487282336497,-0.02872150577151765,0.20163760338450043,-0.49133042283255307,0.007458635365990909,-0.18558953025709926,-0.33700086168487803,-0.4052090278656058,0.3521969196852374,-0.43670270168150727,-0.8493500523462661,0.2023460289406802,0.34785889084159893,-0.031149904054607304,0.00645418089989714,-0.5077261788329676
2021-02-04 04:00:00,0.42793424516832396,-0.6884229639528952,-0.9129189860976121,0.9994310541675053,0.03633457987443328,-0.03366789014816376,0.19257971962510273,-0.46741719201006665,0.01470120922338056,-0.13212108712245976,-0.3533021237450929,-0.3880177096271249,0.37238627207956504,-0.46050662737654174,-0.8531866801447893,0.17705689517151324,0.34398652372884514,-0.023402547369216976,-0.02488781475958917,-0.4874802532970042
2021-02-04 05:00:00,0.4292708833094664,-0.6847687535587292,-0.9346975441190241,0.9752216893462013,0.08168088498452272,0.02216974611238106,0.24015052444174767,-0.5152984077508718,-0.016909880013372174,-0.14902259832314046,-0.3023784320504061,-0.4446897279323322,0.36214746235352113,-0.4535088196062383,-0.8475063009996759,0.14662360208615588,0.3178053225729433,-0.026091386534719277,-0.0529071232859292,-0.4575623555575714
2021-02-04 06:00:00,0.41402457932775416,-0.6791937824358538,-0.9176218769280629,0.9774141145438701,0.11180255869044256,0.040689254966930925,0.24572880268983818,-0.5010990032081518,-0.0190036301596258,-0.12177914739928875,-0.29364577785964713,-0.42476001074573244,0.36311211801010135,-0.4260578635176259,-0.8491806699903379,0.1303753394888624,0.3566931228525404,-0.07565564748711365,-0.08452195178593368,-0.444263964157619
2021-02-04 07:00:00,0.3899373457754423,-0.6845037699718012,-0.9595763820770372,0.9500247753433062,0.060333923709669335,0.03799355107752126,0.21749483431845773,-0.4677418877199931,-0.00983191378783086,-0.11403695751792987,-0.23089899622508048,-0.43302347104967903,0.3561772856571539,-0.4307629443804701,-0.8511120869333905,0.07081057620180886,0.3718126920509067,-0.1373669840574936,-0.12096734157499757,-0.43347258970377717
2021-02-04 08:00:00,0.40880715551129904,-0.7223203884060234,-0.9463413747343851,0.9616346027174301,0.04607353720482183,0.039617716691756615,0.19724082736436466,-0.4630816370055258,0.0056483712441008724,-0.12291348729743873,-0.24464147211804524,-0.4008506889273684,0.3282025341118277,-0.43199097414553095,-0.8562776597208972,0.04523042031427342,0.3886903857897236,-0.10705519368736327,-0.07811967824306072,-0.43594888962209455
2021-02-04 09:00:00,0.4157827427089396,-0.7785713115765917,-0.9967023962096297,1.0270229142596636,0.23647733426354267,0.24569520579134946,0.10806335601096324,-0.354991159869175,0.06376715558077556,-0.25171372655985713,-0.1901066903196145,-0.3560758864203052,0.30179862774461585,-0.5233448759492285,-0.9032586704512304,0.19776994626143507,0.29693528546281833,-0.2460485731720181,0.03474406217017066,-0.35316523839929054
2021-02-04 10:00:00,0.43976820384992754,-0.7949894947761788,-1.042800579812485,1.0386996445418368,0.38964292475886075,0.4437562653680841,0.0395772732651542,-0.29490748334783123,0.0883944701826408,-0.3350116910696662,-0.16065945075895285,-0.36256888514777175,0.28738324882678823,-0.5497082004265158,-0.8371013474380984,0.32920120002099496,0.175830968120058,-0.381647610546686,0.08204276825451856,-0.30740500728950887
2021-02-04 11:00:00,0.42180612010725,-0.7599057314440645,-1.0515414067198792,1.0178176442120617,0.5421096768930996,0.5970249091519635,0.008557029911706614,-0.2657680241816041,0.1410391402735851,-0.46545047320260374,-0.1721272903549097,-0.3600595846716424,0.23090190025303797,-0.5436442847533867,-0.8182524987728048,0.4261709952321789,0.1358778831016112,-0.4506180324806936,0.16107787664957135,-0.27658748779902004
2021-02-04 12:00:00,0.43089399372793286,-0.7848872264203585,-1.0827574537287303,1.0210572622633525,0.6928375016367115,0.7536109352426317,-0.06342340080494298,-0.24022979731442343,0.14492409909421108,-0.5565720988014426,-0.13123119294031493,-0.3672667223634727,0.19237373023374388,-0.5987747461308924,-0.8114734854294228,0.5453571120789991,0.07438034728114118,-0.5034628637022743,0.23482189444287938,-0.23780989822985418
2021-02-04 13:00:00,0.4508215429575004,-0.8453752168507979,-1.078677733503571,1.018469864475736,0.7915929517099785,0.837306886747464,-0.14867372002291557,-0.22418446739218967,0.2014536839115761,-0.6814837125975467,-0.09952875410975019,-0.2985226945486666,0.21137643127383188,-0.6115386247713942,-0.7556669673204066,0.625556407033541,0.07714951229668546,-0.6496356358931286,0.26940195615429446,-0.22528471765610186
2021-02-04 14:00:00,0.44718507384058237,-0.8496323843217378,-1.0687551959911603,0.9943524720479692,0.8759479467094884,0.8711694649167179,-0.1992277272260224,-0.17551055684264488,0.21836258847330128,-0.7827691681290404,-0.13026434892783767,-0.28633324300487256,0.1895888531987649,-0.5606832623283298,-0.7350596456557245,0.6761399919060204,0.09811735443700388,-0.711388757274561,0.30702336318379314,-0.21517616345362445
2021-02-04 15:00:00,0.4141985047505248,-0.8328603179142081,-1.0137334897816057,0.9523183664629049,0.8494658094132859,0.9100865779245714,-0.27291311609847224,-0.17368309088756353,0.19796723351919235,-0.8472352072968764,-0.07758566973354088,-0.2440682192087825,0.19262796567668583,-0.6041051222653925,-0.7183992088877468,0.7302326537913109,-0.007266888372560967,-0.7727102022574046,0.3056025335777837,-0.19892012721330268
2021-02-04 16:00:00,0.37641726378524637,-0.8309660197626003,-1.026274127570822,0.9323306050253231,0.8858349448852045,0.9917012938754618,-0.2378285981755828,-0.16183881943013467,0.1795617267005474,-0.8499532925050534,-0.06072968519728571,-0.21853225576063948,0.1645162906030215,-0.6295324141110004,-0.6895759575691195,0.7632227100389943,-0.0716323695848127,-0.8126207908328894,0.35816071650895637,-0.21221687524846156
2021-02-04 17:00:00,0.362022295885456,-0.8673099937703902,-1.0432741947601996,0.9193492436551146,0.9654716121877415,1.05259698861793,-0.26166354957652577,-0.13874151090150943,0.167202377773676,-0.8418736676265903,-0.06470115850762172,-0.2688344786708132,0.21247367927987712,-0.6542493761971677,-0.6929219073889941,0.8176837245546141,-0.08849355368183356,-0.7987737884409374,0.3361267386553612,-0.23543186326296245
2021-02-04 18:00:00,0.39628017514955405,-0.8609949443573355,-1.0734646437181672,0.9390922603633622,0.9874893591156733,1.0601415804875798,-0.2584429505241927,-0.15934359588849176,0.16067796111482424,-0.8050678605006509,-0.07864536007811333,-0.2721781457410397,0.17594342587298156,-0.6604941857030798,-0.7143210906726428,0.8559195574955153,-0.139635523896545,-0.8713322423227583,0.3517040167472105,-0.23223748484452325
2021-02-04 19:00:00,0.391992222565145,-0.8713974599984395,-1.1043245327197115,0.9192486258202432,1.0139252464571533,1.0979425759404964,-0.2592388054831405,-0.12340970150337663,0.23512004363574907,-0.8957805145522937,-0.18487054753811394,-0.2395391917032822,0.16743721956924967,-0.7027176326673957,-0.6995282661243684,0.8632620085645066,-0.14939608395209825,-0.9173638326413461,0.3219170190636012,-0.27419428066975676
2021-02-04 20:00:00,0.3467843143035124,-0.9069770981753651,-1.1001973572649022,0.9335852983319008,0.9860875696248214,1.1278055151251138,-0.23645384897805716,-0.14430760838752932,0.216309935663052,-0.9574975236773262,-0.12413616391255129,-0.21673738757813407,0.11678254946100061,-0.735872357153801,-0.6663326132078888,0.9006924103008377,-0.20755884872570315,-0.9012173247261702,0.30615025418809777,-0.2612068912640773
2021-02-04 21:00:00,0.37209404410722285,-0.9985070489555375,-0.9948560626793166,1.0141289463168712,1.021594420576041,1.07045760728906,-0.17436684702047517,-0.11916883229663697,0.2796226913236439,-0.9712594334824912,-0.004491692992475836,-0.22654640813020563,0.09663725876316069,-0.6311699275008429,-0.539353913670544,0.8686314365743227,-0.1765510987986503,-1.0252870927332454,0.35472432697652484,-0.11063136700115543
2021-02-04 22:00:00,0.3212184396536097,-1.1025563029665384,-0.8688368399958494,1.0117066435235742,1.1003524022142714,1.0329748280920776,-0.14756138153945028,-0.026574881738219543,0.31262387754463633,-0.999879023198194,0.06423197605041743,-0.32510091464490026,0.07600963042479586,-0.5346061819383273,-0.4085175792214593,0.7574511612576142,-0.11353874568116487,-1.096752029245792,0.36619452806434344,0.03263873875048756
2021-02-04 23:00:00,0.32514495086353823,-1.1588912170530756,-0.8496358660564677,1.0292016593700728,1.1324145278518603,1.0867111961606701,-0.17758272934672636,0.015490212919076846,0.36997919175317073,-1.0289363742700444,0.130423482077872,-0.3724242120126798,0.060121597764181446,-0.4847558549521647,-0.35668745864713114,0.6566698715784179,-0.07240768960111504,-1.1234005345794882,0.3414056769938355,0.1490957422782329
2021-02-05 00:00:00,0.32338347732474115,-1.2144168325615947,-0.8144246024093382,0.9886245823433611,1.2017758481646486,1.0669393121706536,-0.1722770936321015,0.066181127970091,0.47255470983692066,-1.0561842794246459,0.16899628710155284,-0.3251090296774862,0.07795040285626927,-0.418622833087811,-0.252766775931368,0.5731358272455156,-0.04135064902913457,-1.1295185935005532,0.3085271205193722,0.1960891569161465
2021-02-05 01:00:00,0.3105948124246901,-1.3416192263504658,-0.8086038264633442,0.9942934799454618,1.2616073155808325,1.040922207955542,-0.1274374912936539,0.11000576197769887,0.533248295967424,-1.0702379514785987,0.1752552165018484,-0.3117396320086075,0.0447348172359723,-0.3709135193308596,-0.21496581754086522,0.5053772939523208,-0.00044123022361889155,-1.1477441904206698,0.2844488647263596,0.2508626064271311
2021-02-05 02:00:00,0.27235422884371163,-1.360468422595034,-0.7628862232175936,0.9622933002682253,1.2799432280532865,1.0436882197383617,-0.10021062441203894,0.1011004861521952,0.5845246283207528,-1.0754401939557081,0.18653009363683726,-0.3285520000075325,0.003946116641696036,-0.3884812014828864,-0.21598409601192392,0.5601070085182682,-0.005580467508385208,-1.2327398849868667,0.30855561845414464,0.25817376768921907
2021-02-05 03:00:00,0.22631835127453287,-1.37109922453298,-0.7063016730346953,0.9720876329128301,1.3311919138915846,1.0662540829032547,-0.06832502110500609,0.06430195180855647,0.6650074474396152,-1.09407624806834,0.20801739929956412,-0.36251443401261174,-0.005184726064983063,-0.38819241628718665,-0.17250044253027322,0.4740590585917395,0.04583889044378989,-1.2695551996551104,0.32782677347967054,0.284644282289683
2021-02-05 04:00:00,0.23610920395365007,-1.4488109322012852,-0.6671924348340144,0.9952687288296868,1.3309948479911895,1.0218137741574096,-0.05583089695852223,0.09729839058088989,0.7162827754060364,-1.0856717280839752,0.29497761792082333,-0.3666917170453663,0.0587406535688295,-0.33177732091444834,-0.09740222395836241,0.47900121194228007,0.10499506748976695,-1.3036810945699708,0.3329420074905114,0.3552645517527335
2021-02-05 05:00:00,0.19285460356996242,-1.4292006451462564,-0.6366351137136153,0.9822375691924337,1.3326684676242146,1.0264596446751684,0.014266087384488105,0.0789044714777695,0.7328572200723384,-1.0731882402375867,0.2998053119443078,-0.33378141755606244,0.062047897383244434,-0.27508340540873444,-0.0802960661355213,0.4211949263466181,0.06872806566746983,-1.3086224291721495,0.39647474726765997,0.3920244963378584
2021-02-05 06:00:00,0.15688866988153563,-1.4482884374436131,-0.612007239914818,1.0326089916974888,1.2882866040668588,1.0610618010869963,0.005603004206882594,0.040613611671685305,0.7501308018773012,-1.0508731491473853,0.23056083997593163,-0.3221984373846681,0.09883335999228335,-0.2872108489499828,-0.07193391271929986,0.4006683281438672,0.05696723520012832,-1.3412985732684737,0.44662825370885023,0.41570103640786377
2021-02-05 07:00:00,0.11088268198190582,-1.4359075756586182,-0.5734832786447099,1.0884747924627376,1.2973834888222064,1.0596313112194817,0.007994782412223591,0.05467304088459386,0.7489834836425362,-1.053681505794075,0.20310914451200834,-0.3557770914514397,0.10033004426862498,-0.2597026452901927,-0.06897870125279904,0.4090118715324585,0.06308045098935361,-1.348169857934142,0.39910583553282575,0.3905091130376074
2021-02-05 08:00:00,0.0982803144541372,-1.4190068767407984,-0.49375689252264787,1.1190841226626111,1.3233251155221686,1.0220438977834567,0.08212367625365996,0.012526694764339645,0.7467569514512534,-1.0650901868954579,0.22874885999360053,-0.4019461324048286,0.07733902683642928,-0.2334094028728824,-0.03245027504131846,0.4447316911938123,0.06975997795138954,-1.3683974590931558,0.446557291901553,0.43226099466358925
2021-02-05 09:00:00,0.12489959922842153,-1.4008745321712537,-0.510870552848825,1.1087885860601476,1.2852449851910948,1.035602360739618,0.09743008202016615,0.038272798726763535,0.7645705266023595,-1.0572192482134335,0.1945853507342284,-0.3951096492202373,0.03566834770030318,-0.24632384425850726,0.002646792793416213,0.4619413758210843,0.05310442973845298,-1.3339611901324662,0.4361067350690075,0.4224536575150787
2021-02-05 10:00:00,0.1607312964863387,-1.45134586836528,-0.4952536135490366,1.121901695325627,1.26490232326901,1.0244248157505285,0.023637842350198668,0.001881577413445315,0.7999283730953053,-1.0730823599668444,0.20912793667875626,-0.40367071168903756,0.05256392509157968,-0.3617867368531081,0.02590028310722295,0.45751357913864116,0.09542565031342336,-1.3340071046895057,0.420728728503454,0.39512054571332494
2021-02-05 11:00:00,0.22504064081486091,-1.418001838531221,-0.4742202810731727,1.1215118291897133,1.2166447237614286,1.0668946867936215,0.032472052116900824,0.009613606213994355,0.7573120733814914,-1.0727221777693354,0.217052234070023,-0.42682655880224074,0.11047798904446182,-0.34529027503771004,0.0698700983463556,0.41224793175062213,0.07094202037509685,-1.3103896270421989,0.3878555969912958,0.3902531069554376
2021-02-05 12:00:00,0.19698078124609125,-1.4298351755443908,-0.46550322082789486,1.1308191188918393,1.2490905048605063,1.0741757787644497,0.03968741976415806,-0.013296086481073804,0.677633655401118,-1.0813817850242777,0.16674582635118917,-0.47524423010131495,0.12927090920441794,-0.3554802194614821,0.07604976332016426,0.4419462501696961,0.08688601093544408,-1.3121618408439124,0.3120707216451448,0.39679244930721613
2021-02-05 13:00:00,0.17814982180883962,-1.4230592062684926,-0.47790626432291644,1.082291555791041,1.2459549434554889,1.057465296872486,0.018127959134617445,0.03676354721837579,0.7256186323948578,-1.0807662060090533,0.2154711145708469,-0.5015616858452139,0.07247019750186369,-0.3793520617600337,0.02975035524150719,0.44647651624161194,0.04533457659640559,-1.3835144194632802,0.3228990367134658,0.3488731875033978
2021-02-05 14:00:00,0.21601020326645762,-1.3950268023365657,-0.5229586928079573,1.0738489906786557,1.2616668615410516,1.0081586477889073,0.030528407764017385,0.021886280193027473,0.7495371092463556,-1.0923983402212336,0.16458936377917258,-0.48994297743834103,0.11630144919571096,-0.3649761436393583,0.08473509068011939,0.4520998434934044,0.057794922604486675,-1.4187985232308096,0.33217350789353,0.302726570493354
2021-02-05 15:00:00,0.22665994712058382,-1.3548459573721496,-0.559307407147464,1.0788395868758958,1.263106309413699,0.9899041215173386,0.01667447203261046,-0.015728631592786514,0.7910332207020624,-1.0974255898656446,0.1556192645133792,-0.48403139415403246,0.18225652325805147,-0.40067700005227613,0.11864489258454772,0.4515732847708898,0.09645162932353932,-1.4250865175612546,0.3571587476173109,0.2838908724335432
2021-02-05 16:00:00,0.2133937807827896,-1.3708732674850812,-0.552065264618808,1.0754880643649545,1.2160313586627285,0.981241901084089,0.004657147187681289,-0.011378978589040035,0.8436268889838738,-1.1204682802967239,0.19329919928699751,-0.47717541379962214,0.199385905530092,-0.39183617434997264,0.05651199652851922,0.3867606243710175,0.14353171000712694,-1.4423217472169896,0.3828154479371467,0.2614944485186618
2021-02-05 17:00:00,0.2154076880349806,-1.3945222009529505,-0.5029081722163816,1.1472409608011682,1.2887812847762827,1.0340385314583718,-0.01759212897736832,0.009841902730197902,0.8419122575376987,-1.0788672844637406,0.2470606595023762,-0.46806679214487884,0.24117255850067698,-0.3837878258106228,0.07098878826054536,0.35697837102966784,0.2015745363619369,-1.3625366042282667,0.35665485211252035,0.24025556173303494
2021-02-05 18:00:00,0.21364007555398584,-1.3920881658203685,-0.5353777936034017,1.1552821715427324,1.2716483561216447,1.0735330645492747,0.020266491342663583,0.014195870430703526,0.8240330637703817,-1.0817735528824954,0.2596970389267316,-0.46153899104935486,0.25348506292706247,-0.38764645721441093,0.04965474465689282,0.3487832177870439,0.19971608362003632,-1.3626314354122164,0.3636235663535541,0.21089147108995226
2021-02-05 19:00:00,0.19649741831388096,-1.4527526664424735,-0.5216492220535229,1.1947671270396,1.2894665374771201,1.1037878448811274,0.0379112032415958,-0.007250561249245037,0.790765836816181,-1.0838526658855356,0.1941991934866732,-0.501727854838037,0.32160604901729806,-0.38383157804530565,0.05191410059286608,0.3804396676997169,0.16359546358397883,-1.3287456695003186,0.33205945916998003,0.21324127048538713
2021-02-05 20:00:00,0.2240571940785025,-1.491670246456726,-0.49587233552259874,1.2243517087053752,1.2748817990899848,1.0841355770231456,-0.021946974756310127,0.0190054291181477,0.8312988362543036,-1.0831650012561507,0.1934946126819193,-0.44828155918201296,0.3374998862431138,-0.38703195441109517,0.06009179494473007,0.38909840582133626,0.11416468886327547,-1.2761743745475687,0.3158461915672875,0.22816021064176062
2021-02-05 21:00:00,0.23895312283415496,-1.4324245689956085,-0.4733182746258736,1.1857373433900087,1.2761090924554286,1.0537363170124932,-0.005658206830430501,0.027453257139919564,0.8425417529952263,-1.1029749246973495,0.2344353831580307,-0.44471415537469877,0.3473407297279423,-0.40808232732110516,0.06500979916158701,0.3539601672471018,0.13693691948256378,-1.2643004594020852,0.2630365843134992,0.19950444203029483
2021-02-05 22:00:00,0.25055162456669283,-1.4035607943433168,-0.4773910014495885,1.1981799239409427,1.2949240982143455,1.0890815826759268,-0.03642025459040141,0.008502476924996071,0.8601043341905359,-1.1336994010041395,0.2578408148673317,-0.450829454905372,0.31480660144372025,-0.4153546833511371,0.031467632108912,0.3055911744704104,0.13480832766202575,-1.1832135357239042,0.2362387377750981,0.18413669988941303
2021-02-05 23:00:00,0.2179034309016921,-1.402836009187848,-0.4520648175900224,1.2116943443171442,1.2620294322552006,1.0478907511548825,-0.02358709467844282,-0.050001863572402744,0.8506654273486933,-1.1585007351165704,0.21261905231839962,-0.4261688073301623,0.27791306139498767,-0.42736103203211884,0.036203370027536,0.27150849209330813,0.16006448680689203,-1.1759235049451173,0.2631457133025815,0.21309314113512148
2021-02-06 00:00:00,0.2491831172152208,-1.391223994585132,-0.43520253641424483,1.2379629125487752,1.20713089029281,1.0746060056149356,-0.017017416860855908,-0.011860491729699246,0.8387145715096967,-1.1506497326200014,0.2139378749268416,-0.38573255295474446,0.29478270588494015,-0.4163490923534974,-0.015047111957325526,0.23318578897395026,0.1726903974350135,-1.164893172867615,0.19130205543242804,0.21649053214390543
2021-02-06 01:00:00,0.24430839910882451,-1.3963902308216027,-0.428446849904546,1.2350062984121215,1.2179232106004858,1.057289800796081,-0.017208160251616762,0.032879704270822686,0.8803593410328024,-1.1680739701811043,0.19592202495830774,-0.3497682424622797,0.27948291449653684,-0.36981814914556677,-0.025871030441714717,0.24455436026249683,0.1570009720220284,-1.09244626222753,0.12404998237309335,0.21924919476151766
2021-02-06 02:00:00,0.28503558737147416,-1.3758199260678194,-0.38676326504736624,1.1895780847497528,1.1911853848933043,1.0202260754460692,-0.019402308315928818,-0.0005956612617928833,0.9228608582156435,-1.109666641751563,0.1859018159282246,-0.30760806077228575,0.30738704395025257,-0.4382904261514343,-0.0013038431694117059,0.3027633991411221,0.14114035098066932,-1.0886942905403711,0.1404919628775034,0.2208655027713809
2021-02-06 03:00:00,0.3211776393183847,-1.3223300188988332,-0.3874006554034283,1.1465743531157468,1.190698370282506,1.0267617943185883,-0.02432089963490472,-0.013101447020554945,0.874229322782008,-1.0512962117273255,0.19945584637665112,-0.3297071167047331,0.24481091110696404,-0.5047273158916409,0.012717748632655781,0.2994142881175775,0.1492715005711619,-1.1293858620963735,0.15354459954388644,0.23420196714208166
2021-02-06 04:00:00,0.26058320453345085,-1.3358493949954662,-0.3460748756056111,1.150555056136341,1.2036958871146426,0.9873522960546004,0.010380747762606599,-0.06650418756141747,0.8776695918749025,-1.0521669192576693,0.1634717254634664,-0.3431948114723959,0.22912974982441833,-0.49477073487728823,0.001243672454330675,0.31466105390032345,0.11510670950525786,-1.1912381287244267,0.20260153876220494,0.27349600778212363
2021-02-06 05:00:00,0.23802382373218856,-1.3568058154204796,-0.3186328365074383,1.1733096367866753,1.2363459351861488,0.9819293657971285,0.06298889812437823,-0.09906135446871613,0.8863710434805481,-1.074530218639222,0.14734365102689465,-0.3502936609833089,0.19664964341676924,-0.5309360833962194,-0.03294296694392648,0.3246126265157348,0.1470233122624471,-1.2054278887144712,0.26134208796362346,0.30307107502732383
2021-02-06 06:00:00,0.23194310770344645,-1.393924517082753,-0.30246699903551205,1.213780982111108,1.2334553613343362,0.9928261932723319,0.05235406811547534,-0.08019149320870766,0.8874830692368927,-1.1100949631074384,0.12712864859669734,-0.3208831849081562,0.20765753154668262,-0.4490802893863739,-0.09006318855101672,0.37369029965385175,0.15937638071930568,-1.2134280369130859,0.3061922157121781,0.3510905951323347
2021-02-06 07:00:00,0.24757313442265516,-1.3956498427520714,-0.36090836739392623,1.196099505104208,1.2372702111833487,1.0385766161259744,0.09074808416716833,-0.10120896718773223,0.8938112236648852,-1.0877072401144945,0.1493997758648056,-0.37511572746828953,0.17503379624957086,-0.46088001169617737,-0.09001151475797725,0.40889350394909774,0.1701460725625956,-1.22113467779466,0.3567566981062635,0.3310432426384677
2021-02-06 08:00:00,0.2223217239711501,-1.3819917724877067,-0.3337089217184231,1.189578357881242,1.211958481312493,0.9745953868979593,0.13520328179023955,-0.12216207317201608,0.9048368509383239,-1.0949209870216048,0.13068506488136,-0.29141119051592984,0.17548483031814874,-0.4661858040650251,-0.10135824501607676,0.46017249487365236,0.2013366659597667,-1.2144987990554852,0.36917681805206565,0.3065327437342099
2021-02-06 09:00:00,0.28605710025479647,-1.3878467971630026,-0.32107800783786045,1.2164282251713825,1.275662769110702,0.9397252926770678,0.1250425527827832,-0.11326700246238344,0.9003393842939701,-1.0686159260200871,0.07918656573419361,-0.27127714975557815,0.18245470624795246,-0.4486664205794525,-0.09687492722207504,0.4499043156796729,0.18481296995067417,-1.2321524077235009,0.3956859790167842,0.3585411081602274
2021-02-06 10:00:00,0.2887298153423113,-1.4356285772409374,-0.32956291668819676,1.2206493640952547,1.2344837574164984,0.9587649053387043,0.1405395020113085,-0.11465400451642863,0.8421870716352018,-1.0528531633698481,0.07968147542486817,-0.2764444289747113,0.2092529438115647,-0.45339810935838026,-0.12106156653814748,0.4792699249249469,0.2031856425275336,-1.2272131609590995,0.38356675776490257,0.405881108303274
2021-02-06 11:00:00,0.29794029981236386,-1.4303281169008013,-0.3406206003289038,1.226185695088064,1.2004598676390619,0.9847644820565403,0.18582015073510139,-0.0889760540605158,0.8535350059757453,-1.0066608210664345,0.07100722806243023,-0.30002673140662145,0.21528400586405377,-0.4300976685962514,-0.0977783381386215,0.4580878905009295,0.16526107057252395,-1.2859218300598738,0.40258382771059203,0.3456742057667144
2021-02-06 12:00:00,0.26736584993190804,-1.475141092350875,-0.3009723677008809,1.1463705465183855,1.2164301684769117,1.0362698577727214,0.1424978878681447,-0.1236470360984751,0.8583355017019685,-0.9830763314581311,0.05664274595226556,-0.3044085981450018,0.24046355435011235,-0.4630508153883639,-0.05910480110928427,0.4286581295809975,0.0722336141642161,-1.2854511962850492,0.36995497019216095,0.34224670791406475
2021-02-06 13:00:00,0.29994210454209147,-1.5161456569740763,-0.32873746969851336,1.2155562744878095,1.1996315052850848,1.0968131167852184,0.1062483338717786,-0.11256833406064089,0.8687590342770116,-0.9773587653394885,0.06265568672732709,-0.26683628661749365,0.2827820873177229,-0.5092393176196927,-0.05829019869260377,0.45578633404053953,0.06979045081465332,-1.3028707006104179,0.38627144846773015,0.41299643094362626
2021-02-06 14:00:00,0.2883096479229705,-1.525820737057714,-0.3033244904064777,1.2298627904580788,1.229263967187028,1.0713694922318378,0.15092689772436016,-0.09602005425334542,0.9021664025943581,-0.9863562169805576,0.09417920206428221,-0.2843333660373102,0.27027389775306976,-0.511389634992842,-0.040335169443787046,0.4304691530612105,0.04246562569327182,-1.3329995438200448,0.38491811935053377,0.4002915269699899
2021-02-06 15:00:00,0.2752083766561414,-1.541601793363377,-0.27175246760748734,1.201705987028036,1.1899466092340902,1.0465870699930557,0.09010684362903776,-0.0796058549262955,0.9227642724613047,-0.9971714149480049,0.14284702853807832,-0.2990874879893452,0.3180886149674669,-0.515716267478814,-0.0247705494233544,0.46729464782576774,0.1169746601134637,-1.369026841321957,0.365443018602584,0.3964800543055503
2021-02-06 16:00:00,0.30101059949931774,-1.5810273494917273,-0.21646770310003677,1.1793407572884749,1.1756552474581101,1.0485990809437393,0.05331410516877532,-0.12970173809132152,0.8974685388951338,-1.0127313402412734,0.1856978490243706,-0.2877084657665551,0.36178250962887754,-0.4882397472449569,-0.047721590831744015,0.494401694398967,0.1532810622223388,-1.3408201979317242,0.33120838954516707,0.4000081281823044
2021-02-06 17:00:00,0.3775600208727894,-1.5736415657542102,-0.24996242445163042,1.1963690132064184,1.1516219243289716,1.0634340191410026,0.08694353772332233,-0.08195822298715962,0.8657822547208752,-1.035924597200972,0.1842171430572963,-0.31300597255179813,0.3288524461848595,-0.5322709704655142,-0.056253086777747145,0.5411334514258157,0.11702911047621294,-1.3622235899406365,0.29748115192155994,0.3900211429020068
2021-02-06 18:00:00,0.38586054114587226,-1.5695739174166128,-0.3168044286541213,1.2098187637213096,1.1240213104164845,1.0889349398020811,0.05811854895620898,-0.09276270899163822,0.8579844565049518,-1.0657271646925452,0.20644705160021198,-0.30974145037589335,0.3614055169753525,-0.5337461714739632,-0.05317499683910757,0.5319906782704253,0.1081192909609743,-1.3170761088847185,0.298558347559659,0.3435175183601776
2021-02-06 19:00:00,0.41399398740382276,-1.5910397534335328,-0.3415095916590488,1.2241352728246264,1.1264196819251806,1.1588741928404265,0.09690193055997665,-0.11129307448736261,0.8359774946816094,-1.0687530942896182,0.17866646074961548,-0.3212050875203613,0.32018106483928016,-0.53529702914807,-0.028840359392301763,0.5109311765367208,0.11731233558131374,-1.2848069787382146,0.32252525348093775,0.36116466896698035
2021-02-06 20:00:00,0.44707116136066477,-1.6236719998397529,-0.3893959916226812,1.1721449931666648,1.1140411689916154,1.1537425142651585,0.053886647100946136,-0.15983632909143006,0.8597290513590387,-1.0767624640291553,0.18592224551580144,-0.3970692417776943,0.31385025795720856,-0.5628907649391288,-0.004389094284259921,0.4726304615973646,0.17309118678936258,-1.2925642016518972,0.2584929912639984,0.35469394933664267
2021-02-06 21:00:00,0.478098856093167,-1.646639348614727,-0.35587087095861525,1.1761788229509014,1.09557518694209,1.1364815806784856,0.08757461582041412,-0.1409698848991374,0.8867453299042531,-1.0691941071905868,0.14511615449553578,-0.4006573124100662,0.3294102466908509,-0.5836628766273693,-0.005664474644522863,0.5041467488075391,0.21499908646229882,-1.2957586118034374,0.28502021517750986,0.2996271655426522
2021-02-06 22:00:00,0.4691574289369011,-1.6479464036589593,-0.37548589576779356,1.105465184498799,1.0899812059504637,1.1221640819574403,0.10019653887461517,-0.11463616445538449,0.8765862473790099,-1.1215551384742422,0.09753587834766256,-0.4294879865401253,0.3203754509972835,-0.5371310333544459,-0.015424272397556242,0.5013355545860068,0.20954750416247755,-1.2472745683665232,0.24948477921342832,0.2505833385895104
2021-02-06 23:00:00,0.46893364883357597,-1.6602575086758982,-0.41602382643430647,1.1132249383532762,1.1039896369971234,1.1803843293918765,0.08183484323985703,-0.12484185850206536,0.8864144580116435,-1.129092163095296,0.13149823320922582,-0.44547320408905017,0.2988477947441844,-0.5913467508525295,-0.05636249108632944,0.5255167064937635,0.29533763928896695,-1.2273741059669623,0.28708788513717576,0.198671818590448
2021-02-07 00:00:00,0.49124140104639885,-1.6807172261250851,-0.4328310146042259,1.1297145822727714,1.0707379330310558,1.178127131472467,0.09928470562934417,-0.13167238755397995,0.8181728281001899,-1.1734658825679742,0.13239503022598934,-0.3785865847094796,0.324269045599542,-0.5543494865127165,-0.1151383592776885,0.5006927330026657,0.3418247574035774,-1.272049682491529,0.2666274799741391,0.26435700556708097
2021-02-07 01:00:00,0.5247995485857313,-1.627968280469423,-0.41161888072242975,1.1538651126107569,1.177527332264119,1.109197946441206,0.14747089294646104,-0.1067666353828512,0.832261489684172,-1.1362097314381885,0.1407083000754171,-0.3842741256821101,0.3509805106320889,-0.5291982907613163,-0.08282849153960306,0.45506511914383796,0.239788089283275,-1.2967769666816882,0.2551457958928618,0.2572931463242016
2021-02-07 02:00:00,0.4867309349751321,-1.654903546373692,-0.42139116324830433,1.1871194194204502,1.17170561054227,1.1109703057250184,0.14973140012185077,-0.11172519992188601,0.8935879535971774,-1.1254648637200373,0.17023396409075836,-0.378084898686726,0.3327551219025691,-0.5033461224660565,-0.12181356188166767,0.4474865878780979,0.2123575839392958,-1.2923892536441013,0.2985757817769824,0.2968624841297135
2021-02-07 03:00:00,0.43322069311245054,-1.6606492561298067,-0.39701883179333797,1.1671945011995115,1.1733629716322387,1.0959213448575182,0.11436314977862128,-0.09017609447906622,0.8987875041598056,-1.144325874775168,0.16742234395271868,-0.3991620916501568,0.3617066243056052,-0.5372772134162982,-0.19565367913761833,0.43071911253698136,0.18970909525548302,-1.3079453774376395,0.3067784278668925,0.3137528385788575
2021-02-07 04:00:00,0.4390749331607054,-1.6144601003354662,-0.37286630891264266,1.199936260619873,1.1964703358598576,1.120512754818857,0.16565109897485703,-0.07056867176856127,0.90791271553189,-1.115291794698986,0.14852341149602644,-0.4063807633760442,0.316323748081435,-0.5221564694603409,-0.1841445994820382,0.4421169720391726,0.17906674508081563,-1.305867013685102,0.29855863945653344,0.3599884676355574
2021-02-07 05:00:00,0.4234344055271457,-1.636637764696717,-0.3189944018179208,1.255872904774903,1.1860747618434262,1.1123567347510874,0.21137015352677,-0.09962038878750894,0.9172110618494288,-1.073139763551078,0.18366496701249282,-0.4000368920693619,0.294620832900774,-0.501579158803661,-0.180158023948835,0.46586847607204845,0.1874436683466074,-1.2990429459296053,0.31984983819259155,0.325490544666464
2021-02-07 06:00:00,0.36105496498404743,-1.650200098605179,-0.3295343016735435,1.251983279400261,1.181324842843582,1.0653484166005507,0.203222222736305,-0.10047899129135356,0.8922713914212204,-1.0728582017193486,0.20211935383281268,-0.4038867038747377,0.2702367320177773,-0.45087736805433365,-0.22404631429350128,0.49871446191342966,0.17778912672467415,-1.2844658231840504,0.3370497247368857,0.2773370936297054
2021-02-07 07:00:00,0.29598787459028286,-1.6187197381711247,-0.2853184916698211,1.2835263136740007,1.178708827524043,1.0429038572654519,0.19348441044629935,-0.1462425388346144,0.8719259657110584,-1.061143210686615,0.19068697342809812,-0.4088808374680608,0.2651732510724188,-0.430341942710287,-0.19219632193186503,0.44290415648007836,0.18567113585119735,-1.2658199272719663,0.2747858887370075,0.29810657830023324
2021-02-07 08:00:00,0.2980739683151533,-1.6315785961555695,-0.2509917503011769,1.2717865717045838,1.1540686207815942,0.9779214278711654,0.19406361867247826,-0.14989782310795244,0.8506411677402976,-1.0610269709430886,0.1578488114437422,-0.4351003261932571,0.25633517678298545,-0.3773345800551683,-0.21239934183310638,0.4584331522608562,0.17747214091281577,-1.244044987316131,0.3107737414109859,0.26036159514778623
2021-02-07 09:00:00,0.29323693598598405,-1.5788048535186419,-0.23635027298661482,1.2637684234381654,1.2008086930435726,0.9604948568504239,0.2093685594574484,-0.17165165018756104,0.8697593633820452,-1.0373645747189781,0.16088737737002218,-0.4472073885183333,0.2588518672917361,-0.3525762036381678,-0.1888783883145837,0.46448800390566325,0.26036847072482855,-1.2376498807588048,0.3081541194849947,0.23970068907813347
2021-02-07 10:00:00,0.28310293543948456,-1.523597800517808,-0.2528258283969899,1.3195682577675596,1.2159640166190593,0.8994303399175172,0.23245433419555245,-0.16630294971428464,0.8254519831054247,-1.0528419250921992,0.1417405673967623,-0.41217259347570706,0.2580040776200717,-0.35869439841139117,-0.12434044157613387,0.3945662651640609,0.2897041909854179,-1.203411329959863,0.2736157255053997,0.2631794712196244
2021-02-07 11:00:00,0.2648523276038184,-1.4889511075160842,-0.30795084902955305,1.288908411167969,1.2790951422824115,0.9574598327730608,0.2533504095962853,-0.12531718251129756,0.7672003688792675,-1.0405584949168625,0.15160980992752207,-0.43856756833582683,0.28674265504550067,-0.3801726247606664,-0.13400540032491493,0.3946521638166615,0.265276258802475,-1.1958873916295356,0.2697315845229685,0.3175857509873096
2021-02-07 12:00:00,0.28818887475379884,-1.5218845307654627,-0.3027552471877073,1.2471652245997296,1.2587490085822184,0.924913594449587,0.2890843914161434,-0.10389563698538662,0.794251339209495,-1.008986470430103,0.10130156528966851,-0.47115763926434645,0.36244285253675035,-0.43382801871237925,-0.1374494136101688,0.4203313749543846,0.29070860305532154,-1.2243635845083953,0.26344749310044124,0.3597948864569306
2021-02-07 13:00:00,0.3002323371630181,-1.4877838658942786,-0.3365498389900298,1.2448274634066867,1.250922405924636,0.9510019866671264,0.23394728896257358,-0.05330306920617643,0.810763683908609,-0.9158346200349153,0.15742137216666718,-0.46075122099586713,0.37791259344865524,-0.3577846860282748,-0.15645279776939888,0.4340901246108276,0.34385718827951595,-1.2960224032377299,0.3021119359492732,0.43387798056160753
2021-02-07 14:00:00,0.24863017749359934,-1.4547450991575184,-0.3023403118020983,1.2352446476797325,1.2178095650512626,0.9923191485272795,0.22263485896775928,-0.014194466739795311,0.8121915037606119,-0.9127096209141428,0.11638710821378234,-0.4178644867220165,0.33593710264639753,-0.35601720586132923,-0.13822757201022126,0.47751813784640285,0.3725999678227342,-1.296123873799382,0.33906147243283935,0.4282270930551812
2021-02-07 15:00:00,0.2289708532327245,-1.4217701678448738,-0.3407275245139634,1.2187791140440676,1.2213620677217316,0.9471664755544609,0.19678142485274328,-0.02964125710489275,0.8509954514278527,-0.9572385607212579,0.02292395629894152,-0.4360707644415238,0.3133033808314129,-0.3873656016681413,-0.06625230068660257,0.4340228360069008,0.3468868589197884,-1.3041556499111762,0.35467536473764516,0.4038483038191829
2021-02-07 16:00:00,0.23050050139111442,-1.4264312939637644,-0.3366582696468081,1.2164082749825984,1.26814532004474,0.8689338670161846,0.2197727652109004,-0.07692638937373752,0.8337590168918261,-0.999557545905571,0.024317612197314785,-0.46491964905257444,0.2979111216532716,-0.3492835886969099,-0.07766969378519692,0.4654271674397516,0.3301764811037007,-1.359401000054143,0.41087501875278665,0.41759377476598475
2021-02-07 17:00:00,0.21953604285618378,-1.3968080572952006,-0.3408736706279288,1.131527505665189,1.2386400799332313,0.8740394296584777,0.16170024118758644,-0.10135603276950553,0.8437349416361041,-1.0560201490565078,0.007703777534620218,-0.4760415871531967,0.32298654842041424,-0.3572978762671637,-0.08864688594675547,0.43383109236498124,0.3498381627257213,-1.3922853086085603,0.44152784992471783,0.40596655983646657
2021-02-07 18:00:00,0.21803340085410577,-1.4069162122083212,-0.3290642841205861,1.1844405051031188,1.1643294465093246,0.8469921876161778,0.15927240358823644,-0.06033992890795619,0.8542341892274435,-1.0409251748010535,0.0049112884684732825,-0.4611717316868669,0.2923633713720474,-0.32294722958667815,-0.09996397187027489,0.42208550505723913,0.3340021786675088,-1.3902814281148101,0.4034159005687655,0.3930764781636164
2021-02-07 19:00:00,0.21779690469269788,-1.4563224833674515,-0.28310766869289344,1.1942325933624256,1.1867921127840741,0.8161309357095171,0.1705966567377818,-0.07535017902798878,0.8313762670385415,-0.9784467244056102,0.0017419872858272876,-0.43612938817607705,0.28265652264797897,-0.3068342298789733,-0.038328223144548694,0.43086376660464026,0.3714371740545936,-1.3764749260933573,0.4204316476195256,0.4535641459070015
2021-02-07 20:00:00,0.24407752398023963,-1.453306087777225,-0.36846246467458355,1.1927294544793625,1.197833058149513,0.7910050771147222,0.11571917961533004,-0.0769511111001201,0.8515456291593517,-0.9843555065215653,0.04555818229281613,-0.4316214294638738,0.3394363525437806,-0.327840349173639,0.00461864647546522,0.46031676072893235,0.35446018355172587,-1.3846671818134573,0.4245207202121752,0.5248198725165406
2021-02-07 21:00:00,0.30265028687998097,-1.3985322803963092,-0.36190254017976126,1.2161190841627254,1.1674463610429913,0.8162837202708298,0.11253133880711155,0.0021121255837066727,0.8611792579199847,-0.9867554069670682,-0.021342783323883986,-0.40096750630740224,0.33297358853420583,-0.38583458976161217,-0.00045582452919261645,0.4268443770844894,0.3359518501128589,-1.3714683645922163,0.4165595079460756,0.5019369477071972
2021-02-07 22:00:00,0.26777719656093646,-1.4238271554180872,-0.3663611949798699,1.1750624709709148,1.2065452519451692,0.8108060427108502,0.10483104576875055,0.008189331472509644,0.9165503850824325,-1.0147212100292744,-0.0026522370367254335,-0.43427928625373086,0.33548160507835206,-0.42983219847791304,-0.03752390574079989,0.42144657216316284,0.3205125497111985,-1.3829514747335412,0.37818104517163664,0.48336452867616325
2021-02-07 23:00:00,0.2296847604485055,-1.4819261877673666,-0.37471278496547333,1.1380644265567457,1.1812413428491781,0.8385017522236837,0.09870306276310478,0.020236874439623232,0.8999285885304277,-1.0349386548521156,0.0022326713719102763,-0.4217484674105427,0.33539508951914193,-0.4110373898644455,-0.019862554305456834,0.41897943174174906,0.34203048173591794,-1.3885310291779747,0.33261332680750283,0.5377931693611772
2021-02-08 00:00:00,0.18962036630343965,-1.5018090479299901,-0.40835655137802007,1.10283594937838,1.2078422563037121,0.8728595846796334,0.17726148323708196,0.04816022950971739,0.8566902339041934,-0.9664631348035441,-0.05884926421225492,-0.45447458885966796,0.33318038516667403,-0.43571403161304345,-0.08892060515371861,0.46293596709854967,0.3099468806157405,-1.3969884235995358,0.3464644057052005,0.5580698316499966
2021-02-08 01:00:00,0.15109367878039612,-1.5038819627044742,-0.4238017913577701,1.0505202308539738,1.199176609170089,0.8483268670618392,0.1460478634138243,0.04293146332163774,0.864240866579446,-1.0185293166296783,-0.04294899458057648,-0.43908000863745295,0.2870115373557348,-0.4503271208550785,-0.08545911712937727,0.45021199624381986,0.34389102854199793,-1.420025582361977,0.34920067878566874,0.5945431224747387
2021-02-08 02:00:00,0.18719191145848244,-1.4958291587393424,-0.40231458312525636,0.9945462244999125,1.1802080983010632,0.8371847446830543,0.11423885304138415,0.0008062268043116175,0.8973526828184176,-1.0114161432660855,-0.07410828443860273,-0.38707662479537147,0.2841367765048252,-0.47872236328282386,-0.0935379870726312,0.42064871860051856,0.36000783093987415,-1.4103789469878518,0.34845991056297926,0.6195044497213354
2021-02-08 03:00:00,0.17854855270091954,-1.4981140171189125,-0.46888589152540505,1.0361126901129034,1.1966160603508154,0.8674405609002638,0.11319988802684731,-0.02562937270993148,0.941692953362723,-0.9932106914654766,-0.08631430906886227,-0.3650640807978457,0.3029552407002993,-0.469382550123834,-0.10371289721692811,0.4324918958485702,0.3863441847897286,-1.4090765328099997,0.3958269733001263,0.5902718028030178
2021-02-08 04:00:00,0.14703706732630012,-1.5069391888104129,-0.44385589957116034,1.0138369725305338,1.2255414121234198,0.8672965965564294,0.12689010249045168,-0.041093580352284935,0.9748154076849668,-0.9840588051251139,-0.15052442085219966,-0.4108939319558105,0.31574084667585806,-0.4535163875735873,-0.1202258724962103,0.42868095680514234,0.3255881381397912,-1.3881632611736754,0.37057781667204004,0.542204073859644
2021-02-08 05:00:00,0.12711262954389962,-1.5174030113917898,-0.4647382951480584,1.017322247988378,1.1909257208257482,0.8993073647730623,0.1416614751260009,-0.08056838346265781,0.9560976666308174,-0.938927341788129,-0.05722829118658475,-0.3866151808896025,0.2917015602871788,-0.3907602177392288,-0.13326144036049653,0.43621841177474047,0.35641389303400384,-1.324041695699011,0.3091728216256648,0.527106040627971
2021-02-08 06:00:00,0.13484600757892076,-1.4926270118698892,-0.40552181161196443,0.9596048193085663,1.1888898525118936,0.8879253556107891,0.1791094815472361,-0.09212019336736317,0.9256267652806771,-0.9701611218286105,-0.00359007883054651,-0.29045817278596087,0.281865388311633,-0.41843551176267013,-0.09185816032603426,0.364712429626059,0.375281832520681,-1.3501982080050416,0.26115933212104225,0.5477138728335529
2021-02-08 07:00:00,0.1388533393865608,-1.4843067379485178,-0.4247707194679884,0.996496498421749,1.1543855338492597,0.8173251557035437,0.1732822416761537,-0.07598589588799905,0.8682405011121274,-0.948160556038962,-0.0060313205402607525,-0.22482771567676751,0.2829677186482893,-0.33268318781765277,-0.08706733462071253,0.3437798771747783,0.3852555795810969,-1.3024127440586133,0.21378172391115888,0.5787428917627595
2021-02-08 08:00:00,0.13789794180547868,-1.4832592372047566,-0.44183080226522586,0.9602745005975049,1.1351467204096566,0.8066152421294329,0.15193319286114587,-0.06019010349285591,0.8299984506938543,-0.9724170256675059,-0.027938285981354033,-0.19883694670836433,0.2703686330278872,-0.38997134904427555,-0.088697161177609,0.3621407255425237,0.41104172375180703,-1.304073420263178,0.27103769742954786,0.5820053160342911
2021-02-08 09:00:00,0.16867783577131706,-1.4848284572620394,-0.4755903681591135,0.9695706612783693,1.1509815889582984,0.8318644601203506,0.1220281795942094,-0.032833797195509246,0.8162255845687083,-0.9471910356753818,-0.055463716187108145,-0.18858584914545837,0.24488564622481965,-0.39622694902134015,-0.08095884028589218,0.37147189755049864,0.39685817530229284,-1.2912312249136888,0.2942403701696982,0.5836885190974128
2021-02-08 10:00:00,0.15981217784773402,-1.480789734529354,-0.5175355659505646,0.9922441899928526,1.1581254612307221,0.8483762695668376,0.1910582687289033,-0.05242599174794717,0.7884251830965632,-0.9476366433947081,-0.08867906284886355,-0.12500708791400306,0.22091174612932213,-0.4393130807960678,-0.042555486957988754,0.33546207507061887,0.41570390785142164,-1.2719225914001857,0.3113641415308833,0.510576473648386
2021-02-08 11:00:00,0.1615387377173516,-1.4367941688849497,-0.5207508911947124,0.9593339293394636,1.1723011303407858,0.8456741423825778,0.1968251481050507,-0.02288121905582758,0.7926627367724834,-0.9211414042679043,-0.07748957318525748,-0.11086056229025114,0.2644587880878075,-0.3356519533957242,-0.02314403468899903,0.32488625330300447,0.4160535204639872,-1.2241213028529006,0.3179306103549481,0.5384749655998207
2021-02-08 12:00:00,0.16635185896792068,-1.3759588402871983,-0.48119862480827036,1.0130616297088055,1.1808597750488428,0.8248254446632929,0.21187627813743065,-0.022127616352338366,0.7904836769551347,-0.9467388953731357,-0.08630020919293191,-0.11508044888207943,0.27150175203697097,-0.37318831928524915,-0.004219549074124359,0.3567761561611582,0.3740108247673713,-1.2285497774093586,0.3158373765410923,0.502644201557201
2021-02-08 13:00:00,0.15640943494844917,-1.3898337807817103,-0.5094645405809505,1.0446139599142479,1.2026884387780532,0.8507634612977901,0.23435775554030563,-0.0006689015264852924,0.8085829839102789,-0.9887488899523118,-0.04337216659315051,-0.09130048481166966,0.27537491089808136,-0.43871618061474504,0.004434667898063201,0.29833600429122775,0.41561507003592413,-1.1819945137597663,0.37012972523615495,0.5406263652320444
2021-02-08 14:00:00,0.16582743718110854,-1.3593475208258239,-0.4991342115575851,1.0376520952116624,1.2180814484400664,0.8064244134011676,0.25031888274685576,0.004888902594129167,0.8173198471698564,-1.0001694341590013,-0.004555153730825844,-0.08518002184442974,0.30371583969257904,-0.44619469390946886,-0.0684407992851594,0.296738740937914,0.38255857354530576,-1.1627219525753103,0.3982503936212275,0.544334381843782
2021-02-08 15:00:00,0.19266244693835247,-1.360382536329232,-0.4675812973970748,1.0520556061981812,1.2169126739362244,0.8412571082344972,0.23878336776167033,0.0038553021600258243,0.7886714252361764,-0.9718862719989102,-0.046867112779675445,-0.005380768494392715,0.2811286376059621,-0.3449826870028066,-0.1043932442180101,0.26890072911917345,0.399228263880841,-1.1701923466337374,0.3670077297671928,0.5727373045308424
2021-02-08 16:00:00,0.16865948885884158,-1.3650384225225691,-0.43582663614653955,1.0567525248904666,1.2167507806270064,0.8046092722792496,0.2798862761200727,-0.010000062082075083,0.7754151598213713,-0.9811496570268714,-0.07139998856989227,0.010145488264780993,0.24024465919611454,-0.3313367577111357,-0.14907513699059277,0.23629715165270213,0.3851566292634321,-1.180790773424251,0.3316630095311859,0.5551779505185344
2021-02-08 17:00:00,0.1618924111578924,-1.4195751169569395,-0.3841040173897016,1.0673241335879005,1.2057235760637939,0.8407245953717782,0.24123468004658052,-0.03204347141344931,0.7749767507446258,-0.9723014378027943,0.001893721973972723,0.09701868504246051,0.2656517577216716,-0.34146548612677213,-0.15812395986906722,0.2679018367319794,0.33068734262797933,-1.1588121598020433,0.33545109536728923,0.573352771110451
2021-02-08 18:00:00,0.15912617741498616,-1.3766506202318425,-0.3824057210361848,1.1051203323785785,1.2152159950535524,0.884068529180262,0.2574638799616745,-0.04329921698779674,0.7631629722355252,-0.9913343807054701,0.01636357887194193,0.017343601405517287,0.22441813413213615,-0.2581885988163747,-0.20619458950825445,0.2453457859456158,0.2735170508433054,-1.1317290824500053,0.38449902310367307,0.5875606603626619
2021-02-08 19:00:00,0.12869399772520243,-1.3118391809130683,-0.4541822128372701,1.1014996260511352,1.18404131870264,0.8825460366533856,0.23561943539255034,-0.03302484021202851,0.7976722990196792,-1.0214317077969859,0.037130748548062587,-0.022591368615984198,0.20091727365550016,-0.30148771662145657,-0.21260039855343024,0.2679591200777983,0.2839811283078319,-1.0685482765178775,0.39217972607793145,0.5714237909928412
2021-02-08 20:00:00,0.07584665613594764,-1.2037300767828898,-0.42104985470201095,1.0749620691412636,1.1730718666238216,0.8861210613159902,0.2011637384644664,-0.011262038079104808,0.8049156865664067,-1.0043494503190398,0.012227378854745657,0.04968727790793767,0.2236777962052626,-0.2943600865117726,-0.19355231860535738,0.2793896475118579,0.2777767433304643,-1.0055897280086437,0.4122377680607981,0.5376570750034765
2021-02-08 21:00:00,0.04003811062444738,-1.1941937626391823,-0.41467587707949305,1.0911905854585586,1.1517243454898574,0.902048225999402,0.1948778308626516,-0.013393774588294605,0.7872777098242402,-1.0122670353958834,0.006519444214503137,0.04839896819518658,0.1834740196840599,-0.322504967628973,-0.2729268966718303,0.2551942826535003,0.28832378654654545,-1.02897740790846,0.4088814043134759,0.48665409307936747
2021-02-08 22:00:00,0.025543336353537074,-1.1285407737288873,-0.3688174358175911,1.0589486006967115,1.1683529746190366,0.8989831188839773,0.1741248656217389,-0.016513112969018556,0.797665142337947,-0.9891305072668065,-0.02088151798093494,0.04457540369597465,0.1342279974027914,-0.3615127980979548,-0.2520707994774819,0.23924769299927054,0.31908385842041065,-1.0761936101041933,0.4500366491830261,0.5126635966645182
2021-02-08 23:00:00,0.06530510619959112,-1.1158418702241215,-0.3895726644297265,1.0138005517012483,1.1852322816168461,0.9399721423012428,0.21825546619240244,-0.048665788993318054,0.8152241202288373,-0.9534268045690332,-0.012013463677167905,0.05445256359082,0.12079481532388822,-0.3769470492542,-0.2969442458391799,0.23184147972105767,0.335680048465916,-1.1345569755551255,0.4501156878041094,0.5146430114923671
2021-02-09 00:00:00,0.0163571925086477,-1.1226359258223477,-0.3493085762751468,1.0401949748522838,1.1539555349954285,0.880506576436738,0.2080907940009968,-0.09263495048251495,0.8507855711796851,-1.013026568297974,-0.007611673382279124,0.002992744363883186,0.07758167619925277,-0.4117581786878505,-0.3127925902293227,0.2628157979964376,0.3322615199583234,-1.1304363134558628,0.43454079363842785,0.5138978574480496
2021-02-09 01:00:00,-0.042794435278326666,-1.0822624434253594,-0.36240535231941096,1.0439131065394918,1.1718299945125201,0.8333534064353221,0.1986101584077708,-0.09155775509443305,0.9109535564281259,-0.9960987465911303,0.020833716322605386,0.0423832037159132,0.03826986080545063,-0.3784617366224924,-0.2873133967295861,0.31410830994532735,0.3650855067532342,-1.1495802193696452,0.44111313552230574,0.4450918465628799
2021-02-09 02:00:00,-0.024565703690566106,-1.0318603068284173,-0.3522282905964954,1.0771100811138676,1.1836247721666286,0.7968914720052169,0.2787864172714867,-0.10602005975993592,0.86319257870863,-1.0110913854661838,0.0019103213932034659,0.06779774224538337,0.06338736138690318,-0.3845309262718559,-0.30051615542181126,0.3419892992675371,0.42154258846727266,-1.139483803661758,0.40203841707017784,0.48581820906023815
2021-02-09 03:00:00,-0.016970506326762412,-1.0441107092605248,-0.328423463643793,1.0367498319423851,1.1759013419946454,0.802568825979413,0.32103619527755567,-0.09649728157046877,0.848826477371202,-0.9886845385257347,-0.033337636984486184,0.06710986932981738,0.056361483259999665,-0.3820034167493748,-0.2626835577177264,0.35507163264456926,0.43301546874096947,-1.1829722538904432,0.36436619962867867,0.4559655429609538
2021-02-09 04:00:00,0.05858435143842712,-1.0118597115492418,-0.3202722315570688,1.0405906307002382,1.1721430869353595,0.7559468243108167,0.32268101192169196,-0.08383576622647446,0.8443738308359576,-0.9654677198686269,-0.024505287248243135,0.01218548738975394,0.04213934136477951,-0.375041650289605,-0.2982105334422496,0.3921654259690165,0.42791544226444234,-1.1618975363505286,0.3992765394349847,0.5136025209185957
2021-02-09 05:00:00,0.06874570761799383,-0.9972136204977948,-0.3088814822070894,1.0386856082621616,1.161250692460163,0.7719714338109803,0.34498816870290044,-0.10420460500048509,0.8574443441081492,-0.9340062666190649,-0.12023475333402167,0.04591017057659369,0.047988150079754446,-0.3995767165092321,-0.2996279558826607,0.39706680076159184,0.43463467161870345,-1.173026047823671,0.41000030115421526,0.5022890245605917
2021-02-09 06:00:00,0.07104428840896132,-1.0290559771766634,-0.2595126070373999,1.06359605216541,1.1571229841914292,0.8228035177474873,0.3267364376557367,-0.12662179707618884,0.8650961306790442,-0.9540808349876083,-0.14318450115893255,0.04833531055377739,0.03720036274529575,-0.41582448930721483,-0.293054810666365,0.4394747790518383,0.4673461188168246,-1.184985230362187,0.41004368358307514,0.5503755886221963
2021-02-09 07:00:00,0.05867556283299277,-1.0029548898784666,-0.22959041317629786,1.0147459769710727,1.1448310062618918,0.8353008264980045,0.36909348483099735,-0.12197700026922759,0.8828835773635011,-0.9345495136625777,-0.1703811023320423,0.0638266742755624,-0.0216189808323966,-0.4323856490206889,-0.2215317051669793,0.40486847127494685,0.4806090198955607,-1.2078913183847366,0.41408154128434266,0.5904760128595385
2021-02-09 08:00:00,0.031238521921876625,-1.0393140826355054,-0.1846729055999724,1.0465940764411006,1.1339818847561616,0.8030124102022573,0.41880378962340664,-0.1019655974593612,0.8315183910428099,-0.9569942730105828,-0.17129909164916432,0.10016098297307532,0.029728577326871036,-0.44790590072200936,-0.1871444874760579,0.4088820693748067,0.47524428839343114,-1.231156187173304,0.41905521062350964,0.6127561198110437
2021-02-09 09:00:00,-0.0215848251138494,-1.0509889282600597,-0.20301000634259783,1.0708783479632416,1.0878553208777266,0.811105797565381,0.4145756717053769,-0.11037920415870271,0.8562341300324972,-0.9554063176840479,-0.1600570340203309,0.09313933811499713,0.029169444084152115,-0.4316897710335984,-0.19894651993010298,0.4194002183429884,0.4346213593911852,-1.2703998485071968,0.3911706289674964,0.6337033583389585
2021-02-09 10:00:00,0.0016910704443640935,-0.9869107912152778,-0.2343583495596876,1.0525716327301267,1.0599708676967847,0.7998466644636131,0.4245631961659271,-0.09115243527885872,0.8587347055028768,-0.9331966262171445,-0.18132714110939988,0.10986220978761059,0.02252823451992799,-0.4310607155763545,-0.1732245604487971,0.4363894807092749,0.4294820354610716,-1.247302296406495,0.3951960306119526,0.7088862178395122
2021-02-09 11:00:00,0.003832955190287359,-0.9349370491615421,-0.24739596372384834,1.068774888019684,1.012254050367531,0.8498111867950737,0.4495750990596772,-0.08514430703243742,0.8440884421331958,-0.9215065793258831,-0.1853448924206763,0.13262584903603114,-0.0208091298709676,-0.491613403303933,-0.18024228565622735,0.4223828606786166,0.4572755917282918,-1.2249777202596315,0.3675438315239489,0.6974568081580628
2021-02-09 12:00:00,-0.03007455639227734,-0.9426155116969103,-0.2724123298410713,1.0204418539817641,0.9983257299912194,0.8570772722924901,0.5543697850580196,-0.15025506508509376,0.8350930171779003,-0.915746441714304,-0.20025940255636412,0.04155783742386693,-0.022027609077825423,-0.4658093334706461,-0.15787487495302507,0.4377035205061595,0.5396593230785116,-1.2162558466110887,0.3680633170177172,0.6462656536477347
2021-02-09 13:00:00,-0.025931804770048868,-0.898324901096279,-0.23012214966312294,1.1019749287846972,1.0130060011597213,0.8776174284781663,0.5572748340225891,-0.11634293954231802,0.829233460517335,-0.9483780938456765,-0.1890035242404246,0.02704401358566362,0.003535584879754774,-0.4743520921101527,-0.1458644201699226,0.46962470035549364,0.5223906454744814,-1.2163896034342796,0.38761702357569133,0.6611883418949766
2021-02-09 14:00:00,-0.004124990444277263,-0.8947364711962209,-0.23849039447131531,1.109943251351378,1.0483171225340815,0.8547175959607778,0.55586552120401,-0.08944202143741314,0.7816371130233672,-0.9715377719512387,-0.21556785591839278,0.015092936885112604,0.009104450712438164,-0.4900939254407498,-0.12064466524089737,0.47670599259934376,0.5521867084632497,-1.1335699357719804,0.3743802158285215,0.6525435597652477
2021-02-09 15:00:00,0.023126683052288814,-0.8630080682134291,-0.1973357702314907,1.1681405414602346,1.040058961661872,0.8356938486767117,0.5344507634257346,-0.12095216361724158,0.8065318289222638,-0.99104971139667,-0.23557896152754154,0.04849352613432847,0.028938369158410773,-0.4862428573401961,-0.12144884173720091,0.4354007047959176,0.5578154589740562,-1.1063824753254479,0.37070243915852463,0.6559884554556643
2021-02-09 16:00:00,0.06260840589992696,-0.8317316302293802,-0.22211476977103883,1.1864411872845364,1.0120762865449535,0.8576774443250402,0.5294259948043908,-0.09632364171144443,0.8483679891201988,-0.9663142379988431,-0.24712071231025948,0.0439557311340099,0.006368870055971244,-0.49140022903858016,-0.053325342338483614,0.43163131943946176,0.5825277828900925,-1.1275186390421386,0.4112496699211988,0.6495578355111429
2021-02-09 17:00:00,0.05444592111020225,-0.8630035612471323,-0.22003745228332786,1.1730605654923068,0.9380463746525297,0.8159093492922581,0.5091824534016812,-0.09996815237062395,0.8516248572400157,-0.9210502618846144,-0.2494101758569116,0.07107161704691198,-0.02340031744442959,-0.514984589603954,-0.018917079771714723,0.4200001370456046,0.6328918967937744,-1.1131567014518309,0.39395441544498155,0.6283321156374226
2021-02-09 18:00:00,0.01324700042191751,-0.8689776677523087,-0.17459135213425364,1.153875327795259,0.9120659587947937,0.8356870523224955,0.4937246785034038,-0.07190829532203499,0.8455294565285537,-0.9216271641266179,-0.27805289736779965,0.11885481057336164,-0.021296838130938786,-0.5425762684977279,0.01388563256896452,0.4441091107048085,0.6606222030625291,-1.1802390907791405,0.4236047718523012,0.6272556208029006
2021-02-09 19:00:00,0.04515042498755969,-0.9081726246023715,-0.13983434176086462,1.173106828175288,0.9433697491826762,0.8353859381926003,0.45049616712374196,-0.09559340222367033,0.8091945593543893,-0.9116446372473251,-0.2754466084638379,0.11459430511342106,-0.01996317866923017,-0.5104681697865971,0.006048991584522372,0.35663343501042555,0.656970137676418,-1.147138014892368,0.3553366811375956,0.5771256177754377
2021-02-09 20:00:00,0.07502043225280555,-0.899934024537797,-0.1531408842514297,1.1692647266998852,0.9351567445599235,0.8729204369626082,0.42961049655129563,-0.11090671636040932,0.8177054212095392,-0.8739451211136119,-0.296712054356478,0.10621225495867806,0.023885203988323486,-0.4786634024320574,0.03079241781576168,0.33970929969445623,0.6739937240812669,-1.1656841719990738,0.31387768634548535,0.544842714871186
2021-02-09 21:00:00,0.03213269157721083,-0.9008140768821145,-0.15665722126542717,1.1152729199890095,0.9343012811249334,0.9326038004134511,0.4285374776142221,-0.04868555392618532,0.8405671662626542,-0.8793065292129983,-0.31434110456790826,0.07844483673600375,0.07833289662893662,-0.48921189246602065,0.02034398301588986,0.37451844736895507,0.723629835294615,-1.1513480669226153,0.28969402689849644,0.5775719931774291
2021-02-09 22:00:00,-0.012608577782659038,-0.8703320367589216,-0.14332431790310457,1.1069338924854588,0.9860136189738468,0.9813194573439704,0.4111845203006267,-0.038266637569706316,0.8602123805888439,-0.8502655044910467,-0.28717661337762274,0.07853502114784251,0.057885723535574196,-0.4938653986250868,0.024525531609112354,0.383971874710756,0.7142719623612371,-1.142064993753942,0.2972322967089179,0.5699308408510722
2021-02-09 23:00:00,-0.0029902156090784882,-0.9263582852985076,-0.14182471022398632,1.0749328238871618,1.018752968010368,0.9595763300140143,0.4330850109465418,-0.09980258427877314,0.8379072091295925,-0.8487713262650167,-0.30377161196388663,0.05432508630906904,0.04422150312346574,-0.45869590628101603,0.014508562228234748,0.359587854875464,0.6563937425479757,-1.12695240290865,0.32552243767690864,0.6176209257625501
2021-02-10 00:00:00,-0.02903471512063868,-0.9051264344347641,-0.1446879072174713,1.0735119988120296,1.0141121875417611,0.9383960845916837,0.4508693937956845,-0.10597753598783452,0.849902260278187,-0.8605128907270939,-0.3015918998452406,0.032910131243989754,0.06359702102205787,-0.5116531549407357,0.003934705092379639,0.3941513032822559,0.6516742952888473,-1.0948519112396187,0.33126051964094927,0.6539941467251245
2021-02-10 01:00:00,-0.04792833014534188,-0.823251780003817,-0.20184755710560026,1.0457609268875427,1.0351136005176753,0.8800059747685568,0.3990118539650132,-0.11792457747723581,0.9001344816984467,-0.8901262532291394,-0.30471618714695636,0.060201843379729544,0.12726183866242902,-0.5299882453420608,-0.004516665293853428,0.35027256137421425,0.64152187134235,-1.1146490052647666,0.3479286800606708,0.6100480276373033
2021-02-10 02:00:00,-0.006081394536789957,-0.7958655264978075,-0.19564718915227702,0.9966257632964307,1.027811914546906,0.829407532155205,0.35274615138071247,-0.14901014148279654,0.9272171424172598,-0.8867638767292104,-0.3107832074714939,0.03462835519528732,0.11841804057806658,-0.5359425687389922,-0.044226036181621214,0.30003034989789745,0.670417462954047,-1.1143294214560744,0.33646965785138183,0.6533700881044104
2021-02-10 03:00:00,0.02361766126653396,-0.8071658401968345,-0.18519968558353458,0.9766937308354052,0.9996377170469248,0.8288077217011499,0.377675271538418,-0.12597211725023585,0.9560135896547524,-0.8760834332402033,-0.28630183948324406,-0.01934274997622165,0.047661707103031414,-0.5249602637987287,-0.042796244542857395,0.2774159644671746,0.638981799646205,-1.0703736569899878,0.3566785798815495,0.6621410547573598
2021-02-10 04:00:00,-0.013803118749538025,-0.7728402590603647,-0.1803830057778296,0.9864742257133805,0.9769190415634444,0.8208253192695981,0.4283761017199202,-0.14730510028115884,0.9671793194509831,-0.9008129296376263,-0.39057893154854284,0.012639205541524146,0.06398862804900751,-0.5410089440999227,-0.013841956267070101,0.3061976528076955,0.6162273785985981,-1.0785026848940373,0.3737819252232193,0.6762489958726213
2021-02-10 05:00:00,-0.04918766597004178,-0.7280950947009751,-0.1755960123142499,0.972856854336079,0.9978616388749889,0.7866169538312271,0.3965299836474127,-0.1469351053356445,0.9838614187988782,-0.887266238000925,-0.38968514053591824,0.004709462656722219,0.014384435240247885,-0.5704997957275165,0.011521349461448964,0.34980048600321484,0.6413452036389667,-1.070751486443776,0.42909601478961545,0.6474810820860859
2021-02-10 06:00:00,-0.07596612720460305,-0.7011118612125573,-0.18698226088031228,0.9806286850110435,1.0122513386540988,0.8312235800993689,0.39808285049403924,-0.12547796137465284,0.9342680966713403,-0.9230621131864791,-0.37264956226337986,0.018458184397932575,-0.002700677710828091,-0.5823619418669538,0.021467110206214862,0.3739968484404022,0.6780067354496068,-1.090156025820492,0.3637682845419796,0.6396918096374724
2021-02-10 07:00:00,-0.03675154614103249,-0.6988858354834688,-0.15257564124111764,0.9798308284001547,0.9397651620702059,0.7898949842588958,0.49743495539642707,-0.06158879418337687,0.9145336269006381,-0.8801850276940283,-0.30920386033058445,-0.021231305998515426,-0.023823683982617038,-0.5761419543956167,-0.03649510792135299,0.3971392324738644,0.6876145431291941,-1.0694583367737833,0.33137211626965796,0.6705859027893311
2021-02-10 08:00:00,0.042355500335165476,-0.7371901791331925,-0.17335003424332673,1.0324927307516387,0.91338501420789,0.8125650371018356,0.516256916623257,-0.030645806235564822,0.9291489063742026,-0.8692473032162056,-0.36176941726716694,-0.034676201071040365,-0.05678078822730968,-0.5732779098683091,-0.02941036935153433,0.36961502613214836,0.6516844879920579,-1.0439825293176432,0.311671643499522,0.666452157638009
2021-02-10 09:00:00,0.02039746737550569,-0.7402758912468653,-0.13703888653075486,0.9941617923208254,0.8752379157836138,0.7993458551462921,0.5230821692097588,0.0024878316789816203,0.9150030966646494,-0.8393929888795977,-0.37494496640321934,-0.023223839098719078,-0.04279103827926911,-0.5533923898561397,-0.03698779477591141,0.3599879615246133,0.7010519507477673,-0.9991711800651415,0.2708900797512149,0.699721829448783
2021-02-10 10:00:00,0.0038800791038455795,-0.766156676452697,-0.11194967777556573,1.0216288838335839,0.9136029982973246,0.7800908389509916,0.5749725963677117,0.0028746045824871343,0.8797959305955217,-0.8250138772739815,-0.386436802168259,-0.001737274750900436,-0.030595743758893873,-0.563474718259632,-0.006516475314629802,0.35256071181039145,0.6622353132063507,-0.9916248280033495,0.32325545970987235,0.7132364943137164
2021-02-10 11:00:00,-0.03193868656346358,-0.8198627662824004,-0.1628372920519923,1.0465971333844426,0.9018033544433702,0.7894505861992861,0.6212766403242578,0.024971996602915256,0.8365879984832888,-0.8000296062595061,-0.3898964419939719,-0.016214862991975207,-0.0012791841865620254,-0.5675600037228875,0.027673461519167254,0.34826361670008826,0.6070529247219404,-0.9409511041565185,0.3307085133852977,0.7100034075643393
2021-02-10 12:00:00,-0.012833469091916787,-0.8267961974587655,-0.12514450096059426,1.0149087708730715,0.9034572123116003,0.7992146792024056,0.6220397917746733,-0.030551491893383076,0.8888947892312543,-0.7601342813225034,-0.438605302318251,-0.026726328282029664,-0.005446647226542405,-0.5754635156144102,0.03785740677832213,0.35563344571956806,0.6209903888853523,-0.9425304257881562,0.2680874534136779,0.687044413313387
2021-02-10 13:00:00,-0.06164726917441675,-0.8591424437494175,-0.13771748777375772,1.0305988214143498,0.9014135576990953,0.8019376960080782,0.5912869834540543,-0.06557828738121622,0.8804841505811375,-0.7538055692079408,-0.5221354454580763,0.05143819878140552,-0.07702757598137767,-0.6055569041229544,0.044266841202533644,0.3253189158061417,0.630585611046211,-0.9113208427434579,0.19827754482836374,0.6638796573082302
2021-02-10 14:00:00,-0.039826710027157174,-0.8731921655871432,-0.05812079753677807,1.0779280831785782,0.8634251001595543,0.7318087029765046,0.5783583768735823,-0.06074265307167454,0.8829657189991326,-0.69811907608429,-0.5193534013735502,0.01983997731316718,-0.08944426654037933,-0.5805471338470369,0.061525654002397845,0.36557666832413366,0.6476311778355718,-0.9167160768471778,0.1840248907404073,0.6629883029302317
2021-02-10 15:00:00,-0.07153755342099556,-0.8344169920459537,-0.07137743264282069,1.113198100941699,0.8562525458296808,0.7361904286058674,0.5883091351794496,-0.11027268714011638,0.9096643440357131,-0.7254391044681038,-0.4912206527111877,0.03273627648619046,-0.06272083257428789,-0.552034355616446,0.07943711571535689,0.37542542363875026,0.6255440725723479,-0.8918534270960745,0.1598039916936255,0.7410678319200862
2021-02-10 16:00:00,-0.01654811753529091,-0.8568312151541186,-0.09108250747063305,1.1199812653222414,0.9394592877181768,0.7188265089805589,0.620719574759949,-0.08561276143008352,0.8478584553934363,-0.7376387674466676,-0.470948256719886,0.0317063255745878,-0.013103691416848327,-0.5638495671565112,0.11877237014303696,0.35388514262081266,0.6312310188612604,-0.8865285995759351,0.12338390159076132,0.7038608907484316
2021-02-10 17:00:00,-0.051486439223729336,-0.9090917965866668,-0.037466063479888255,1.0756059083982716,0.9431270856829282,0.7253059990126105,0.6711324196665805,-0.0851407291315349,0.8459267110928734,-0.7460484471809475,-0.5059724350635894,0.018713741017528755,-0.006052505084465429,-0.5708700353328683,0.15012543092786565,0.31001772472999095,0.6147835280886114,-0.9142539212412056,0.139148040684248,0.681943300051013
2021-02-10 18:00:00,-0.05540925757506124,-0.9025804161402882,-0.03816248427274256,1.07739120378759,0.8961082383965081,0.7865271224590611,0.6532306029058256,-0.05895155517830504,0.8580559634922582,-0.8163986256364961,-0.440028711741106,-0.04938574858824324,0.00940138683410563,-0.5644949300186384,0.16813278966213122,0.2906990176288831,0.5892320777218407,-0.9269726391396557,0.14106016673053565,0.7588142303436428
2021-02-10 19:00:00,-0.026039794852778558,-0.8994672407510028,-0.03697301768014536,1.1339351145377081,0.8708303592305894,0.8370068458315815,0.6156874405121417,-0.046351161149649635,0.8612639633254412,-0.8142610835265067,-0.42361332862469125,-0.04382742568110039,-0.03401694696714223,-0.5736112259346062,0.16479864238988087,0.22169770334536978,0.5816499317567244,-0.9028501904826862,0.13597302344582896,0.7797859632992672
2021-02-10 20:00:00,-0.05060648768323848,-0.8894545156280067,-0.04205127785456926,1.1049927599274185,0.8070109910233234,0.8604237601671241,0.6293453541394871,-0.04772051182764761,0.873488206130328,-0.7706891385711376,-0.41889205815662733,-0.008250356713138313,0.041346143893025995,-0.5961610222673698,0.1836108167451552,0.20599804055828747,0.5907416698951807,-0.9241921113624288,0.10461073209828785,0.7548728930511163
2021-02-10 21:00:00,-0.11414855018834104,-0.9026512492651821,-0.0001649426764002912,1.1034754127197048,0.7695986924419626,0.8735192007316481,0.5645250492524754,-0.11636306443963348,0.8542362936578319,-0.8309061249762311,-0.4504783540295332,-0.030490374981350894,0.025649277656375834,-0.607929764990018,0.1632255554667058,0.20084516930766366,0.6066673967690878,-0.8325975727315245,0.09600259612406337,0.7197428474263796
2021-02-10 22:00:00,-0.09361403372849855,-0.881801567113634,0.009472689148070616,1.1453591464277169,0.7534702460296105,0.8870141553710186,0.6040142713351819,-0.08972683824975483,0.8716787722888732,-0.8859605443958379,-0.47557783316099284,-0.05155236797929848,-0.010785292705623593,-0.6547886003445612,0.1688651503127272,0.20085043847397743,0.641646622584562,-0.8846202354293703,0.12293535519659887,0.6945594786757516
2021-02-10 23:00:00,-0.073961429123503,-0.916791298062349,-0.04366985280581835,1.1594564018222027,0.7865607311686852,0.8158779213093986,0.6148191541637326,-0.07781555179680023,0.8267999499765056,-0.8446847402706773,-0.47218998114886757,-0.07607562751793939,-0.060770978021319276,-0.6121840613784291,0.18384582207643937,0.22720445488657745,0.6322999860153132,-0.8107889674541814,0.1595687656334217,0.6922234789778616
2021-02-11 00:00:00,-0.08287074495562072,-0.9033555623658487,-0.11737826849524755,1.1759148845679241,0.7298651401138669,0.8657843689365283,0.5900291216704868,-0.0760675099657967,0.8435586438186505,-0.8741685893637194,-0.4965873881589928,-0.09626633680561665,-0.06720333304273436,-0.5860290519262117,0.18837385636889067,0.2057542700502879,0.5585207962845221,-0.8453346237834609,0.0886518588835977,0.685932662120618
2021-02-11 01:00:00,-0.07082244876303143,-0.8988065135082208,-0.17650518358141348,1.2082223822052116,0.751482125719551,0.872331248493546,0.5831152017418305,-0.04347459298859098,0.8171231927885736,-0.8610743797746002,-0.5549273211577679,-0.08665324630634617,-0.04542802393732129,-0.5798241700033454,0.20227440273700759,0.14985715134856528,0.523560359037736,-0.9117872264929617,0.09708922357920391,0.642642210882871
2021-02-11 02:00:00,-0.019370862813354345,-0.8474629377660063,-0.16468638782244233,1.1866831357781458,0.728317506580361,0.8382942945634221,0.5996964717374605,-0.07562744866915246,0.9029197315183125,-0.8757249991191906,-0.503816740085625,-0.10372114809848061,-0.10140443479875794,-0.5253316225914376,0.16770174579332464,0.12708439220633566,0.5110381293755959,-0.9058719698178164,0.11502434934028649,0.5942629663272812
2021-02-11 03:00:00,-0.003698450979092072,-0.7814897277310872,-0.15335176988753516,1.2209867052493784,0.6798782718437557,0.8293499567920983,0.5854794040006788,-0.059870907949743944,0.9174813592748849,-0.8407691480313663,-0.4717551408534193,-0.11824638785696659,-0.12490613817736698,-0.5193236174505874,0.21879325314107087,0.10147585568120597,0.5008996060423075,-0.9175586235730043,0.11208741757152439,0.5650119261602826
2021-02-11 04:00:00,-0.011688773889223654,-0.7587579405304461,-0.1393071363475946,1.1856329400902095,0.6558109479275639,0.8337553012680955,0.546271750073689,-0.07788148828790567,0.8907755949168049,-0.8665927013949473,-0.4739848142151537,-0.20278996336592292,-0.1379323095739725,-0.530205323752652,0.2005382231599355,0.0977921994301189,0.4393441950890566,-0.9161392779004555,0.10202728694697977,0.5639882621015664
2021-02-11 05:00:00,-0.00234524235697298,-0.739575019030021,-0.08270870775022804,1.1653886217426483,0.6213289069855531,0.7755363377268436,0.5022503702508455,-0.1062938128930723,0.901104243945597,-0.9056077187539677,-0.4906933877547362,-0.18600047946829262,-0.10523866693618755,-0.5657620106399452,0.2684901307636696,0.07158929137264923,0.38756900569970676,-0.9045949593665801,0.10576918385112646,0.5021971592300193
2021-02-11 06:00:00,-0.022174932482503233,-0.7753874541599596,-0.09448691475626925,1.1247646746225342,0.6180475750165518,0.7859947512913671,0.4847426194150486,-0.13355343222767588,0.8836365068861466,-0.8807902921572699,-0.44482880445705164,-0.22420770408023205,-0.1306731843334167,-0.5746700706254949,0.20956024697468015,0.06738742030334485,0.3794659559146087,-0.9192332991326071,0.10500985227522162,0.46901442284838724
2021-02-11 07:00:00,-0.02160615074178472,-0.6812255374429064,-0.11196088222003911,1.1070933286298628,0.6173430233323264,0.7837492488684678,0.4448207285507914,-0.1282838528134962,0.8469615566027923,-0.8777583167761503,-0.4917940362616759,-0.20814104584403106,-0.13507988497087364,-0.5396269420033991,0.25467148308845383,0.06293981388952045,0.44093707689191847,-0.8759730798371288,0.10868526067286213,0.4761784598234708
2021-02-11 08:00:00,-0.060750958493704835,-0.7073616055951384,-0.15825157493195874,1.084834015082222,0.608016541083513,0.714038891415089,0.47719774335143345,-0.08996948606721927,0.8874022672125119,-0.8608207425548056,-0.4727190636810747,-0.20649373912793142,-0.16374685214933798,-0.506590805059735,0.24900530151595376,0.06886571821644172,0.4164909988283919,-0.8672669128274462,0.14387249945862127,0.4566001670071102
2021-02-11 09:00:00,-0.020514033743357946,-0.7035572250860365,-0.12377701179091136,1.080573001925947,0.6181939303285734,0.6825131023070292,0.5115759588021064,-0.05605222689018867,0.8796299924527232,-0.8327925205274511,-0.4973777108713966,-0.2027099164479809,-0.1815381010393031,-0.5582542389656411,0.2672206173011827,0.12081634803022409,0.42732958275130506,-0.8584938587860678,0.21625323304695188,0.44153016515330507
2021-02-11 10:00:00,-0.021786311032155278,-0.7223490555383352,-0.14981429675774977,1.0724609932699611,0.6140588667090372,0.6964561024667011,0.5358642241126845,-0.00025109746220473156,0.8883006371210975,-0.8674912977972877,-0.4837791141697359,-0.23837856582921252,-0.1696002474372954,-0.5539059318331148,0.25306134756507576,0.12125120544726722,0.4071374113763289,-0.9046940757506616,0.24033589085436716,0.4439560452447527
2021-02-11 11:00:00,-0.045880121849160044,-0.7107659528885967,-0.09768698911524457,1.0360028220921091,0.6746457387724302,0.7269330683491358,0.5296450691533005,0.03126897365472673,0.8904643110444206,-0.8615741747974189,-0.4904388925780161,-0.23918885310546129,-0.1297719354915064,-0.5220845863358319,0.30707956323973246,0.14589272613740006,0.43788430961461466,-0.8420477460947248,0.19071390225104368,0.3575737752787886
2021-02-11 12:00:00,-0.042093484064280304,-0.7495220995641698,-0.10618650724740533,1.0424804314703513,0.6367151789806582,0.6686048305741398,0.48721099307306476,0.003060281195048139,0.9090135049288864,-0.8476659795228224,-0.5487537671856008,-0.2193064223586226,-0.1582698019041631,-0.566806320182284,0.3056817294519784,0.20007449886293543,0.4021148371256954,-0.8706753736955358,0.14819160227758205,0.4003144887473224
2021-02-11 13:00:00,-0.039539452069259344,-0.816215321877859,-0.10310122010741954,1.0233249384266556,0.670355433588514,0.6653937647915042,0.4302418368676938,0.03843537888750649,0.8448198420857389,-0.8856866923616807,-0.529422199398164,-0.16663269175093265,-0.13218846060415973,-0.5632053118164594,0.27526707601262357,0.1677893472013205,0.3993489664725673,-0.8374032901974465,0.11443001450868942,0.36330287947648715
2021-02-11 14:00:00,0.04579646311649601,-0.8031123405505958,-0.1052051550654425,1.049967303329832,0.643303459610613,0.6644586242866825,0.46507450971787395,0.06950936160461696,0.9300860774968197,-0.8897457144250064,-0.5344246686317945,-0.14793654983810453,-0.14152379594902917,-0.5629665766122568,0.2891320220783394,0.15016381459258976,0.39910099723237813,-0.806114218516995,0.0963590464071844,0.32637283045613674
2021-02-11 15:00:00,-0.002015503751875085,-0.8043706824015089,-0.1005740898171188,1.0691363848467645,0.6391759348808058,0.6511384047692983,0.48745590267856087,0.09344290573242336,0.9043280630099164,-0.8900006082385554,-0.555216874241106,-0.2101770509797487,-0.17787428618129078,-0.4933511508244175,0.2981634294696794,0.22157801031935281,0.3772573052250395,-0.785403156793635,0.08257350158845132,0.28825417102664563
